compound_id,hERG_blocker_probability,predicted_pIC50,AD_similarity_score,high_confidence
CMPD_00004,0.77,5.65,0.6730769230769231,True
CMPD_00006,0.5062,5.06,0.4347826086956521,True
CMPD_00016,0.62,4.94,0.4680851063829787,True
CMPD_00025,0.94,5.52,0.8243243243243243,True
CMPD_00030,0.4082,4.82,0.3636363636363636,False
CMPD_00033,0.3367,4.81,0.2631578947368421,False
CMPD_00034,0.3117,4.81,0.2658227848101265,False
CMPD_00038,0.4342,4.88,0.2708333333333333,False
CMPD_00042,0.5944,5.2,0.325,False
CMPD_00043,0.385,4.05,0.3181818181818182,False
CMPD_00044,0.52,4.8,0.3152173913043478,False
CMPD_00045,0.4567,4.74,0.3448275862068966,False
CMPD_00046,0.3367,4.57,0.7090909090909091,True
CMPD_00055,0.9467,6.65,0.65,True
CMPD_00059,0.8156,5.65,0.7183098591549296,True
CMPD_00062,0.5667,5.5,0.2641509433962264,False
CMPD_00065,0.68,5.94,0.6949152542372882,True
CMPD_00070,0.45,4.82,0.4615384615384615,True
CMPD_00072,0.7933,6.43,0.6779661016949152,True
CMPD_00077,0.3439,4.85,0.684931506849315,True
CMPD_00083,0.79,5.45,0.6376811594202898,True
CMPD_00094,0.5889,5.03,0.6891891891891891,True
CMPD_00107,0.79,5.08,0.8115942028985508,True
CMPD_00108,0.77,5.39,0.7571428571428571,True
CMPD_00129,0.4433,4.93,0.6666666666666666,True
CMPD_00137,0.2833,4.89,0.5185185185185185,True
CMPD_00141,0.5781,5.13,0.3809523809523809,False
CMPD_00152,0.5887,5.17,0.4457831325301205,True
CMPD_00153,0.27,4.75,0.5257731958762887,True
CMPD_00156,0.25,4.41,0.8316831683168316,True
CMPD_00165,0.2767,4.92,0.725,True
CMPD_00169,0.2333,4.87,0.759493670886076,True
CMPD_00171,0.47,4.72,0.5909090909090909,True
CMPD_00174,0.2333,4.87,0.759493670886076,True
CMPD_00184,0.4222,5.07,0.6626506024096386,True
CMPD_00189,0.9717,5.56,0.7936507936507936,True
CMPD_00190,0.9633,5.35,0.8333333333333334,True
CMPD_00192,0.8833,5.39,0.7638888888888888,True
CMPD_00193,0.9667,5.38,0.8088235294117647,True
CMPD_00195,0.9667,5.01,0.8727272727272727,True
CMPD_00200,0.5167,5.39,0.6710526315789473,True
CMPD_00201,0.5367,5.34,0.7714285714285715,True
CMPD_00207,0.795,5.16,0.7352941176470589,True
CMPD_00208,0.82,5.3,0.8382352941176471,True
CMPD_00217,0.7867,5.14,0.8382352941176471,True
CMPD_00219,0.8122,5.31,0.5,True
CMPD_00227,0.5117,4.86,0.3176470588235294,False
CMPD_00232,0.7692,5.03,0.8253968253968254,True
CMPD_00234,0.7733,5.18,0.8387096774193549,True
CMPD_00244,0.2189,4.77,0.8513513513513513,True
CMPD_00245,0.7894,5.91,0.9558823529411764,True
CMPD_00250,0.2967,5.01,0.59375,True
CMPD_00254,0.6356,4.97,0.6973684210526315,True
CMPD_00255,0.5056,4.85,0.6049382716049383,True
CMPD_00257,0.2767,4.81,0.6933333333333334,True
CMPD_00259,0.2939,4.73,0.6986301369863014,True
CMPD_00261,0.1433,5.15,0.927536231884058,True
CMPD_00270,0.8433,5.26,0.9245283018867924,True
CMPD_00271,0.6717,5.17,0.7,True
CMPD_00272,0.635,5.23,0.5,True
CMPD_00280,0.29,4.75,0.7058823529411765,True
CMPD_00287,0.58,5.5,0.5531914893617021,True
CMPD_00292,0.7733,5.19,0.6455696202531646,True
CMPD_00296,0.445,4.98,0.5357142857142857,True
CMPD_00297,0.445,4.98,0.5357142857142857,True
CMPD_00307,0.1033,4.55,0.8225806451612904,True
CMPD_00316,0.482,4.98,0.2533333333333333,False
CMPD_00320,0.19,4.96,0.8333333333333334,True
CMPD_00322,0.86,5.32,0.8412698412698413,True
CMPD_00324,0.8833,5.93,0.7631578947368421,True
CMPD_00339,0.7433,5.28,0.7397260273972602,True
CMPD_00344,0.5133,5.44,0.6842105263157895,True
CMPD_00353,0.7767,5.67,0.6582278481012658,True
CMPD_00355,0.4067,4.94,0.5384615384615384,True
CMPD_00356,0.3356,4.57,0.5657894736842105,True
CMPD_00357,0.3089,4.57,0.7741935483870968,True
CMPD_00362,0.7833,5.36,0.7176470588235294,True
CMPD_00363,0.7942,5.33,0.7261904761904762,True
CMPD_00364,0.7342,5.36,0.7530864197530864,True
CMPD_00369,0.6267,5.26,0.3522727272727273,False
CMPD_00375,0.3892,4.88,0.3333333333333333,False
CMPD_00377,0.0611,4.77,0.9344262295081968,True
CMPD_00378,0.05,4.73,0.9333333333333332,True
CMPD_00379,0.1733,4.84,0.7878787878787878,True
CMPD_00381,0.1833,4.8,0.8125,True
CMPD_00382,0.2033,4.6,0.7222222222222222,True
CMPD_00383,0.2633,4.7,0.7323943661971831,True
CMPD_00392,0.3467,4.87,0.7384615384615385,True
CMPD_00400,0.9167,6.04,0.9508196721311476,True
CMPD_00401,0.3467,4.83,0.4848484848484848,True
CMPD_00402,0.3433,4.75,0.5666666666666667,True
CMPD_00475,0.4703,5.09,0.2608695652173913,False
CMPD_00476,0.4703,5.06,0.2783505154639175,False
CMPD_00479,0.93,5.9,0.7397260273972602,True
CMPD_00495,0.3333,4.97,0.6951219512195121,True
CMPD_00503,0.7367,5.04,0.7457627118644068,True
CMPD_00504,0.7428,4.94,0.7457627118644068,True
CMPD_00505,0.7867,5.03,0.7333333333333333,True
CMPD_00512,0.75,5.06,0.620253164556962,True
CMPD_00517,0.3367,5.27,0.8571428571428571,True
CMPD_00522,0.82,5.1,0.6346153846153846,True
CMPD_00523,0.65,5.29,0.6451612903225806,True
CMPD_00529,0.8333,5.13,0.6896551724137931,True
CMPD_00530,0.8633,5.77,0.6,True
CMPD_00531,0.7756,5.12,0.6111111111111112,True
CMPD_00532,0.2067,4.95,0.6857142857142857,True
CMPD_00537,0.8433,6.03,0.5245901639344263,True
CMPD_00539,0.8067,6.06,0.5384615384615384,True
CMPD_00540,0.8533,6.16,0.6346153846153846,True
CMPD_00541,0.8433,6.22,0.4915254237288136,True
CMPD_00542,0.8833,5.78,0.5344827586206896,True
CMPD_00543,0.8467,6.03,0.5645161290322581,True
CMPD_00544,0.8167,5.97,0.5396825396825397,True
CMPD_00545,0.8167,5.97,0.5396825396825397,True
CMPD_00547,0.51,5.1,0.6153846153846154,True
CMPD_00555,0.7833,5.98,0.8103448275862069,True
CMPD_00559,0.8333,5.16,0.8833333333333333,True
CMPD_00567,0.688,5.37,0.3111111111111111,False
CMPD_00582,0.8033,4.99,0.6607142857142857,True
CMPD_00585,0.7933,5.28,0.8823529411764706,True
CMPD_00586,0.5233,4.98,0.603448275862069,True
CMPD_00587,0.5333,5.11,0.8367346938775511,True
CMPD_00588,0.5167,4.82,0.625,True
CMPD_00589,0.7533,5.28,0.8867924528301887,True
CMPD_00590,0.5333,5.16,0.803921568627451,True
CMPD_00601,0.6733,5.78,0.7790697674418605,True
CMPD_00607,0.04,4.52,0.6271186440677966,True
CMPD_00608,0.2833,4.86,0.8484848484848485,True
CMPD_00611,0.3197,4.81,0.6222222222222222,True
CMPD_00612,0.6844,4.93,0.6153846153846154,True
CMPD_00616,0.1633,4.5,0.625,True
CMPD_00619,0.78,5.61,0.6,True
CMPD_00637,0.5933,5.05,0.578125,True
CMPD_00639,0.46,4.79,0.4868421052631579,True
CMPD_00640,0.5547,4.87,0.6060606060606061,True
CMPD_00644,0.5417,5.2,0.7457627118644068,True
CMPD_00646,0.3267,5.25,0.3098591549295774,False
CMPD_00660,0.385,4.85,0.324074074074074,False
CMPD_00661,0.4017,4.84,0.3333333333333333,False
CMPD_00663,0.3333,4.78,0.8695652173913043,True
CMPD_00668,0.4633,5.06,0.7887323943661971,True
CMPD_00674,0.7467,5.59,0.6,True
CMPD_00680,0.7772,5.16,0.640625,True
CMPD_00704,0.8033,5.49,0.6964285714285714,True
CMPD_00705,0.93,6.05,0.6862745098039216,True
CMPD_00717,0.6233,5.1,0.578125,True
CMPD_00720,0.4933,4.89,0.684931506849315,True
CMPD_00722,0.79,5.17,0.7846153846153846,True
CMPD_00753,0.43,5.0,0.3943661971830985,False
CMPD_00754,0.1758,5.03,0.8045977011494253,True
CMPD_00771,0.45,5.02,0.5357142857142857,True
CMPD_00772,0.5367,4.88,0.3614457831325301,False
CMPD_00778,0.4033,5.26,0.3188405797101449,False
CMPD_00780,0.5133,5.18,0.5189873417721519,True
CMPD_00786,0.481,5.08,0.2666666666666666,False
CMPD_00787,0.78,5.05,0.7777777777777778,True
CMPD_00794,0.52,4.93,0.5652173913043478,True
CMPD_00795,0.5967,4.91,0.5522388059701493,True
CMPD_00798,0.8433,5.84,0.7936507936507936,True
CMPD_00799,0.4767,5.2,0.7246376811594203,True
CMPD_00801,0.7633,5.36,0.696969696969697,True
CMPD_00805,0.3367,4.81,0.7638888888888888,True
CMPD_00811,0.2733,4.69,0.8448275862068966,True
CMPD_00821,0.3233,4.58,0.25,False
CMPD_00825,0.1633,4.75,0.782608695652174,True
CMPD_00826,0.3617,4.83,0.216867469879518,False
CMPD_00830,0.4987,4.75,0.4285714285714285,True
CMPD_00832,0.9233,8.33,0.6140350877192983,True
CMPD_00833,0.7833,5.66,0.7349397590361446,True
CMPD_00839,0.8,5.43,0.7682926829268293,True
CMPD_00845,0.62,5.2,0.4137931034482758,True
CMPD_00846,0.6478,4.85,0.4507042253521127,True
CMPD_00847,0.5411,5.01,0.5,True
CMPD_00848,0.6267,5.19,0.4745762711864407,True
CMPD_00855,0.2567,4.73,0.6307692307692307,True
CMPD_00856,0.4692,4.98,0.2837837837837837,False
CMPD_00857,0.5296,4.99,0.2911392405063291,False
CMPD_00876,0.6067,5.01,0.6470588235294118,True
CMPD_00877,0.6828,5.17,0.5714285714285714,True
CMPD_00878,0.6,5.12,0.7058823529411765,True
CMPD_00880,0.5839,5.18,0.5833333333333334,True
CMPD_00881,0.5367,5.11,0.625,True
CMPD_00882,0.5567,4.93,0.603448275862069,True
CMPD_00883,0.66,5.07,0.5932203389830508,True
CMPD_00884,0.7467,5.33,0.6851851851851852,True
CMPD_00885,0.6167,5.03,0.7346938775510204,True
CMPD_00888,0.8983,6.05,0.8032786885245902,True
CMPD_00894,0.3467,4.96,0.640625,True
CMPD_00895,0.8233,5.7,0.6666666666666666,True
CMPD_00902,0.5462,5.0,0.4385964912280701,True
CMPD_00913,0.6583,5.06,0.275,False
CMPD_00917,0.5733,5.96,0.7931034482758621,True
CMPD_00922,0.69,5.3,0.3536585365853658,False
CMPD_00923,0.66,5.3,0.3333333333333333,False
CMPD_00928,0.4,4.35,0.2834645669291338,False
CMPD_00937,0.9167,5.52,0.7397260273972602,True
CMPD_00942,0.4417,4.81,0.7741935483870968,True
CMPD_00944,0.67,5.22,0.7741935483870968,True
CMPD_00953,0.8433,5.72,0.7638888888888888,True
CMPD_00954,0.8167,5.88,0.4725274725274725,True
CMPD_00955,0.8833,5.71,0.6756756756756757,True
CMPD_00966,0.8367,5.54,0.7704918032786885,True
CMPD_00969,0.5678,4.91,0.6666666666666666,True
CMPD_00993,0.71,5.43,0.6521739130434783,True
CMPD_00994,0.69,5.42,0.5466666666666666,True
CMPD_00997,0.565,5.09,0.5333333333333333,True
CMPD_00998,0.5367,4.97,0.5294117647058824,True
CMPD_01005,0.3735,4.67,0.7377049180327869,True
CMPD_01006,0.36,4.79,0.746031746031746,True
CMPD_01007,0.2069,4.6,0.75,True
CMPD_01013,0.2267,4.73,0.6415094339622641,True
CMPD_01021,0.3,4.79,0.5581395348837209,True
CMPD_01023,0.1933,4.58,0.6,True
CMPD_01030,0.4633,5.11,0.7230769230769231,True
CMPD_01033,0.4933,4.76,0.7674418604651163,True
CMPD_01047,0.7958,6.58,0.7741935483870968,True
CMPD_01048,0.4433,4.91,0.711864406779661,True
CMPD_01053,0.5243,4.77,0.3294117647058823,False
CMPD_01057,0.0067,4.12,0.9782608695652174,True
CMPD_01077,0.3656,4.86,0.9342105263157896,True
CMPD_01079,0.32,4.77,0.4431818181818182,True
CMPD_01080,0.4256,4.85,0.25,False
CMPD_01082,0.4131,4.59,0.3131313131313131,False
CMPD_01085,0.4131,4.59,0.3131313131313131,False
CMPD_01087,0.5078,4.76,0.4375,True
CMPD_01126,0.4156,4.88,0.7183098591549296,True
CMPD_01127,0.28,4.82,0.9032258064516128,True
CMPD_01136,0.8367,4.99,0.7575757575757576,True
CMPD_01157,0.875,5.07,0.8125,True
CMPD_01164,0.61,4.93,0.7361111111111112,True
CMPD_01165,0.6967,5.02,0.7571428571428571,True
CMPD_01169,0.2867,5.28,0.6666666666666666,True
CMPD_01170,0.28,4.71,0.7532467532467533,True
CMPD_01175,0.05,4.47,0.7068965517241379,True
CMPD_01176,0.05,4.48,0.7454545454545455,True
CMPD_01177,0.12,4.57,0.5967741935483871,True
CMPD_01191,0.6578,5.22,0.6923076923076923,True
CMPD_01198,0.7361,5.34,0.6,True
CMPD_01199,0.635,5.16,0.5789473684210527,True
CMPD_01200,0.6647,5.31,0.4767441860465116,True
CMPD_01201,0.57,5.12,0.4691358024691358,True
CMPD_01202,0.6367,5.26,0.4625,True
CMPD_01203,0.75,5.35,0.7631578947368421,True
CMPD_01204,0.6667,4.84,0.75,True
CMPD_01205,0.7533,5.33,0.7464788732394366,True
CMPD_01209,0.2583,4.64,0.4831460674157303,True
CMPD_01217,0.9417,6.98,0.7571428571428571,True
CMPD_01220,0.2167,4.56,0.8051948051948052,True
CMPD_01227,0.41,4.82,0.6307692307692307,True
CMPD_01228,0.5489,5.07,0.6129032258064516,True
CMPD_01235,0.6417,5.42,0.6329113924050633,True
CMPD_01236,0.59,5.26,0.6666666666666666,True
CMPD_01237,0.355,4.79,0.6582278481012658,True
CMPD_01238,0.8933,6.49,0.7936507936507936,True
CMPD_01239,0.5733,5.67,0.7464788732394366,True
CMPD_01240,0.8833,6.38,0.7681159420289855,True
CMPD_01241,0.7833,5.88,0.7681159420289855,True
CMPD_01245,0.405,4.89,0.2987012987012987,False
CMPD_01254,0.5967,5.48,0.5684210526315789,True
CMPD_01255,0.5878,5.46,0.5638297872340425,True
CMPD_01256,0.5922,5.47,0.574468085106383,True
CMPD_01257,0.5967,5.42,0.5510204081632653,True
CMPD_01258,0.5967,5.48,0.5684210526315789,True
CMPD_01259,0.5878,5.46,0.5638297872340425,True
CMPD_01260,0.5922,5.47,0.574468085106383,True
CMPD_01261,0.5867,5.27,0.6162790697674418,True
CMPD_01262,0.5967,5.42,0.5510204081632653,True
CMPD_01265,0.8167,5.66,0.5057471264367817,True
CMPD_01266,0.7853,6.03,0.5,True
CMPD_01267,0.74,5.66,0.5168539325842697,True
CMPD_01268,0.77,5.78,0.5483870967741935,True
CMPD_01270,0.5967,5.1,0.6491228070175439,True
CMPD_01276,0.6417,5.24,0.6612903225806451,True
CMPD_01282,0.7144,5.44,0.2777777777777778,False
CMPD_01284,0.9,5.77,1.0,True
CMPD_01290,0.6758,5.09,0.640625,True
CMPD_01293,0.6333,4.98,0.9111111111111112,True
CMPD_01294,0.6467,5.11,0.9555555555555556,True
CMPD_01316,0.5933,6.42,0.7792207792207793,True
CMPD_01317,0.6067,6.32,0.7733333333333333,True
CMPD_01318,0.53,5.33,0.6375,True
CMPD_01319,0.5933,6.42,0.7792207792207793,True
CMPD_01320,0.6067,6.32,0.7733333333333333,True
CMPD_01327,0.8567,5.19,0.696969696969697,True
CMPD_01332,0.8967,6.06,0.7636363636363637,True
CMPD_01334,0.4267,5.36,0.7142857142857143,True
CMPD_01344,0.95,5.45,0.8888888888888888,True
CMPD_01354,0.4006,5.2,0.7671232876712328,True
CMPD_01355,0.4789,5.23,0.7777777777777778,True
CMPD_01358,0.5,5.14,0.4534883720930232,True
CMPD_01359,0.2467,4.96,0.8275862068965517,True
CMPD_01366,0.89,5.66,0.6984126984126984,True
CMPD_01369,0.6867,5.13,0.7419354838709677,True
CMPD_01375,0.1533,4.54,0.6764705882352942,True
CMPD_01379,0.7489,5.63,0.5535714285714286,True
CMPD_01381,0.7422,5.55,0.3424657534246575,False
CMPD_01382,0.8156,5.49,0.532258064516129,True
CMPD_01390,0.7333,5.24,0.6268656716417911,True
CMPD_01392,0.7967,5.51,0.3947368421052631,False
CMPD_01398,0.8778,6.28,0.6428571428571429,True
CMPD_01405,0.7644,6.04,0.4285714285714285,True
CMPD_01411,0.1075,4.86,0.6739130434782609,True
CMPD_01424,0.5894,4.93,0.4130434782608695,True
CMPD_01428,0.7067,5.46,0.4745762711864407,True
CMPD_01429,0.89,6.43,0.703125,True
CMPD_01433,0.1233,4.86,0.8,True
CMPD_01444,0.4567,5.22,0.6296296296296297,True
CMPD_01466,0.9633,5.8,0.6415094339622641,True
CMPD_01467,0.2292,4.6,0.660377358490566,True
CMPD_01470,0.94,8.31,0.8269230769230769,True
CMPD_01472,0.9767,5.62,0.7142857142857143,True
CMPD_01474,0.5233,4.89,0.5,True
CMPD_01478,0.58,4.89,0.7424242424242424,True
CMPD_01490,0.7167,5.29,0.8452380952380952,True
CMPD_01491,0.4344,5.27,0.8275862068965517,True
CMPD_01496,0.6891,5.16,0.3181818181818182,False
CMPD_01497,0.6991,5.16,0.3134328358208955,False
CMPD_01498,0.4167,4.42,0.4166666666666667,True
CMPD_01509,0.9567,7.36,0.9423076923076924,True
CMPD_01510,0.9633,7.83,0.944954128440367,True
CMPD_01534,0.3267,5.05,0.6527777777777778,True
CMPD_01556,0.6767,5.28,0.7671232876712328,True
CMPD_01558,0.82,5.32,0.7424242424242424,True
CMPD_01559,0.82,6.02,0.7538461538461538,True
CMPD_01563,0.85,5.92,0.5666666666666667,True
CMPD_01565,0.0833,4.62,0.78125,True
CMPD_01570,0.7,5.1,0.5409836065573771,True
CMPD_01575,0.67,5.02,0.3333333333333333,False
CMPD_01577,0.55,5.29,0.7325581395348837,True
CMPD_01580,0.4367,4.79,0.2184873949579832,False
CMPD_01582,0.92,5.95,0.6956521739130435,True
CMPD_01583,0.8578,5.87,0.631578947368421,True
CMPD_01584,0.8767,5.61,0.6753246753246753,True
CMPD_01585,0.9203,5.19,0.6666666666666666,True
CMPD_01586,0.9672,5.0,0.7704918032786885,True
CMPD_01596,0.92,6.01,0.6956521739130435,True
CMPD_01597,0.9267,5.85,0.7567567567567568,True
CMPD_01598,0.9,5.62,0.7671232876712328,True
CMPD_01599,0.8633,5.63,0.7671232876712328,True
CMPD_01602,0.8333,5.9,0.6857142857142857,True
CMPD_01603,0.8167,5.35,0.6493506493506493,True
CMPD_01614,0.8358,4.93,0.8253968253968254,True
CMPD_01617,0.3867,5.04,0.4328358208955223,True
CMPD_01622,0.3267,4.69,0.8059701492537313,True
CMPD_01624,0.4478,4.97,0.8253968253968254,True
CMPD_01629,0.6731,5.22,0.8360655737704918,True
CMPD_01630,0.4889,4.98,0.7846153846153846,True
CMPD_01631,0.4756,5.1,0.847457627118644,True
CMPD_01632,0.5156,4.95,0.8307692307692308,True
CMPD_01633,0.5167,5.03,0.8095238095238095,True
CMPD_01645,0.35,4.83,0.7678571428571429,True
CMPD_01648,0.3133,4.79,0.7662337662337663,True
CMPD_01649,0.9133,5.38,0.8552631578947368,True
CMPD_01650,0.272,5.05,0.8214285714285714,True
CMPD_01665,0.3333,4.65,0.7164179104477612,True
CMPD_01675,0.3783,4.83,0.6219512195121951,True
CMPD_01683,0.13,4.34,0.5737704918032787,True
CMPD_01690,0.6267,5.07,0.4107142857142857,True
CMPD_01700,0.8558,6.0,0.5882352941176471,True
CMPD_01702,0.5364,4.97,0.3018867924528302,False
CMPD_01708,0.9533,7.01,0.6140350877192983,True
CMPD_01720,0.946,5.82,0.7241379310344828,True
CMPD_01728,0.6033,5.42,0.7704918032786885,True
CMPD_01731,0.36,4.9,0.6825396825396826,True
CMPD_01742,0.64,5.59,0.35,False
CMPD_01743,0.64,5.59,0.35,False
CMPD_01745,0.4333,5.3,0.7346938775510204,True
CMPD_01751,0.2433,4.74,0.7721518987341772,True
CMPD_01753,0.6,5.04,0.3584905660377358,False
CMPD_01762,0.1958,3.87,0.6923076923076923,True
CMPD_01766,0.0689,4.42,0.7317073170731707,True
CMPD_01767,0.0689,4.42,0.7317073170731707,True
CMPD_01770,0.6367,5.17,0.576271186440678,True
CMPD_01792,0.295,4.88,0.238095238095238,False
CMPD_01793,0.2867,4.79,0.25,False
CMPD_01795,0.3433,4.75,0.7195121951219512,True
CMPD_01797,0.3133,4.82,0.7654320987654321,True
CMPD_01802,0.34,4.78,0.6987951807228916,True
CMPD_01828,0.44,4.93,0.8313253012048193,True
CMPD_01836,0.1833,4.63,0.7764705882352941,True
CMPD_01842,0.1467,4.51,0.7954545454545454,True
CMPD_01850,0.17,4.79,0.9473684210526316,True
CMPD_01854,0.9233,5.33,0.8088235294117647,True
CMPD_01880,0.9567,4.98,0.8382352941176471,True
CMPD_01882,0.3007,4.81,0.3505154639175257,False
CMPD_01883,0.7308,5.26,0.7261904761904762,True
CMPD_01897,0.8589,5.82,0.6226415094339622,True
CMPD_01899,0.7028,5.32,0.5595238095238095,True
CMPD_01912,0.835,5.64,0.7457627118644068,True
CMPD_01915,0.875,5.68,0.8113207547169812,True
CMPD_01919,0.5322,5.2,0.6153846153846154,True
CMPD_01922,0.2183,4.78,0.7681159420289855,True
CMPD_01925,0.72,6.17,0.6666666666666666,True
CMPD_01930,0.7533,5.22,0.6785714285714286,True
CMPD_01947,0.873,5.89,0.864406779661017,True
CMPD_01955,0.59,5.31,0.2584269662921348,False
CMPD_01956,0.4267,5.03,0.2531645569620253,False
CMPD_01957,0.4117,4.86,0.2555555555555555,False
CMPD_01958,0.5422,4.81,0.2795698924731182,False
CMPD_01959,0.68,5.45,0.2555555555555555,False
CMPD_01960,0.58,5.18,0.2527472527472527,False
CMPD_01961,0.5933,5.46,0.25,False
CMPD_01962,0.505,5.12,0.2727272727272727,False
CMPD_01963,0.59,5.37,0.2555555555555555,False
CMPD_01968,0.1722,4.21,0.6515151515151515,True
CMPD_01969,0.255,4.68,0.6666666666666666,True
CMPD_01977,0.5725,5.31,0.6341463414634146,True
CMPD_01988,0.7608,5.3,0.7093023255813954,True
CMPD_01999,0.626,5.2,0.64,True
CMPD_02000,0.6444,4.98,0.6037735849056604,True
CMPD_02003,0.2867,5.17,0.6438356164383562,True
CMPD_02010,0.6,5.43,0.7530864197530864,True
CMPD_02012,0.6567,5.19,0.6326530612244898,True
CMPD_02017,0.3623,4.97,0.3048780487804878,False
CMPD_02028,0.8092,6.35,0.3396226415094339,False
CMPD_02029,0.8233,6.01,0.3529411764705882,False
CMPD_02030,0.7881,6.0,0.4565217391304347,True
CMPD_02031,0.77,5.76,0.36,False
CMPD_02032,0.7881,6.0,0.4565217391304347,True
CMPD_02034,0.8633,6.34,0.4893617021276595,True
CMPD_02035,0.8467,6.34,0.4791666666666667,True
CMPD_02036,0.8533,6.37,0.6046511627906976,True
CMPD_02038,0.7333,6.0,0.5294117647058824,True
CMPD_02039,0.7567,5.96,0.5510204081632653,True
CMPD_02040,0.8267,5.96,0.5111111111111111,True
CMPD_02041,0.82,5.88,0.5,True
CMPD_02042,0.8167,5.96,0.6341463414634146,True
CMPD_02043,0.85,6.19,0.5227272727272727,True
CMPD_02044,0.8467,6.08,0.5111111111111111,True
CMPD_02045,0.6268,5.33,0.3636363636363636,False
CMPD_02046,0.8667,6.45,0.391304347826087,False
CMPD_02047,0.8733,6.45,0.391304347826087,False
CMPD_02048,0.83,5.74,0.5652173913043478,True
CMPD_02049,0.8248,6.47,0.5121951219512195,True
CMPD_02055,0.82,5.74,0.2391304347826087,False
CMPD_02056,0.8,5.99,0.3111111111111111,False
CMPD_02057,0.86,6.26,0.3333333333333333,False
CMPD_02058,0.5842,6.32,0.2941176470588235,False
CMPD_02067,0.64,5.06,0.3166666666666666,False
CMPD_02069,0.6075,5.38,0.2553191489361702,False
CMPD_02074,0.8,5.28,0.8723404255319149,True
CMPD_02075,0.7881,6.19,0.3134328358208955,False
CMPD_02076,0.7933,5.83,0.303030303030303,False
CMPD_02077,0.7,5.59,0.3076923076923077,False
CMPD_02078,0.7733,5.69,0.42,True
CMPD_02079,0.7433,6.05,0.4583333333333333,True
CMPD_02080,0.8256,6.17,0.4489795918367347,True
CMPD_02082,0.7367,5.54,0.5102040816326531,True
CMPD_02083,0.75,5.67,0.5319148936170213,True
CMPD_02084,0.6567,5.23,0.4782608695652174,True
CMPD_02085,0.77,5.31,0.4680851063829787,True
CMPD_02086,0.6267,5.13,0.5952380952380952,True
CMPD_02087,0.84,6.44,0.3617021276595745,False
CMPD_02088,0.7482,6.33,0.3472222222222222,False
CMPD_02090,0.9367,6.05,0.7903225806451613,True
CMPD_02094,0.5181,5.2,0.4,True
CMPD_02095,0.5181,5.2,0.4,True
CMPD_02096,0.5181,5.2,0.4,True
CMPD_02103,0.5139,5.04,0.3648648648648648,False
CMPD_02115,0.7442,5.69,0.396551724137931,False
CMPD_02116,0.7109,5.65,0.4259259259259259,True
CMPD_02118,0.72,5.76,0.4035087719298245,True
CMPD_02120,0.6533,5.08,0.3220338983050847,False
CMPD_02122,0.07,4.6,0.7413793103448276,True
CMPD_02142,0.9133,6.89,0.8235294117647058,True
CMPD_02159,0.6967,5.34,0.6111111111111112,True
CMPD_02171,0.7756,6.12,0.3092783505154639,False
CMPD_02173,0.5,5.05,0.6274509803921569,True
CMPD_02174,0.59,4.98,0.72,True
CMPD_02175,0.428,4.96,0.673469387755102,True
CMPD_02176,0.585,5.17,0.3777777777777777,False
CMPD_02182,0.4675,4.8,0.52,True
CMPD_02183,0.55,5.02,0.5294117647058824,True
CMPD_02184,0.93,5.99,0.8166666666666667,True
CMPD_02200,0.3604,4.93,0.7017543859649122,True
CMPD_02202,0.5843,5.89,0.4583333333333333,True
CMPD_02203,0.6476,5.19,0.5409836065573771,True
CMPD_02205,0.81,5.78,0.7894736842105263,True
CMPD_02207,0.8867,5.7,0.7647058823529411,True
CMPD_02222,0.85,5.65,0.7866666666666666,True
CMPD_02226,0.6167,5.32,0.4404761904761904,True
CMPD_02229,0.6375,5.22,0.4117647058823529,True
CMPD_02234,0.7867,5.49,0.9090909090909092,True
CMPD_02238,0.4061,4.95,0.2702702702702703,False
CMPD_02239,0.4533,4.99,0.2551020408163265,False
CMPD_02254,0.6013,5.22,0.7472527472527473,True
CMPD_02255,0.5839,5.1,0.7,True
CMPD_02256,0.5839,5.1,0.7,True
CMPD_02257,0.6013,5.22,0.7472527472527473,True
CMPD_02271,0.1833,4.6,0.8450704225352113,True
CMPD_02272,0.3067,4.62,0.8024691358024691,True
CMPD_02284,0.08,4.36,0.8641975308641975,True
CMPD_02290,0.7007,5.49,0.8045977011494253,True
CMPD_02293,0.5131,4.95,0.7586206896551724,True
CMPD_02294,0.5283,5.13,0.8160919540229885,True
CMPD_02305,0.08,4.36,0.8641975308641975,True
CMPD_02306,0.5131,4.95,0.7586206896551724,True
CMPD_02308,0.5333,4.97,0.2911392405063291,False
CMPD_02314,0.7933,6.33,0.6349206349206349,True
CMPD_02315,0.8967,6.31,0.7068965517241379,True
CMPD_02316,0.7785,5.07,0.6461538461538462,True
CMPD_02320,0.7407,5.23,0.6515151515151515,True
CMPD_02322,0.4122,5.11,0.7101449275362319,True
CMPD_02323,0.5139,5.21,0.5866666666666667,True
CMPD_02324,0.4989,5.21,0.5866666666666667,True
CMPD_02328,0.3467,5.13,0.7945205479452054,True
CMPD_02337,0.958,6.06,0.7894736842105263,True
CMPD_02344,0.4608,4.99,0.2555555555555555,False
CMPD_02347,0.6333,5.35,0.4534883720930232,True
CMPD_02364,0.5667,5.08,0.7536231884057971,True
CMPD_02372,0.4158,5.19,0.6875,True
CMPD_02373,0.3992,5.17,0.7894736842105263,True
CMPD_02374,0.5292,5.07,0.6547619047619048,True
CMPD_02375,0.51,5.07,0.6875,True
CMPD_02377,0.34,4.82,0.3461538461538461,False
CMPD_02384,0.2983,4.94,0.7704918032786885,True
CMPD_02386,0.37,5.01,0.7692307692307693,True
CMPD_02388,0.1833,4.81,0.7948717948717948,True
CMPD_02394,0.4178,4.93,0.2688172043010752,False
CMPD_02408,0.6467,5.42,0.6984126984126984,True
CMPD_02409,0.8083,5.53,0.7457627118644068,True
CMPD_02431,0.5747,4.74,0.7272727272727273,True
CMPD_02438,0.2383,5.05,0.7432432432432432,True
CMPD_02444,0.6083,5.09,0.3728813559322034,False
CMPD_02448,0.5808,4.74,0.35,False
CMPD_02450,0.4167,4.73,0.4444444444444444,True
CMPD_02452,0.4633,4.98,0.6818181818181818,True
CMPD_02454,0.51,4.97,0.6818181818181818,True
CMPD_02459,0.3787,4.69,0.3478260869565217,False
CMPD_02460,0.4,4.78,0.3492063492063492,False
CMPD_02461,0.6692,5.02,0.6825396825396826,True
CMPD_02466,0.59,5.75,0.2807017543859649,False
CMPD_02473,0.68,5.24,0.6119402985074627,True
CMPD_02477,0.6483,5.24,0.5373134328358209,True
CMPD_02484,0.8733,6.05,0.7142857142857143,True
CMPD_02485,0.83,5.92,0.703125,True
CMPD_02487,0.3933,4.82,0.6388888888888888,True
CMPD_02488,0.6,5.12,0.7532467532467533,True
CMPD_02489,0.5867,5.13,0.725,True
CMPD_02492,0.6033,5.32,0.6031746031746031,True
CMPD_02494,0.66,5.76,0.5,True
CMPD_02495,0.6578,5.54,0.5148514851485149,True
CMPD_02497,0.2867,5.02,0.8082191780821918,True
CMPD_02502,0.7033,4.71,0.7352941176470589,True
CMPD_02503,0.5669,4.49,0.4871794871794871,True
CMPD_02504,0.5933,4.45,0.4634146341463415,True
CMPD_02505,0.6294,4.71,0.475,True
CMPD_02506,0.7586,5.38,0.6323529411764706,True
CMPD_02507,0.7613,5.26,0.6323529411764706,True
CMPD_02508,0.6453,4.71,0.6376811594202898,True
CMPD_02509,0.6783,5.16,0.609375,True
CMPD_02510,0.6639,5.26,0.5070422535211268,True
CMPD_02511,0.6783,5.16,0.609375,True
CMPD_02512,0.6783,5.16,0.609375,True
CMPD_02513,0.64,4.64,0.6153846153846154,True
CMPD_02514,0.7916,5.11,0.696969696969697,True
CMPD_02557,0.7649,5.0,0.71875,True
CMPD_02558,0.7526,4.87,0.7,True
CMPD_02559,0.66,5.12,0.2738095238095238,False
CMPD_02562,0.3956,4.8,0.5,True
CMPD_02563,0.2667,4.69,0.53125,True
CMPD_02566,0.73,5.42,0.6521739130434783,True
CMPD_02568,0.4867,4.96,0.5373134328358209,True
CMPD_02569,0.9133,6.02,0.8166666666666667,True
CMPD_02573,0.4533,4.73,0.5846153846153846,True
CMPD_02579,0.9267,5.69,0.8095238095238095,True
CMPD_02587,0.8267,5.42,0.7586206896551724,True
CMPD_02588,0.6733,5.43,0.264367816091954,False
CMPD_02603,0.67,5.38,0.2886597938144329,False
CMPD_02615,0.4267,5.19,0.6842105263157895,True
CMPD_02637,0.8967,5.93,0.7681159420289855,True
CMPD_02638,0.9033,5.82,0.7536231884057971,True
CMPD_02649,0.5933,4.97,0.7368421052631579,True
CMPD_02650,0.6617,5.03,0.7368421052631579,True
CMPD_02653,0.6733,4.96,0.6,True
CMPD_02656,0.7892,5.35,0.48,True
CMPD_02657,0.7933,5.77,0.6666666666666666,True
CMPD_02658,0.075,4.52,0.813953488372093,True
CMPD_02662,0.7933,5.77,0.6666666666666666,True
CMPD_02667,0.2933,4.7,0.6470588235294118,True
CMPD_02669,0.3167,4.74,0.5892857142857143,True
CMPD_02670,0.3133,4.66,0.5370370370370371,True
CMPD_02671,0.3922,4.69,0.6170212765957447,True
CMPD_02672,0.2789,4.94,0.6282051282051282,True
CMPD_02673,0.277,4.74,0.7272727272727273,True
CMPD_02687,0.3167,4.78,0.2891566265060241,False
CMPD_02697,0.3556,4.71,0.6764705882352942,True
CMPD_02701,0.39,4.96,0.734375,True
CMPD_02702,0.3167,4.9,0.8636363636363636,True
CMPD_02727,0.1567,4.83,0.8266666666666667,True
CMPD_02729,0.5967,5.0,0.3508771929824561,False
CMPD_02734,0.8933,5.54,0.7959183673469388,True
CMPD_02738,0.7198,5.5,0.7162162162162162,True
CMPD_02745,0.5122,5.18,0.3666666666666666,False
CMPD_02754,0.625,4.96,0.6621621621621622,True
CMPD_02755,0.6458,5.38,0.7096774193548387,True
CMPD_02759,0.8111,5.6,0.4915254237288136,True
CMPD_02762,0.4567,5.26,0.5194805194805194,True
CMPD_02768,0.7212,4.9,0.9722222222222222,True
CMPD_02769,0.5498,4.86,0.8441558441558441,True
CMPD_02777,0.9267,5.3,0.7733333333333333,True
CMPD_02818,0.8601,5.32,0.8356164383561644,True
CMPD_02823,0.5405,4.88,0.6352941176470588,True
CMPD_02827,0.4711,4.98,0.4230769230769231,True
CMPD_02828,0.79,5.82,0.5604395604395604,True
CMPD_02829,0.6627,5.33,0.5257731958762887,True
CMPD_02830,0.8567,5.79,0.6235294117647059,True
CMPD_02832,0.0667,4.2,0.9491525423728814,True
CMPD_02843,0.64,4.68,0.7758620689655172,True
CMPD_02845,0.4033,4.95,0.6666666666666666,True
CMPD_02849,0.4667,4.77,0.6607142857142857,True
CMPD_02853,0.63,5.07,0.4590163934426229,True
CMPD_02876,0.7867,5.21,0.6842105263157895,True
CMPD_02877,0.5547,4.84,0.5303030303030303,True
CMPD_02878,0.4367,4.83,0.6833333333333333,True
CMPD_02879,0.5622,4.87,0.4925373134328358,True
CMPD_02896,0.6267,4.82,0.7213114754098361,True
CMPD_02901,0.8167,5.22,0.8169014084507042,True
CMPD_02906,0.515,4.75,0.3,False
CMPD_02912,0.6756,5.23,0.5647058823529412,True
CMPD_02915,0.627,5.33,0.7794117647058824,True
CMPD_02919,0.565,5.33,0.581081081081081,True
CMPD_02940,0.5717,5.24,0.5714285714285714,True
CMPD_02943,0.305,4.88,0.5070422535211268,True
CMPD_02977,0.2067,4.49,0.7272727272727273,True
CMPD_02981,0.05,4.25,0.8157894736842105,True
CMPD_02991,0.0333,4.22,0.7945205479452054,True
CMPD_02999,0.5967,5.22,0.2608695652173913,False
CMPD_03001,0.475,5.17,0.6785714285714286,True
CMPD_03004,0.8067,5.38,0.7352941176470589,True
CMPD_03005,0.4817,5.09,0.8,True
CMPD_03007,0.55,4.98,0.7974683544303798,True
CMPD_03008,0.475,5.17,0.6785714285714286,True
CMPD_03010,0.3867,4.76,0.3,False
CMPD_03011,0.5156,5.02,0.4556962025316455,True
CMPD_03019,0.4367,5.37,0.6231884057971014,True
CMPD_03020,0.89,6.35,0.5571428571428572,True
CMPD_03023,0.3333,5.19,0.765625,True
CMPD_03026,0.3925,4.91,0.4886363636363636,True
CMPD_03027,0.4325,5.06,0.4505494505494505,True
CMPD_03028,0.46,5.03,0.3953488372093023,False
CMPD_03029,0.35,4.86,0.3908045977011494,False
CMPD_03030,0.4533,4.91,0.5287356321839081,True
CMPD_03031,0.7767,5.86,0.3780487804878049,False
CMPD_03039,0.18,4.7,0.7692307692307693,True
CMPD_03042,0.5733,7.26,0.7654320987654321,True
CMPD_03045,0.9133,5.7,0.8082191780821918,True
CMPD_03046,0.9033,5.71,0.8309859154929577,True
CMPD_03047,0.8533,5.53,0.7530864197530864,True
CMPD_03048,0.88,5.54,0.7721518987341772,True
CMPD_03065,0.3794,5.12,0.7464788732394366,True
CMPD_03071,0.7144,5.25,0.7464788732394366,True
CMPD_03075,0.3867,4.94,0.7285714285714285,True
CMPD_03080,0.4533,4.84,0.7297297297297297,True
CMPD_03081,0.5311,5.12,0.8024691358024691,True
CMPD_03083,0.4617,5.49,0.7222222222222222,True
CMPD_03091,0.2107,4.74,0.6451612903225806,True
CMPD_03093,0.5989,5.36,0.3043478260869565,False
CMPD_03115,0.6433,4.87,0.8064516129032258,True
CMPD_03116,0.7167,5.48,0.6949152542372882,True
CMPD_03118,0.7233,5.22,0.84375,True
CMPD_03119,0.8578,5.78,0.746031746031746,True
CMPD_03120,0.9833,5.91,0.85,True
CMPD_03122,0.9433,5.38,0.8333333333333334,True
CMPD_03123,0.8567,5.04,0.84375,True
CMPD_03137,0.7111,5.13,0.75,True
CMPD_03140,0.3717,4.84,0.4067796610169492,True
CMPD_03144,0.3844,4.88,0.367816091954023,False
CMPD_03148,0.245,4.37,0.6774193548387096,True
CMPD_03155,0.5,5.09,0.691358024691358,True
CMPD_03156,0.6033,5.16,0.7125,True
CMPD_03157,0.4233,4.95,0.7037037037037037,True
CMPD_03160,0.4333,4.94,0.7532467532467533,True
CMPD_03161,0.4233,5.16,0.7,True
CMPD_03164,0.3867,5.01,0.7125,True
CMPD_03165,0.1567,4.78,0.8243243243243243,True
CMPD_03167,0.35,4.9,0.7894736842105263,True
CMPD_03183,0.4027,4.3,0.3218390804597701,False
CMPD_03191,0.3733,4.73,0.6507936507936508,True
CMPD_03192,0.4133,4.98,0.7619047619047619,True
CMPD_03194,0.4233,4.83,0.8059701492537313,True
CMPD_03208,0.8467,4.98,0.7402597402597403,True
CMPD_03219,0.1833,4.76,0.7532467532467533,True
CMPD_03220,0.72,5.12,0.9047619047619048,True
CMPD_03225,0.7333,5.4,0.725,True
CMPD_03230,0.8933,5.44,0.7349397590361446,True
CMPD_03234,0.6633,5.24,0.6545454545454545,True
CMPD_03241,0.66,5.2,0.8554216867469879,True
CMPD_03244,0.5378,4.92,0.6451612903225806,True
CMPD_03246,0.6861,5.39,0.6615384615384615,True
CMPD_03282,0.51,5.09,0.3111111111111111,False
CMPD_03288,0.66,5.2,0.8554216867469879,True
CMPD_03295,0.45,4.85,0.5533980582524272,True
CMPD_03296,0.34,4.73,0.6138613861386139,True
CMPD_03298,0.6367,4.93,0.6119402985074627,True
CMPD_03302,0.1633,4.27,0.8461538461538461,True
CMPD_03304,0.17,4.41,0.8514851485148515,True
CMPD_03307,0.3411,4.95,0.5327868852459017,True
CMPD_03316,0.4567,5.13,0.5882352941176471,True
CMPD_03320,0.4167,4.81,0.2976190476190476,False
CMPD_03321,0.51,5.09,0.3111111111111111,False
CMPD_03322,0.4983,5.04,0.2888888888888888,False
CMPD_03323,0.505,5.12,0.2727272727272727,False
CMPD_03329,0.8567,5.37,0.8301886792452831,True
CMPD_03340,0.2367,5.04,0.7746478873239436,True
CMPD_03342,0.6367,5.27,0.3766233766233766,False
CMPD_03347,0.7733,6.05,0.6428571428571429,True
CMPD_03348,0.74,6.28,0.6779661016949152,True
CMPD_03357,0.3967,4.73,0.3181818181818182,False
CMPD_03358,0.6667,6.24,0.6833333333333333,True
CMPD_03359,0.9133,6.39,0.7192982456140351,True
CMPD_03360,0.5367,5.27,0.3037974683544304,False
CMPD_03365,0.5596,4.95,0.7794117647058824,True
CMPD_03366,0.706,5.18,0.7428571428571429,True
CMPD_03377,0.3733,5.24,0.7391304347826086,True
CMPD_03385,0.2167,4.65,0.8064516129032258,True
CMPD_03387,0.2167,4.62,0.78125,True
CMPD_03388,0.3667,4.75,0.625,True
CMPD_03389,0.3033,4.62,0.625,True
CMPD_03390,0.2656,4.56,0.7936507936507936,True
CMPD_03391,0.3789,4.78,0.6216216216216216,True
CMPD_03392,0.3289,4.79,0.6216216216216216,True
CMPD_03393,0.2856,4.76,0.7846153846153846,True
CMPD_03394,0.3889,4.73,0.647887323943662,True
CMPD_03395,0.3156,4.57,0.647887323943662,True
CMPD_03398,0.6042,5.33,0.7560975609756098,True
CMPD_03405,0.6767,5.78,0.7272727272727273,True
CMPD_03407,0.6656,5.28,0.6326530612244898,True
CMPD_03408,0.7267,5.46,0.8297872340425532,True
CMPD_03422,0.78,5.07,0.6666666666666666,True
CMPD_03423,0.8367,5.87,0.7301587301587301,True
CMPD_03425,0.6811,4.99,0.7058823529411765,True
CMPD_03426,0.65,5.2,0.48,True
CMPD_03428,0.5633,6.69,0.7125,True
CMPD_03429,0.56,6.56,0.7051282051282052,True
CMPD_03454,0.3989,4.7,0.6521739130434783,True
CMPD_03457,0.3833,5.11,0.7105263157894737,True
CMPD_03458,0.36,5.11,0.7105263157894737,True
CMPD_03468,0.4172,4.67,0.5324675324675324,True
CMPD_03480,0.9533,5.57,0.7323943661971831,True
CMPD_03482,0.9533,6.02,0.7066666666666667,True
CMPD_03483,0.8933,5.71,0.7428571428571429,True
CMPD_03484,0.3267,5.26,0.8395061728395061,True
CMPD_03485,0.4192,5.29,0.8311688311688312,True
CMPD_03487,0.2556,4.6,0.7575757575757576,True
CMPD_03488,0.4189,4.76,0.6,True
CMPD_03489,0.3989,4.78,0.6,True
CMPD_03490,0.3256,4.74,0.7575757575757576,True
CMPD_03491,0.3706,4.73,0.625,True
CMPD_03492,0.4272,4.73,0.4691358024691358,True
CMPD_03493,0.3622,4.73,0.4810126582278481,True
CMPD_03494,0.3722,4.59,0.625,True
CMPD_03495,0.54,5.23,0.5277777777777778,True
CMPD_03496,0.5833,5.4,0.5454545454545454,True
CMPD_03497,0.6033,5.37,0.5405405405405406,True
CMPD_03500,0.92,5.86,0.6835443037974683,True
CMPD_03506,0.93,5.13,0.8571428571428571,True
CMPD_03511,0.1333,4.82,0.8169014084507042,True
CMPD_03523,0.6467,7.08,0.7894736842105263,True
CMPD_03524,0.5967,4.93,0.7837837837837838,True
CMPD_03525,0.4533,5.27,0.6455696202531646,True
CMPD_03526,0.6467,7.08,0.7894736842105263,True
CMPD_03527,0.5967,4.93,0.7837837837837838,True
CMPD_03529,0.3567,5.04,0.6329113924050633,True
CMPD_03536,0.5433,5.09,0.7121212121212122,True
CMPD_03540,0.3733,4.86,0.7313432835820896,True
CMPD_03547,0.68,5.17,0.7846153846153846,True
CMPD_03549,0.2569,4.82,0.6986301369863014,True
CMPD_03550,0.6093,4.97,0.7831325301204819,True
CMPD_03551,0.4989,5.15,0.6071428571428571,True
CMPD_03564,0.6667,5.43,0.5194805194805194,True
CMPD_03565,0.6733,5.44,0.5128205128205128,True
CMPD_03566,0.68,5.42,0.5256410256410257,True
CMPD_03567,0.565,5.83,0.4352941176470588,True
CMPD_03568,0.4733,5.06,0.2408759124087591,False
CMPD_03569,0.95,5.75,0.8035714285714286,True
CMPD_03573,0.4033,4.87,0.5942028985507246,True
CMPD_03576,0.4328,4.86,0.2674418604651162,False
CMPD_03578,0.1983,4.69,0.6911764705882353,True
CMPD_03581,0.3789,4.88,0.34375,False
CMPD_03582,0.4,4.85,0.33,False
CMPD_03594,0.27,4.74,0.7313432835820896,True
CMPD_03599,0.5633,5.26,0.84375,True
CMPD_03605,0.34,4.91,0.8372093023255814,True
CMPD_03611,0.6667,5.1,0.8953488372093024,True
CMPD_03613,0.7575,5.09,0.788235294117647,True
CMPD_03614,0.79,5.08,0.7555555555555555,True
CMPD_03615,0.7308,5.09,0.7555555555555555,True
CMPD_03616,0.67,5.17,0.7727272727272727,True
CMPD_03617,0.7408,5.11,0.7727272727272727,True
CMPD_03618,0.75,5.29,0.7752808988764045,True
CMPD_03623,0.7233,6.37,0.6885245901639344,True
CMPD_03624,0.86,6.48,0.6037735849056604,True
CMPD_03635,0.6167,5.53,0.6438356164383562,True
CMPD_03637,0.03,4.69,0.7763157894736842,True
CMPD_03640,0.3467,4.85,0.4519230769230769,True
CMPD_03641,0.4,5.26,0.7222222222222222,True
CMPD_03649,0.8433,5.26,0.8536585365853658,True
CMPD_03654,0.4454,5.07,0.6266666666666667,True
CMPD_03655,0.4554,5.12,0.6266666666666667,True
CMPD_03658,0.7433,6.24,0.7804878048780488,True
CMPD_03659,0.7433,6.24,0.7804878048780488,True
CMPD_03662,0.7161,5.19,0.7313432835820896,True
CMPD_03663,0.79,5.17,0.8095238095238095,True
CMPD_03668,0.77,5.03,0.8260869565217391,True
CMPD_03672,0.77,5.03,0.8260869565217391,True
CMPD_03689,0.4845,4.84,0.6129032258064516,True
CMPD_03690,0.2956,4.97,0.5975609756097561,True
CMPD_03707,0.4486,4.67,0.31,False
CMPD_03712,0.7667,6.07,0.4516129032258064,True
CMPD_03719,0.6448,5.03,0.3174603174603174,False
CMPD_03720,0.6015,5.03,0.328125,False
CMPD_03721,0.6081,5.14,0.3472222222222222,False
CMPD_03722,0.6315,5.17,0.3243243243243243,False
CMPD_03738,0.3867,4.94,0.6119402985074627,True
CMPD_03739,0.4367,5.09,0.5774647887323944,True
CMPD_03740,0.4367,5.09,0.5774647887323944,True
CMPD_03741,0.68,5.12,0.7586206896551724,True
CMPD_03745,0.8333,5.58,0.4507042253521127,True
CMPD_03748,0.4047,4.54,0.4929577464788732,True
CMPD_03751,0.2133,4.33,0.6666666666666666,True
CMPD_03760,0.7867,5.54,0.6619718309859155,True
CMPD_03761,0.6633,5.03,0.5588235294117647,True
CMPD_03791,0.475,5.3,0.5641025641025641,True
CMPD_03792,0.27,5.09,0.7575757575757576,True
CMPD_03799,0.7647,5.56,0.3653846153846153,False
CMPD_03801,0.4387,4.84,0.2678571428571428,False
CMPD_03818,0.5233,5.13,0.7638888888888888,True
CMPD_03819,0.5322,5.18,0.6329113924050633,True
CMPD_03822,0.8033,5.77,0.3043478260869565,False
CMPD_03823,0.552,5.34,0.5,True
CMPD_03824,0.61,5.49,0.4871794871794871,True
CMPD_03826,0.9267,5.24,0.4888888888888889,True
CMPD_03828,0.7267,5.44,0.6081081081081081,True
CMPD_03829,0.6692,5.01,0.7096774193548387,True
CMPD_03842,0.7267,5.68,0.7941176470588235,True
CMPD_03843,0.8133,5.73,0.7352941176470589,True
CMPD_03847,0.825,5.51,0.6351351351351351,True
CMPD_03852,0.9433,5.56,0.813953488372093,True
CMPD_03859,0.6292,4.91,0.7049180327868853,True
CMPD_03862,0.3292,4.83,0.3835616438356164,False
CMPD_03875,0.4983,4.98,0.3720930232558139,False
CMPD_03878,0.6525,5.36,0.5319148936170213,True
CMPD_03879,0.6991,5.3,0.6744186046511628,True
CMPD_03881,0.6639,5.3,0.5192307692307693,True
CMPD_03902,0.4206,4.92,0.7571428571428571,True
CMPD_03904,0.6222,5.01,0.75,True
CMPD_03905,0.3967,5.31,0.6756756756756757,True
CMPD_03909,0.4383,4.62,0.7101449275362319,True
CMPD_03919,0.9133,5.42,0.8596491228070176,True
CMPD_03922,0.9133,5.42,0.8596491228070176,True
CMPD_03929,0.4247,5.06,0.7076923076923077,True
CMPD_03942,0.28,4.71,0.7076923076923077,True
CMPD_03943,0.28,4.71,0.7076923076923077,True
CMPD_03959,0.65,5.03,0.6666666666666666,True
CMPD_03960,0.5333,5.2,0.6774193548387096,True
CMPD_03962,0.5333,5.2,0.7368421052631579,True
CMPD_03967,0.75,6.41,0.6195652173913043,True
CMPD_03975,0.4217,4.88,0.5584415584415584,True
CMPD_03995,0.7933,5.47,0.8,True
CMPD_03998,0.6,5.2,0.4833333333333333,True
CMPD_03999,0.8533,5.7,0.7543859649122807,True
CMPD_04001,0.77,5.47,0.7407407407407407,True
CMPD_04003,0.8856,5.97,0.6333333333333333,True
CMPD_04020,0.14,4.69,0.9104477611940298,True
CMPD_04021,0.2533,4.85,0.7916666666666666,True
CMPD_04022,0.25,4.89,0.8028169014084507,True
CMPD_04027,0.7733,4.87,0.7804878048780488,True
CMPD_04028,0.6656,4.95,0.6612903225806451,True
CMPD_04033,0.0767,4.52,0.6575342465753424,True
CMPD_04034,0.0567,4.54,0.6710526315789473,True
CMPD_04048,0.8333,5.44,0.7049180327868853,True
CMPD_04050,0.8667,5.59,0.6567164179104478,True
CMPD_04051,0.9067,5.73,0.6984126984126984,True
CMPD_04052,0.8033,5.65,0.609375,True
CMPD_04053,0.8433,5.35,0.7,True
CMPD_04054,0.4486,4.81,0.6875,True
CMPD_04059,0.7333,5.36,0.6857142857142857,True
CMPD_04065,0.8867,6.1,0.7540983606557377,True
CMPD_04069,0.6789,5.06,0.6714285714285714,True
CMPD_04070,0.685,5.42,0.4909090909090909,True
CMPD_04073,0.5933,4.98,0.7678571428571429,True
CMPD_04076,0.4333,4.94,0.6571428571428571,True
CMPD_04079,0.6767,5.44,0.7636363636363637,True
CMPD_04082,0.12,4.64,0.7571428571428571,True
CMPD_04084,0.2467,4.68,0.6666666666666666,True
CMPD_04097,0.61,5.48,0.5909090909090909,True
CMPD_04098,0.5793,5.5,0.5901639344262295,True
CMPD_04099,0.7277,5.53,0.6612903225806451,True
CMPD_04100,0.6243,5.49,0.6545454545454545,True
CMPD_04101,0.7494,5.5,0.6923076923076923,True
CMPD_04106,0.3,4.85,0.550561797752809,True
CMPD_04109,0.1067,4.3,0.671875,True
CMPD_04131,0.3717,4.57,0.5692307692307692,True
CMPD_04135,0.62,5.48,0.3048780487804878,False
CMPD_04145,0.3678,4.81,0.4081632653061224,True
CMPD_04156,0.82,5.85,0.7625,True
CMPD_04160,0.8085,5.82,0.5692307692307692,True
CMPD_04164,0.6978,5.01,0.5609756097560976,True
CMPD_04165,0.6978,5.01,0.5609756097560976,True
CMPD_04168,0.8833,6.14,0.813953488372093,True
CMPD_04172,0.73,5.65,0.5753424657534246,True
CMPD_04208,0.47,5.32,0.734375,True
CMPD_04211,0.1544,4.85,0.8709677419354839,True
CMPD_04218,0.8467,6.0,0.6515151515151515,True
CMPD_04222,0.7433,5.55,0.7368421052631579,True
CMPD_04223,0.5183,4.92,0.4408602150537634,True
CMPD_04227,0.4853,4.83,0.7567567567567568,True
CMPD_04229,0.8028,5.18,0.6363636363636364,True
CMPD_04234,0.4492,5.93,0.5,True
CMPD_04235,0.34,5.62,0.6101694915254238,True
CMPD_04238,0.7556,5.67,0.359375,False
CMPD_04241,0.73,5.62,0.5,True
CMPD_04252,0.9033,5.55,0.7903225806451613,True
CMPD_04262,0.38,5.66,0.5666666666666667,True
CMPD_04268,0.84,5.44,0.8035714285714286,True
CMPD_04272,0.4492,5.94,0.5076923076923077,True
CMPD_04273,0.38,5.66,0.5666666666666667,True
CMPD_04277,0.6428,5.21,0.7230769230769231,True
CMPD_04278,0.7133,5.0,0.8214285714285714,True
CMPD_04279,0.38,5.07,0.7164179104477612,True
CMPD_04280,0.3522,4.97,0.7096774193548387,True
CMPD_04281,0.8633,6.1,0.726027397260274,True
CMPD_04288,0.705,5.47,0.65,True
CMPD_04293,0.58,4.94,0.5964912280701754,True
CMPD_04295,0.6867,5.71,0.72,True
CMPD_04300,0.7083,5.45,0.7333333333333333,True
CMPD_04301,0.7633,5.41,0.7543859649122807,True
CMPD_04305,0.69,5.3,0.7078651685393258,True
CMPD_04306,0.8767,6.26,0.4385964912280701,True
CMPD_04307,0.9067,6.18,0.6458333333333334,True
CMPD_04315,0.9333,6.25,0.7866666666666666,True
CMPD_04325,0.8367,5.37,0.8076923076923077,True
CMPD_04327,0.6867,5.37,0.7733333333333333,True
CMPD_04331,0.8533,5.76,0.863013698630137,True
CMPD_04332,0.8867,5.92,0.7948717948717948,True
CMPD_04335,0.8867,5.74,0.7671232876712328,True
CMPD_04339,0.3067,4.82,0.7164179104477612,True
CMPD_04341,0.7767,5.38,0.8448275862068966,True
CMPD_04345,0.69,5.59,0.7818181818181819,True
CMPD_04349,0.6567,5.18,0.7096774193548387,True
CMPD_04350,0.5044,5.08,0.5454545454545454,True
CMPD_04351,0.8458,6.15,0.8135593220338984,True
CMPD_04352,0.6667,5.51,0.7162162162162162,True
CMPD_04353,0.7567,5.56,0.7,True
CMPD_04356,0.9833,5.11,1.0,True
CMPD_04365,0.8383,5.84,0.4935064935064935,True
CMPD_04376,0.92,5.27,0.810126582278481,True
CMPD_04380,0.94,5.65,0.82,True
CMPD_04381,0.9467,5.53,0.803921568627451,True
CMPD_04385,0.6433,4.95,0.8292682926829268,True
CMPD_04388,0.4233,4.87,0.7407407407407407,True
CMPD_04409,0.4113,4.68,0.3095238095238095,False
CMPD_04413,0.5267,4.8,0.2835820895522388,False
CMPD_04421,0.78,5.32,0.5588235294117647,True
CMPD_04423,0.83,5.23,0.918918918918919,True
CMPD_04427,0.9133,8.37,0.7758620689655172,True
CMPD_04429,0.95,7.87,0.8541666666666666,True
CMPD_04430,0.9533,7.84,0.78,True
CMPD_04431,0.9033,7.36,0.7735849056603774,True
CMPD_04437,0.9267,8.63,0.75,True
CMPD_04465,0.83,5.23,0.918918918918919,True
CMPD_04481,0.6457,5.43,0.5072463768115942,True
CMPD_04482,0.8133,5.66,0.4827586206896552,True
CMPD_04484,0.6457,5.43,0.5072463768115942,True
CMPD_04492,0.76,6.21,0.717391304347826,True
CMPD_04498,0.4233,4.0,0.3541666666666667,False
CMPD_04499,0.7367,6.08,0.4516129032258064,True
CMPD_04503,0.1267,4.67,0.7108433734939759,True
CMPD_04505,0.3067,4.86,0.7611940298507462,True
CMPD_04508,0.1167,4.63,0.8507462686567164,True
CMPD_04509,0.1167,4.63,0.8507462686567164,True
CMPD_04510,0.26,5.02,0.6363636363636364,True
CMPD_04513,0.59,5.04,0.52,True
CMPD_04518,0.0733,4.37,0.813953488372093,True
CMPD_04526,0.2033,4.57,0.84,True
CMPD_04528,0.2,4.61,0.8589743589743589,True
CMPD_04529,0.3033,4.9,0.8170731707317073,True
CMPD_04530,0.21,4.69,0.8095238095238095,True
CMPD_04532,0.2517,4.54,0.7402597402597403,True
CMPD_04533,0.1778,4.35,0.7631578947368421,True
CMPD_04537,0.4625,4.99,0.6041666666666666,True
CMPD_04549,0.6333,5.07,0.8428571428571429,True
CMPD_04557,0.2167,4.95,0.8148148148148148,True
CMPD_04561,0.2233,5.18,0.7758620689655172,True
CMPD_04563,0.1011,4.93,0.9791666666666666,True
CMPD_04564,0.1167,4.69,0.7894736842105263,True
CMPD_04589,0.6067,5.07,0.7746478873239436,True
CMPD_04590,0.6033,4.95,0.5897435897435898,True
CMPD_04591,0.6272,4.84,0.6891891891891891,True
CMPD_04592,0.5744,4.86,0.5384615384615384,True
CMPD_04593,0.5822,4.86,0.4698795180722891,True
CMPD_04595,0.29,4.43,0.639344262295082,True
CMPD_04598,0.2,4.51,0.5079365079365079,True
CMPD_04608,0.4033,4.88,0.75,True
CMPD_04617,0.3233,4.68,0.6351351351351351,True
CMPD_04618,0.3156,4.73,0.676056338028169,True
CMPD_04619,0.4272,4.77,0.5657894736842105,True
CMPD_04620,0.4422,4.71,0.5733333333333334,True
CMPD_04621,0.3189,4.73,0.6857142857142857,True
CMPD_04622,0.3356,4.72,0.5616438356164384,True
CMPD_04623,0.3456,4.67,0.4935064935064935,True
CMPD_04624,0.4422,4.92,0.5584415584415584,True
CMPD_04625,0.3489,4.96,0.6666666666666666,True
CMPD_04626,0.3822,4.72,0.5657894736842105,True
CMPD_04627,0.3322,4.76,0.676056338028169,True
CMPD_04628,0.4922,5.27,0.5657894736842105,True
CMPD_04629,0.3822,5.18,0.676056338028169,True
CMPD_04632,0.3317,4.85,0.639344262295082,True
CMPD_04633,0.2833,4.84,0.5857142857142857,True
CMPD_04634,0.45,4.89,0.7719298245614035,True
CMPD_04635,0.3533,4.85,0.5970149253731343,True
CMPD_04646,0.78,5.16,0.7362637362637363,True
CMPD_04647,0.78,5.16,0.7362637362637363,True
CMPD_04648,0.78,5.16,0.7362637362637363,True
CMPD_04655,0.2533,4.66,0.7681159420289855,True
CMPD_04667,0.24,4.74,0.7411764705882353,True
CMPD_04668,0.1867,4.69,0.7176470588235294,True
CMPD_04682,0.3267,4.96,0.6666666666666666,True
CMPD_04684,0.2533,4.85,0.918918918918919,True
CMPD_04687,0.33,4.86,0.7439024390243902,True
CMPD_04689,0.64,5.18,0.92,True
CMPD_04690,0.4752,5.09,0.7560975609756098,True
CMPD_04704,0.11,4.77,0.7971014492753623,True
CMPD_04706,0.7567,5.17,0.7142857142857143,True
CMPD_04712,0.1233,4.27,0.851063829787234,True
CMPD_04714,0.1833,4.44,0.78,True
CMPD_04721,0.82,5.44,0.6590909090909091,True
CMPD_04722,0.5642,5.05,0.6086956521739131,True
CMPD_04723,0.7767,5.42,0.6086956521739131,True
CMPD_04724,0.5823,5.1,0.6086956521739131,True
CMPD_04725,0.7067,5.38,0.5833333333333334,True
CMPD_04732,0.7598,5.37,0.6808510638297872,True
CMPD_04733,0.539,4.95,0.574468085106383,True
CMPD_04738,0.7503,5.17,0.3389830508474576,False
CMPD_04744,0.6017,4.89,0.7288135593220338,True
CMPD_04751,0.5,4.91,0.7746478873239436,True
CMPD_04754,0.78,5.46,0.6538461538461539,True
CMPD_04756,0.6932,5.27,0.7317073170731707,True
CMPD_04758,0.4238,4.96,0.2857142857142857,False
CMPD_04759,0.4778,5.03,0.3125,False
CMPD_04760,0.4225,4.85,0.3148148148148148,False
CMPD_04761,0.3995,4.92,0.2950819672131147,False
CMPD_04769,0.6489,5.06,0.6041666666666666,True
CMPD_04772,0.4652,4.88,0.7380952380952381,True
CMPD_04773,0.6489,5.06,0.6041666666666666,True
CMPD_04774,0.3067,4.75,0.6458333333333334,True
CMPD_04777,0.64,5.54,0.3076923076923077,False
CMPD_04779,0.5823,5.1,0.6086956521739131,True
CMPD_04786,0.8675,5.33,0.6346153846153846,True
CMPD_04797,0.7594,5.55,0.5869565217391305,True
CMPD_04798,0.7741,5.48,0.5531914893617021,True
CMPD_04799,0.6489,5.06,0.6041666666666666,True
CMPD_04800,0.6023,4.95,0.68,True
CMPD_04801,0.7594,5.55,0.5869565217391305,True
CMPD_04802,0.7741,5.48,0.5531914893617021,True
CMPD_04803,0.5669,5.26,0.5531914893617021,True
CMPD_04807,0.4652,4.88,0.7380952380952381,True
CMPD_04808,0.7028,5.15,0.6304347826086957,True
CMPD_04809,0.6489,5.06,0.6041666666666666,True
CMPD_04812,0.3147,4.73,0.75,True
CMPD_04815,0.7598,5.37,0.6808510638297872,True
CMPD_04816,0.3958,5.02,0.6785714285714286,True
CMPD_04818,0.2667,4.95,0.96,True
CMPD_04820,0.2778,4.77,0.7627118644067796,True
CMPD_04821,0.2778,4.77,0.7627118644067796,True
CMPD_04822,0.2325,4.72,0.7692307692307693,True
CMPD_04824,0.3025,5.05,0.7017543859649122,True
CMPD_04825,0.26,4.68,0.7037037037037037,True
CMPD_04826,0.4932,5.16,0.6481481481481481,True
CMPD_04828,0.6433,5.31,0.7142857142857143,True
CMPD_04830,0.59,5.34,0.7142857142857143,True
CMPD_04833,0.4211,4.99,0.5166666666666667,True
CMPD_04861,0.7767,5.23,0.5254237288135594,True
CMPD_04862,0.7633,5.28,0.5178571428571429,True
CMPD_04866,0.4833,5.03,0.4555555555555555,True
CMPD_04892,0.5933,5.0,0.7611940298507462,True
CMPD_04900,0.35,4.66,0.7450980392156863,True
CMPD_04907,0.1833,4.79,0.7922077922077922,True
CMPD_04916,0.3967,4.62,0.5238095238095238,True
CMPD_04922,0.1833,4.79,0.7922077922077922,True
CMPD_04927,0.6667,5.33,0.3333333333333333,False
CMPD_04938,0.02,4.58,0.9253731343283582,True
CMPD_04944,0.3067,4.69,0.6235294117647059,True
CMPD_04947,0.5127,4.94,0.6865671641791045,True
CMPD_04954,0.5367,4.96,0.7560975609756098,True
CMPD_04959,0.3917,4.98,0.5512820512820513,True
CMPD_04979,0.5433,4.91,0.7288135593220338,True
CMPD_04980,0.35,4.89,0.8472222222222222,True
CMPD_04993,0.27,4.71,0.7575757575757576,True
CMPD_04994,0.3333,4.74,0.2448979591836734,False
CMPD_04995,0.7917,5.63,0.803030303030303,True
CMPD_05000,0.85,6.05,0.7377049180327869,True
CMPD_05024,0.3233,4.98,0.4482758620689655,True
CMPD_05025,0.4489,4.86,0.4242424242424242,True
CMPD_05029,0.53,4.89,0.9529411764705882,True
CMPD_05030,0.3222,4.69,0.7608695652173914,True
CMPD_05035,0.4344,4.84,0.5319148936170213,True
CMPD_05044,0.6067,4.89,0.6029411764705882,True
CMPD_05048,0.7367,5.9,0.581081081081081,True
CMPD_05051,0.4971,6.24,0.75,True
CMPD_05069,0.87,5.54,0.76,True
CMPD_05070,0.8367,5.24,0.8360655737704918,True
CMPD_05071,0.8433,5.37,0.76,True
CMPD_05072,0.87,5.56,0.8225806451612904,True
CMPD_05073,0.9133,5.68,0.864406779661017,True
CMPD_05081,0.75,5.16,0.7846153846153846,True
CMPD_05082,0.8,5.31,0.7567567567567568,True
CMPD_05083,0.8367,5.37,0.8333333333333334,True
CMPD_05093,0.3108,4.71,0.6511627906976745,True
CMPD_05097,0.7258,5.76,0.7261904761904762,True
CMPD_05098,0.0067,4.37,0.8604651162790697,True
CMPD_05099,0.4849,4.79,0.3370786516853932,False
CMPD_05108,0.3907,4.75,0.3835616438356164,False
CMPD_05119,0.2767,4.73,0.4666666666666667,True
CMPD_05127,0.4344,4.84,0.5319148936170213,True
CMPD_05129,0.5633,4.86,0.6896551724137931,True
CMPD_05135,0.3767,4.62,0.273972602739726,False
CMPD_05136,0.3833,4.65,0.2716049382716049,False
CMPD_05140,0.79,5.92,0.5972222222222222,True
CMPD_05155,0.7167,6.15,0.6463414634146342,True
CMPD_05156,0.7167,6.15,0.6463414634146342,True
CMPD_05158,0.8,7.1,0.782051282051282,True
CMPD_05162,0.6333,5.68,0.5679012345679012,True
CMPD_05166,0.7889,5.7,0.6144578313253012,True
CMPD_05172,0.2733,4.79,0.6705882352941176,True
CMPD_05189,0.3783,4.88,0.2912621359223301,False
CMPD_05191,0.48,5.11,0.2783505154639175,False
CMPD_05193,0.4433,4.93,0.2989690721649484,False
CMPD_05194,0.8367,5.61,0.7068965517241379,True
CMPD_05195,0.8833,5.83,0.7068965517241379,True
CMPD_05197,0.9467,5.68,0.7358490566037735,True
CMPD_05202,0.0067,4.43,0.96,True
CMPD_05215,0.0433,4.41,0.7684210526315789,True
CMPD_05216,0.05,4.53,0.8279569892473119,True
CMPD_05220,0.0433,4.34,0.7865168539325843,True
CMPD_05221,0.0822,4.52,0.8315789473684211,True
CMPD_05222,0.06,4.49,0.8461538461538461,True
CMPD_05223,0.04,4.61,0.8461538461538461,True
CMPD_05224,0.06,4.5,0.898876404494382,True
CMPD_05228,0.0933,4.45,0.8494623655913979,True
CMPD_05231,0.0167,4.32,0.8333333333333334,True
CMPD_05232,0.0233,4.68,0.813953488372093,True
CMPD_05233,0.03,4.35,0.8235294117647058,True
CMPD_05234,0.0183,4.58,0.8536585365853658,True
CMPD_05235,0.0233,4.38,0.9375,True
CMPD_05237,0.0956,4.67,0.8505747126436781,True
CMPD_05239,0.0608,4.58,0.8314606741573034,True
CMPD_05240,0.04,4.4,0.825,True
CMPD_05271,0.82,5.08,0.6515151515151515,True
CMPD_05272,0.6467,4.86,0.6065573770491803,True
CMPD_05278,0.4767,4.96,0.5454545454545454,True
CMPD_05280,0.7667,5.07,0.6461538461538462,True
CMPD_05293,0.5767,5.06,0.2807017543859649,False
CMPD_05302,0.585,5.26,0.7464788732394366,True
CMPD_05305,0.8767,5.66,0.631578947368421,True
CMPD_05309,0.3433,5.15,0.8314606741573034,True
CMPD_05315,0.7433,6.57,0.6666666666666666,True
CMPD_05317,0.5367,5.01,0.7375,True
CMPD_05318,0.33,4.79,0.7662337662337663,True
CMPD_05325,0.9633,6.37,0.8395061728395061,True
CMPD_05339,0.2244,4.8,0.810126582278481,True
CMPD_05340,0.5467,5.27,0.8309859154929577,True
CMPD_05345,0.2517,5.01,0.759493670886076,True
CMPD_05359,0.485,5.24,0.6666666666666666,True
CMPD_05360,0.4167,5.14,0.7037037037037037,True
CMPD_05361,0.525,5.13,0.7875,True
CMPD_05362,0.355,5.02,0.7341772151898734,True
CMPD_05372,0.4378,4.92,0.75,True
CMPD_05374,0.89,5.78,0.8461538461538461,True
CMPD_05378,0.7533,5.66,0.42,True
CMPD_05379,0.7067,5.47,0.7058823529411765,True
CMPD_05390,0.2122,4.81,0.6351351351351351,True
CMPD_05393,0.4433,4.97,0.7424242424242424,True
CMPD_05401,0.1533,5.09,0.7236842105263158,True
CMPD_05404,0.8033,5.39,0.7222222222222222,True
CMPD_05408,0.0833,4.92,0.8876404494382022,True
CMPD_05420,0.2617,4.76,0.5916666666666667,True
CMPD_05449,0.5133,4.79,0.6376811594202898,True
CMPD_05453,0.9133,5.59,0.6666666666666666,True
CMPD_05462,0.7567,5.54,0.36,False
CMPD_05463,0.48,5.07,0.382716049382716,False
CMPD_05466,0.31,4.6,0.3508771929824561,False
CMPD_05472,0.5067,4.93,0.6888888888888889,True
CMPD_05503,0.4056,4.98,0.7534246575342466,True
CMPD_05504,0.6433,5.1,0.8636363636363636,True
CMPD_05515,0.4,4.93,0.7571428571428571,True
CMPD_05519,0.5933,5.02,0.7536231884057971,True
CMPD_05525,0.42,5.22,0.6219512195121951,True
CMPD_05533,0.1533,4.77,0.8142857142857143,True
CMPD_05540,0.5833,5.32,0.7926829268292683,True
CMPD_05541,0.5667,5.3,0.7831325301204819,True
CMPD_05542,0.4778,4.93,0.88,True
CMPD_05545,0.62,5.34,0.7906976744186046,True
CMPD_05546,0.76,5.47,0.7647058823529411,True
CMPD_05549,0.8167,5.62,0.9135802469135802,True
CMPD_05551,0.5567,5.21,0.6595744680851063,True
CMPD_05552,0.5367,5.17,0.7159090909090909,True
CMPD_05561,0.7,5.21,0.6753246753246753,True
CMPD_05562,0.437,5.19,0.7894736842105263,True
CMPD_05564,0.4117,5.17,0.7922077922077922,True
CMPD_05567,0.5026,5.13,0.7792207792207793,True
CMPD_05568,0.5,5.04,0.7922077922077922,True
CMPD_05571,0.3067,4.58,0.7662337662337663,True
CMPD_05572,0.42,5.02,0.7341772151898734,True
CMPD_05574,0.3367,4.84,0.7922077922077922,True
CMPD_05579,0.3667,4.66,0.303030303030303,False
CMPD_05591,0.3933,4.79,0.325,False
CMPD_05593,0.62,5.27,0.3857142857142857,False
CMPD_05598,0.7,5.21,0.6753246753246753,True
CMPD_05614,0.4133,4.85,0.1688311688311688,False
CMPD_05620,0.9433,5.05,0.9285714285714286,True
CMPD_05624,0.7267,5.44,0.6111111111111112,True
CMPD_05625,0.7133,5.37,0.6179775280898876,True
CMPD_05647,0.21,4.89,0.7638888888888888,True
CMPD_05677,0.7733,5.13,0.7204301075268817,True
CMPD_05683,0.8622,4.91,0.7727272727272727,True
CMPD_05685,0.7933,4.95,0.6911764705882353,True
CMPD_05690,0.9067,6.04,0.6984126984126984,True
CMPD_05694,0.45,4.86,0.543859649122807,True
CMPD_05696,0.73,5.31,0.5777777777777777,True
CMPD_05701,0.5267,4.89,0.7910447761194029,True
CMPD_05706,0.3967,4.76,0.7352941176470589,True
CMPD_05707,0.7613,5.44,0.7777777777777778,True
CMPD_05708,0.8067,5.49,0.8125,True
CMPD_05709,0.7667,5.58,0.7804878048780488,True
CMPD_05711,0.7467,5.42,0.775,True
CMPD_05712,0.7533,5.06,0.7916666666666666,True
CMPD_05713,0.8133,5.49,0.8311688311688312,True
CMPD_05714,0.8133,5.34,0.8133333333333334,True
CMPD_05717,0.7933,5.18,0.8243243243243243,True
CMPD_05721,0.85,5.22,0.9041095890410958,True
CMPD_05722,0.58,4.95,0.6973684210526315,True
CMPD_05727,0.9017,5.61,0.7349397590361446,True
CMPD_05729,0.9183,5.88,0.782051282051282,True
CMPD_05746,0.6967,4.98,0.6891891891891891,True
CMPD_05747,0.8067,4.99,0.8461538461538461,True
CMPD_05750,0.9233,6.05,0.703125,True
CMPD_05752,0.9167,5.2,0.7164179104477612,True
CMPD_05761,0.8067,5.49,0.8125,True
CMPD_05762,0.6067,5.01,0.6404494382022472,True
CMPD_05771,0.7533,5.4,0.75,True
CMPD_05787,0.64,5.13,0.3258426966292135,False
CMPD_05788,0.8078,5.53,0.524390243902439,True
CMPD_05789,0.8078,5.53,0.524390243902439,True
CMPD_05790,0.8718,5.51,0.7397260273972602,True
CMPD_05791,0.8333,5.57,0.5421686746987951,True
CMPD_05793,0.79,5.54,0.7313432835820896,True
CMPD_05794,0.73,5.4,0.6222222222222222,True
CMPD_05795,0.77,5.6,0.6301369863013698,True
CMPD_05798,0.7767,5.64,0.6923076923076923,True
CMPD_05799,0.8411,5.4,0.7419354838709677,True
CMPD_05816,0.85,5.76,0.75,True
CMPD_05821,0.1967,4.5,0.8028169014084507,True
CMPD_05824,0.7283,5.24,0.8857142857142857,True
CMPD_05826,0.2317,4.9,0.7439024390243902,True
CMPD_05843,0.9133,5.42,0.7536231884057971,True
CMPD_05844,0.9428,5.5,0.782608695652174,True
CMPD_05846,0.4367,5.01,0.8133333333333334,True
CMPD_05852,0.49,4.92,0.2871287128712871,False
CMPD_05857,0.11,4.72,0.7384615384615385,True
CMPD_05863,0.6067,5.05,0.7866666666666666,True
CMPD_05864,0.8367,5.47,0.7714285714285715,True
CMPD_05865,0.5233,5.01,0.7027027027027027,True
CMPD_05892,0.4911,5.06,0.5,True
CMPD_05916,0.6682,5.16,0.5,True
CMPD_05918,0.74,5.27,0.7162162162162162,True
CMPD_05919,0.77,5.19,0.360655737704918,False
CMPD_05933,0.5217,5.03,0.5645161290322581,True
CMPD_05935,0.8461,5.45,0.72,True
CMPD_05937,0.09,4.58,0.8666666666666667,True
CMPD_05938,0.3867,5.01,0.746031746031746,True
CMPD_05940,0.07,4.62,0.9,True
CMPD_05942,0.0533,4.66,0.9,True
CMPD_05943,0.4033,5.01,0.7301587301587301,True
CMPD_05944,0.11,4.59,0.864406779661017,True
CMPD_05945,0.11,4.59,0.864406779661017,True
CMPD_05946,0.1267,4.61,0.864406779661017,True
CMPD_05947,0.14,4.7,0.7058823529411765,True
CMPD_05948,0.1267,4.61,0.864406779661017,True
CMPD_05953,0.395,4.76,0.7543859649122807,True
CMPD_05962,0.7667,5.42,0.5849056603773585,True
CMPD_05963,0.7833,5.26,0.5263157894736842,True
CMPD_05964,0.7467,5.18,0.3870967741935484,False
CMPD_05967,0.8567,6.1,0.7407407407407407,True
CMPD_05970,0.5767,5.35,0.7361111111111112,True
CMPD_05971,0.4413,5.25,0.7066666666666667,True
CMPD_05975,0.6,6.92,0.775,True
CMPD_05986,0.8633,5.29,0.7671232876712328,True
CMPD_05987,0.97,4.89,0.9833333333333332,True
CMPD_05999,0.53,5.26,0.7721518987341772,True
CMPD_06000,0.4567,5.07,0.75,True
CMPD_06001,0.44,5.0,0.7926829268292683,True
CMPD_06002,0.46,4.98,0.7647058823529411,True
CMPD_06003,0.3433,4.89,0.8701298701298701,True
CMPD_06005,0.6167,5.12,0.8414634146341463,True
CMPD_06007,0.5133,4.97,0.7701149425287356,True
CMPD_06008,0.4967,5.02,0.7701149425287356,True
CMPD_06010,0.34,4.88,0.7682926829268293,True
CMPD_06012,0.7033,5.2,0.8987341772151899,True
CMPD_06014,0.3933,4.96,0.7831325301204819,True
CMPD_06015,0.4233,4.84,0.6444444444444445,True
CMPD_06016,0.444,4.95,0.7619047619047619,True
CMPD_06022,0.6322,5.11,0.7285714285714285,True
CMPD_06028,0.8467,4.97,0.8974358974358975,True
CMPD_06050,0.624,4.91,0.8028169014084507,True
CMPD_06055,0.7033,5.57,0.4069767441860465,True
CMPD_06060,0.2633,4.8,0.582089552238806,True
CMPD_06063,0.4744,4.88,0.647887323943662,True
CMPD_06068,0.2889,4.57,0.75,True
CMPD_06076,0.6772,6.3,0.7228915662650602,True
CMPD_06077,0.69,7.31,0.8148148148148148,True
CMPD_06085,0.6678,6.65,0.8354430379746836,True
CMPD_06091,0.59,5.19,0.3934426229508196,False
CMPD_06093,0.64,5.36,0.5822784810126582,True
CMPD_06094,0.6708,5.26,0.726027397260274,True
CMPD_06104,0.6378,5.29,0.8181818181818182,True
CMPD_06111,0.4219,4.91,0.6575342465753424,True
CMPD_06112,0.6056,4.85,0.3037974683544304,False
CMPD_06117,0.95,5.39,0.935483870967742,True
CMPD_06122,0.8308,6.74,0.6363636363636364,True
CMPD_06123,0.7433,6.77,0.6282051282051282,True
CMPD_06142,0.5433,4.86,0.6212121212121212,True
CMPD_06148,0.3492,4.83,0.3125,False
CMPD_06151,0.675,4.97,0.8611111111111112,True
CMPD_06152,0.3292,6.18,0.7848101265822784,True
CMPD_06153,0.7667,7.17,0.7702702702702703,True
CMPD_06154,0.6333,6.63,0.7439024390243902,True
CMPD_06155,0.8089,5.26,0.8636363636363636,True
CMPD_06171,0.8167,5.63,0.7972972972972973,True
CMPD_06173,0.6767,5.47,0.7439024390243902,True
CMPD_06186,0.5917,5.21,0.75,True
CMPD_06198,0.8133,5.41,0.8227848101265823,True
CMPD_06199,0.9467,5.47,0.8904109589041096,True
CMPD_06212,0.1433,4.21,0.8194444444444444,True
CMPD_06214,0.1667,4.35,0.7837837837837838,True
CMPD_06220,0.7542,5.19,0.7066666666666667,True
CMPD_06221,0.3833,5.14,0.4770642201834862,True
CMPD_06223,0.646,5.04,0.7083333333333334,True
CMPD_06225,0.3033,4.92,0.7428571428571429,True
CMPD_06234,0.6967,5.47,0.4328358208955223,True
CMPD_06245,0.3767,4.99,0.3378378378378378,False
CMPD_06246,0.55,5.26,0.3424657534246575,False
CMPD_06249,0.7333,5.41,0.5921052631578947,True
CMPD_06259,0.9033,5.83,0.7222222222222222,True
CMPD_06262,0.9933,5.98,0.8051948051948052,True
CMPD_06267,0.9,5.91,0.7125,True
CMPD_06271,0.4956,4.84,0.408,True
CMPD_06276,0.2689,4.68,0.6515151515151515,True
CMPD_06292,0.2878,4.72,0.3647058823529411,False
CMPD_06307,0.5867,5.11,0.704225352112676,True
CMPD_06311,0.9267,6.02,0.8225806451612904,True
CMPD_06312,0.3533,4.82,0.6296296296296297,True
CMPD_06314,0.2133,4.77,0.7924528301886793,True
CMPD_06315,0.2933,4.69,0.6481481481481481,True
CMPD_06319,0.39,4.92,0.6862745098039216,True
CMPD_06321,0.3667,5.13,0.673469387755102,True
CMPD_06322,0.5211,5.14,0.4545454545454545,True
CMPD_06323,0.5978,5.16,0.4464285714285714,True
CMPD_06324,0.5267,5.31,0.4716981132075472,True
CMPD_06325,0.5778,5.01,0.3536585365853658,False
CMPD_06332,0.3867,4.93,0.803030303030303,True
CMPD_06333,0.82,5.84,0.7049180327868853,True
CMPD_06336,0.4767,5.46,0.8148148148148148,True
CMPD_06338,0.3733,5.25,0.8271604938271605,True
CMPD_06351,0.2067,4.76,0.8902439024390244,True
CMPD_06352,0.0717,4.65,0.8823529411764706,True
CMPD_06375,0.8067,5.56,0.7428571428571429,True
CMPD_06382,0.6567,5.91,0.4852941176470588,True
CMPD_06386,0.22,4.8,0.7733333333333333,True
CMPD_06396,0.2467,4.68,0.7966101694915254,True
CMPD_06397,0.31,4.89,0.746031746031746,True
CMPD_06402,0.33,4.67,0.734375,True
CMPD_06403,0.2967,4.95,0.8596491228070176,True
CMPD_06405,0.2033,4.84,0.8095238095238095,True
CMPD_06420,0.58,5.29,0.75,True
CMPD_06422,0.5767,5.34,0.75,True
CMPD_06426,0.8122,5.24,0.4647887323943662,True
CMPD_06435,0.83,5.53,0.673469387755102,True
CMPD_06438,0.4933,4.95,0.265625,False
CMPD_06444,0.5083,5.06,0.4069767441860465,True
CMPD_06445,0.6233,5.11,0.4901960784313725,True
CMPD_06446,0.3,4.69,0.4166666666666667,True
CMPD_06464,0.1067,4.33,0.8,True
CMPD_06486,0.0833,4.69,0.8059701492537313,True
CMPD_06507,0.5033,5.12,0.578125,True
CMPD_06521,0.4167,4.74,0.2972972972972973,False
CMPD_06522,0.6876,5.19,0.7666666666666667,True
CMPD_06523,0.5943,4.97,0.7636363636363637,True
CMPD_06553,0.3563,4.91,0.6285714285714286,True
CMPD_06558,0.6278,4.69,0.3283582089552239,False
CMPD_06563,0.39,5.09,0.746268656716418,True
CMPD_06564,0.6667,5.13,0.4,True
CMPD_06577,0.2667,4.72,0.3513513513513513,False
CMPD_06579,0.5217,4.99,0.59375,True
CMPD_06581,0.4692,4.6,0.3012048192771084,False
CMPD_06582,0.3533,5.08,0.65625,True
CMPD_06590,0.6378,5.24,0.5517241379310345,True
CMPD_06591,0.5708,5.09,0.5925925925925926,True
CMPD_06592,0.6667,5.19,0.7323943661971831,True
CMPD_06603,0.4,4.75,0.4931506849315068,True
CMPD_06604,0.5,4.82,0.3625,False
CMPD_06605,0.3933,4.73,0.647887323943662,True
CMPD_06611,0.2133,4.67,0.8507462686567164,True
CMPD_06615,0.2075,4.79,0.8840579710144928,True
CMPD_06617,0.8856,5.3,0.8769230769230769,True
CMPD_06640,0.3067,4.73,0.3529411764705882,False
CMPD_06645,0.3967,4.96,0.5789473684210527,True
CMPD_06646,0.4206,4.73,0.4044943820224719,True
CMPD_06652,0.4767,5.04,0.7878787878787878,True
CMPD_06653,0.5333,4.87,0.65625,True
CMPD_06659,0.3389,5.27,0.4032258064516129,True
CMPD_06668,0.8521,5.32,0.88,True
CMPD_06674,0.87,5.34,0.8026315789473685,True
CMPD_06680,0.4,5.12,0.3536585365853658,False
CMPD_06691,0.5467,4.93,0.3278688524590163,False
CMPD_06692,0.7533,5.62,0.5068493150684932,True
CMPD_06693,0.7633,5.39,0.5068493150684932,True
CMPD_06695,0.8367,5.4,0.684931506849315,True
CMPD_06696,0.8467,5.24,0.6666666666666666,True
CMPD_06702,0.93,5.18,0.8082191780821918,True
CMPD_06722,0.6292,5.04,0.3559322033898305,False
CMPD_06725,0.77,5.79,0.75,True
CMPD_06738,0.9033,6.7,0.9090909090909092,True
CMPD_06750,0.7667,5.68,0.7571428571428571,True
CMPD_06755,0.2633,4.66,0.7945205479452054,True
CMPD_06769,0.61,5.08,0.7058823529411765,True
CMPD_06782,0.15,4.66,0.7916666666666666,True
CMPD_06786,0.4117,4.72,0.3194444444444444,False
CMPD_06787,0.51,4.79,0.3125,False
CMPD_06791,0.98,5.78,0.7464788732394366,True
CMPD_06792,0.5467,4.89,0.8555555555555555,True
CMPD_06799,0.9467,6.34,0.5166666666666667,True
CMPD_06800,0.9733,5.79,0.75,True
CMPD_06803,0.8233,5.85,0.3636363636363636,False
CMPD_06812,0.8893,5.44,0.6774193548387096,True
CMPD_06813,0.8993,5.55,0.6885245901639344,True
CMPD_06816,0.11,4.69,0.8433734939759037,True
CMPD_06827,0.4697,4.83,0.4285714285714285,True
CMPD_06831,0.525,4.82,0.5492957746478874,True
CMPD_06832,0.445,4.82,0.5571428571428572,True
CMPD_06837,0.0533,4.39,0.7972972972972973,True
CMPD_06838,0.47,4.76,0.8271604938271605,True
CMPD_06839,0.47,4.76,0.8271604938271605,True
CMPD_06840,0.47,4.76,0.8271604938271605,True
CMPD_06841,0.47,4.76,0.8271604938271605,True
CMPD_06861,0.515,5.04,0.4567901234567901,True
CMPD_06862,0.4783,4.85,0.5652173913043478,True
CMPD_06896,0.1733,5.07,0.7682926829268293,True
CMPD_06940,0.2089,5.15,0.9375,True
CMPD_06941,0.23,5.01,0.8787878787878788,True
CMPD_06944,0.5638,5.49,0.75,True
CMPD_06949,0.4339,5.07,0.7283950617283951,True
CMPD_06950,0.5533,5.46,0.7349397590361446,True
CMPD_06951,0.3186,4.91,0.825,True
CMPD_06955,0.5617,5.31,0.8059701492537313,True
CMPD_06965,0.2556,4.42,0.7926829268292683,True
CMPD_06973,0.1067,4.56,0.7974683544303798,True
CMPD_06988,0.7317,5.7,0.6753246753246753,True
CMPD_06993,0.8767,6.11,0.7285714285714285,True
CMPD_06994,0.88,6.16,0.7285714285714285,True
CMPD_06996,0.8756,6.1,0.64,True
CMPD_06998,0.8644,6.31,0.7083333333333334,True
CMPD_07011,0.7333,5.49,0.7972972972972973,True
CMPD_07043,0.9367,5.99,0.7692307692307693,True
CMPD_07044,0.8733,5.53,0.7014925373134329,True
CMPD_07056,0.5233,4.97,0.7777777777777778,True
CMPD_07060,0.2133,4.8,0.75,True
CMPD_07061,0.5,4.79,0.5238095238095238,True
CMPD_07068,0.4217,4.84,0.330188679245283,False
CMPD_07074,0.7733,5.41,0.8205128205128205,True
CMPD_07079,0.92,5.49,0.6607142857142857,True
CMPD_07088,0.8933,5.96,0.6779661016949152,True
CMPD_07090,0.86,6.17,0.7361111111111112,True
CMPD_07100,0.431,4.71,0.5428571428571428,True
CMPD_07109,0.8167,5.5,0.676923076923077,True
CMPD_07114,0.59,5.68,0.3103448275862069,False
CMPD_07119,0.3422,4.66,0.7424242424242424,True
CMPD_07123,0.9267,8.27,0.75,True
CMPD_07125,0.46,4.93,0.3448275862068966,False
CMPD_07129,0.2867,4.62,0.7631578947368421,True
CMPD_07130,0.1433,4.61,0.7777777777777778,True
CMPD_07135,0.2433,4.54,0.5352112676056338,True
CMPD_07136,0.26,4.58,0.5507246376811594,True
CMPD_07139,0.97,5.7,0.7397260273972602,True
CMPD_07142,0.95,5.4,0.981132075471698,True
CMPD_07144,0.7448,5.35,0.7704918032786885,True
CMPD_07146,0.7448,5.35,0.7704918032786885,True
CMPD_07147,0.95,5.4,0.981132075471698,True
CMPD_07148,0.95,5.4,0.981132075471698,True
CMPD_07150,0.8793,5.54,0.7213114754098361,True
CMPD_07163,0.0933,4.63,0.7777777777777778,True
CMPD_07164,0.1642,4.72,0.8307692307692308,True
CMPD_07171,0.36,4.9,0.7560975609756098,True
CMPD_07178,0.51,5.08,0.2580645161290322,False
CMPD_07180,0.725,5.54,0.65625,True
CMPD_07181,0.4256,4.98,0.2575757575757575,False
CMPD_07185,0.45,5.2,0.7586206896551724,True
CMPD_07198,0.3267,5.06,0.6666666666666666,True
CMPD_07200,0.84,5.81,0.6153846153846154,True
CMPD_07215,0.5756,5.14,0.4769230769230769,True
CMPD_07238,0.2567,4.75,0.7444444444444445,True
CMPD_07242,0.4827,4.92,0.5694444444444444,True
CMPD_07245,0.9633,5.47,0.7090909090909091,True
CMPD_07247,0.8383,4.89,0.7619047619047619,True
CMPD_07252,0.7203,4.97,0.6268656716417911,True
CMPD_07260,0.5467,5.21,0.6571428571428571,True
CMPD_07261,0.3833,4.97,0.379746835443038,False
CMPD_07264,0.4333,5.22,0.581081081081081,True
CMPD_07296,0.8467,4.94,0.8055555555555556,True
CMPD_07298,0.4843,4.9,0.9032258064516128,True
CMPD_07300,0.4843,4.9,0.9032258064516128,True
CMPD_07301,0.28,4.89,0.8142857142857143,True
CMPD_07305,0.03,4.67,0.8461538461538461,True
CMPD_07307,0.0433,4.82,0.8169014084507042,True
CMPD_07309,0.9167,5.41,0.7894736842105263,True
CMPD_07313,0.8067,5.4,0.7948717948717948,True
CMPD_07315,0.3083,4.63,0.5670103092783505,True
CMPD_07316,0.1933,4.58,0.6521739130434783,True
CMPD_07317,0.1767,4.56,0.5428571428571428,True
CMPD_07320,0.5733,5.06,0.6956521739130435,True
CMPD_07324,0.24,4.28,0.7333333333333333,True
CMPD_07325,0.6567,5.73,0.684931506849315,True
CMPD_07337,0.56,4.57,0.7777777777777778,True
CMPD_07338,0.706,5.2,0.7605633802816901,True
CMPD_07339,0.6167,4.56,0.589041095890411,True
CMPD_07345,0.22,4.21,0.925925925925926,True
CMPD_07351,0.7233,5.16,0.8208955223880597,True
CMPD_07354,0.9689,5.05,0.7931034482758621,True
CMPD_07356,0.9733,5.05,0.7543859649122807,True
CMPD_07362,0.58,4.99,0.3442622950819672,False
CMPD_07375,0.3447,4.66,0.7536231884057971,True
CMPD_07380,0.3447,4.66,0.7536231884057971,True
CMPD_07390,0.0133,4.64,0.7837837837837838,True
CMPD_07391,0.03,4.65,0.7464788732394366,True
CMPD_07392,0.05,4.69,0.7464788732394366,True
CMPD_07393,0.0267,4.6,0.7638888888888888,True
CMPD_07395,0.4488,5.14,0.5375,True
CMPD_07396,0.4854,5.06,0.5384615384615384,True
CMPD_07397,0.44,4.95,0.5487804878048781,True
CMPD_07398,0.4599,5.11,0.5949367088607594,True
CMPD_07399,0.5054,5.02,0.5625,True
CMPD_07400,0.5188,5.12,0.5625,True
CMPD_07401,0.46,4.9,0.5432098765432098,True
CMPD_07405,0.6233,4.94,0.7083333333333334,True
CMPD_07411,0.4322,4.69,0.2558139534883721,False
CMPD_07413,0.5,4.9,0.268041237113402,False
CMPD_07414,0.3661,4.74,0.2941176470588235,False
CMPD_07426,0.7833,5.38,0.7435897435897436,True
CMPD_07432,0.9367,5.46,0.7407407407407407,True
CMPD_07441,0.41,5.96,0.7303370786516854,True
CMPD_07443,0.63,4.89,0.6984126984126984,True
CMPD_07445,0.3258,4.83,0.6133333333333333,True
CMPD_07461,0.37,4.9,0.6056338028169014,True
CMPD_07462,0.4533,5.01,0.5972222222222222,True
CMPD_07463,0.3,4.87,0.6056338028169014,True
CMPD_07464,0.46,6.14,0.5921052631578947,True
CMPD_07469,0.2117,4.77,0.7313432835820896,True
CMPD_07470,0.3,4.84,0.7619047619047619,True
CMPD_07474,0.1267,4.94,0.8243243243243243,True
CMPD_07475,0.15,4.29,0.7428571428571429,True
CMPD_07485,0.8367,5.34,0.7763157894736842,True
CMPD_07487,0.8283,5.34,0.8051948051948052,True
CMPD_07490,0.105,4.64,0.8356164383561644,True
CMPD_07497,0.0867,4.61,0.7763157894736842,True
CMPD_07509,0.02,4.57,0.8676470588235294,True
CMPD_07511,0.12,4.64,0.75,True
CMPD_07513,0.0667,4.59,0.875,True
CMPD_07514,0.1222,4.72,0.75,True
CMPD_07516,0.08,4.67,0.8732394366197183,True
CMPD_07521,0.74,5.37,0.746268656716418,True
CMPD_07523,0.55,5.16,0.7647058823529411,True
CMPD_07524,0.4767,4.87,0.7352941176470589,True
CMPD_07528,0.9833,6.41,0.7671232876712328,True
CMPD_07559,0.3317,4.77,0.5138888888888888,True
CMPD_07560,0.2467,4.65,0.6615384615384615,True
CMPD_07561,0.2033,4.57,0.5507246376811594,True
CMPD_07565,0.2983,4.81,0.7164179104477612,True
CMPD_07566,0.2233,4.69,0.7096774193548387,True
CMPD_07573,0.6672,4.96,0.7088607594936709,True
CMPD_07585,0.5667,4.81,0.7746478873239436,True
CMPD_07599,0.4883,4.94,0.33,False
CMPD_07601,0.1967,4.55,0.7166666666666667,True
CMPD_07602,0.244,4.84,0.711864406779661,True
CMPD_07609,0.5833,4.81,0.7192982456140351,True
CMPD_07614,0.7125,5.29,0.5769230769230769,True
CMPD_07631,0.18,4.52,0.7205882352941176,True
CMPD_07632,0.1133,4.5,0.7272727272727273,True
CMPD_07644,0.3367,4.97,0.6153846153846154,True
CMPD_07651,0.0333,4.5,0.8958333333333334,True
CMPD_07653,0.1885,4.61,0.7954545454545454,True
CMPD_07662,0.7433,6.39,0.6111111111111112,True
CMPD_07672,0.7333,6.18,0.640625,True
CMPD_07673,0.6667,6.06,0.5694444444444444,True
CMPD_07674,0.76,6.28,0.5573770491803278,True
CMPD_07675,0.62,6.13,0.5277777777777778,True
CMPD_07682,0.4167,4.92,0.6144578313253012,True
CMPD_07683,0.38,4.91,0.620253164556962,True
CMPD_07687,0.3,4.84,0.6714285714285714,True
CMPD_07692,0.5067,5.05,0.7358490566037735,True
CMPD_07693,0.2733,4.61,0.7424242424242424,True
CMPD_07697,0.5367,5.0,0.625,True
CMPD_07701,0.3633,4.57,0.6612903225806451,True
CMPD_07702,0.4833,4.89,0.5254237288135594,True
CMPD_07703,0.52,5.14,0.803921568627451,True
CMPD_07709,0.4767,4.86,0.4137931034482758,True
CMPD_07712,0.3753,4.69,0.5625,True
CMPD_07713,0.2993,4.55,0.5,True
CMPD_07715,0.5433,4.86,0.7910447761194029,True
CMPD_07716,0.5283,5.02,0.3837209302325581,False
CMPD_07722,0.35,3.76,0.6666666666666666,True
CMPD_07728,0.85,5.61,0.7878787878787878,True
CMPD_07729,0.8727,5.1,0.7428571428571429,True
CMPD_07730,0.5,5.11,0.5352112676056338,True
CMPD_07740,0.7233,5.2,0.4,True
CMPD_07747,0.49,5.03,0.7115384615384616,True
CMPD_07748,0.4789,4.63,0.6226415094339622,True
CMPD_07753,0.41,4.98,0.2941176470588235,False
CMPD_07755,0.4658,4.9,0.3246753246753247,False
CMPD_07756,0.5383,5.0,0.2876712328767123,False
CMPD_07757,0.4678,4.74,0.3048780487804878,False
CMPD_07761,0.6167,5.1,0.3333333333333333,False
CMPD_07764,0.6592,5.28,0.2987012987012987,False
CMPD_07767,0.5177,5.28,0.5616438356164384,True
CMPD_07777,0.7822,5.72,0.3709677419354839,False
CMPD_07782,0.4533,4.95,0.7142857142857143,True
CMPD_07787,0.5333,5.09,0.3970588235294117,False
CMPD_07790,0.4517,5.37,0.3333333333333333,False
CMPD_07791,0.7233,5.26,0.6875,True
CMPD_07796,0.5789,5.1,0.5853658536585366,True
CMPD_07803,0.1167,4.18,0.7872340425531915,True
CMPD_07804,0.37,4.78,0.6491228070175439,True
CMPD_07813,0.24,4.65,0.7246376811594203,True
CMPD_07814,0.4233,4.88,0.5844155844155844,True
CMPD_07816,0.44,4.88,0.5897435897435898,True
CMPD_07821,0.25,4.51,0.3225806451612903,False
CMPD_07824,0.2958,4.87,0.5393258426966292,True
CMPD_07858,0.47,5.01,0.2222222222222222,False
CMPD_07863,0.1033,4.36,0.7741935483870968,True
CMPD_07867,0.29,4.37,0.1979166666666666,False
CMPD_07876,0.3672,4.77,0.2828282828282828,False
CMPD_07881,0.9189,5.26,0.7142857142857143,True
CMPD_07882,0.8639,5.56,0.6065573770491803,True
CMPD_07883,0.895,5.22,0.7192982456140351,True
CMPD_07896,0.4176,4.79,0.6666666666666666,True
CMPD_07901,0.5398,4.63,0.5510204081632653,True
CMPD_07907,0.67,5.27,0.5970149253731343,True
CMPD_07908,0.23,4.48,0.7254901960784313,True
CMPD_07917,0.9567,5.47,0.660377358490566,True
CMPD_07920,0.94,8.31,0.8269230769230769,True
CMPD_07922,0.9767,5.62,0.7142857142857143,True
CMPD_07924,0.95,6.68,0.9565217391304348,True
CMPD_07931,0.91,5.48,0.7307692307692307,True
CMPD_07932,0.96,5.44,0.7450980392156863,True
CMPD_07937,0.3467,4.62,0.2526315789473684,False
CMPD_07938,0.2933,4.65,0.2528735632183908,False
CMPD_07943,0.8439,5.54,0.4210526315789473,True
CMPD_07944,0.8439,5.54,0.4210526315789473,True
CMPD_07946,0.7233,4.95,0.6666666666666666,True
CMPD_07948,0.7267,4.99,0.75,True
CMPD_07975,0.7725,5.18,0.6545454545454545,True
CMPD_07976,0.8317,5.13,0.6792452830188679,True
CMPD_07978,0.9667,5.54,0.8125,True
CMPD_07986,0.91,5.82,0.7547169811320755,True
CMPD_07987,0.7106,5.04,0.6938775510204082,True
CMPD_07988,0.8358,5.71,0.7014925373134329,True
CMPD_07993,0.72,5.34,0.7413793103448276,True
CMPD_07998,0.2441,5.11,0.7592592592592593,True
CMPD_08000,0.6033,5.42,0.7704918032786885,True
CMPD_08007,0.3089,5.0,0.7413793103448276,True
CMPD_08009,0.4422,5.31,0.6935483870967742,True
CMPD_08015,0.5867,5.53,0.6833333333333333,True
CMPD_08022,0.8189,5.5,0.5,True
CMPD_08024,0.5067,5.27,0.7236842105263158,True
CMPD_08034,0.3053,5.04,0.6666666666666666,True
CMPD_08039,0.91,7.95,0.7619047619047619,True
CMPD_08044,0.8767,8.04,0.8813559322033898,True
CMPD_08051,0.1167,4.22,0.7368421052631579,True
CMPD_08058,0.7656,5.44,0.3285714285714285,False
CMPD_08059,0.7656,5.44,0.3285714285714285,False
CMPD_08064,0.21,4.39,0.9285714285714286,True
CMPD_08065,0.21,4.39,0.9285714285714286,True
CMPD_08066,0.21,4.39,0.9285714285714286,True
CMPD_08069,0.5533,5.17,0.7692307692307693,True
CMPD_08103,0.415,5.22,0.6296296296296297,True
CMPD_08104,0.59,5.35,0.6538461538461539,True
CMPD_08105,0.5367,5.34,0.68,True
CMPD_08106,0.4567,4.85,0.6455696202531646,True
CMPD_08107,0.4933,4.9,0.6666666666666666,True
CMPD_08126,0.2233,4.67,0.5945945945945946,True
CMPD_08137,0.8933,5.32,0.6779661016949152,True
CMPD_08138,0.8417,5.23,0.6896551724137931,True
CMPD_08139,0.3192,4.56,0.3103448275862069,False
CMPD_08140,0.3167,4.95,0.2025316455696202,False
CMPD_08149,0.7856,5.26,0.6333333333333333,True
CMPD_08150,0.7717,5.09,0.8024691358024691,True
CMPD_08165,0.8433,5.26,0.8783783783783784,True
CMPD_08167,0.5967,5.1,0.7564102564102564,True
CMPD_08169,0.7633,5.09,0.8024691358024691,True
CMPD_08170,0.1933,4.65,0.75,True
CMPD_08171,0.7022,5.01,0.7974683544303798,True
CMPD_08172,0.93,5.24,0.7922077922077922,True
CMPD_08183,0.8633,5.33,0.7866666666666666,True
CMPD_08191,0.8033,5.24,0.76,True
CMPD_08192,0.7617,5.1,0.7439024390243902,True
CMPD_08193,0.9133,5.3,0.8082191780821918,True
CMPD_08216,0.7067,7.14,0.8311688311688312,True
CMPD_08248,0.2687,4.93,0.6285714285714286,True
CMPD_08251,0.8697,5.54,0.6333333333333333,True
CMPD_08259,0.8056,5.23,0.6166666666666667,True
CMPD_08263,0.9167,5.1,0.7241379310344828,True
CMPD_08264,0.9333,5.08,0.7857142857142857,True
CMPD_08272,0.3787,4.85,0.7096774193548387,True
CMPD_08273,0.8267,5.69,0.75,True
CMPD_08277,0.3133,4.41,0.75,True
CMPD_08279,0.78,6.27,0.7246376811594203,True
CMPD_08281,0.5433,4.9,0.8082191780821918,True
CMPD_08282,0.46,4.92,0.7945205479452054,True
CMPD_08285,0.51,4.8,0.7058823529411765,True
CMPD_08287,0.39,4.41,0.4642857142857143,True
CMPD_08288,0.3467,4.51,0.5769230769230769,True
CMPD_08289,0.3333,4.73,0.2325581395348837,False
CMPD_08291,0.92,4.99,0.6557377049180327,True
CMPD_08298,0.946,5.82,0.7241379310344828,True
CMPD_08303,0.9467,5.18,0.8125,True
CMPD_08304,0.8917,4.98,0.7384615384615385,True
CMPD_08308,0.5111,4.9,0.4782608695652174,True
CMPD_08318,0.3833,4.42,0.524390243902439,True
CMPD_08319,0.272,5.05,0.8214285714285714,True
CMPD_08321,0.5956,5.01,0.9242424242424242,True
CMPD_08324,0.3322,4.85,0.7671232876712328,True
CMPD_08326,0.4553,5.13,0.2580645161290322,False
CMPD_08340,0.86,5.3,0.6338028169014085,True
CMPD_08354,0.3833,4.42,0.524390243902439,True
CMPD_08355,0.3933,4.42,0.5185185185185185,True
CMPD_08357,0.84,5.99,0.5384615384615384,True
CMPD_08360,0.5789,5.1,0.5853658536585366,True
CMPD_08363,0.3133,4.93,0.4492753623188406,True
CMPD_08401,0.5889,5.2,0.7457627118644068,True
CMPD_08403,0.7889,5.81,0.4886363636363636,True
CMPD_08416,0.5747,5.29,0.5972222222222222,True
CMPD_08433,0.375,4.78,0.7647058823529411,True
CMPD_08434,0.3422,4.68,0.7222222222222222,True
CMPD_08441,0.2983,4.71,0.6956521739130435,True
CMPD_08442,0.45,4.84,0.7164179104477612,True
CMPD_08445,0.92,5.04,0.7333333333333333,True
CMPD_08446,0.8033,5.01,0.684931506849315,True
CMPD_08448,0.7922,4.82,0.7096774193548387,True
CMPD_08452,0.85,4.94,0.7857142857142857,True
CMPD_08453,0.7733,4.9,0.7142857142857143,True
CMPD_08463,0.755,4.99,0.7377049180327869,True
CMPD_08465,0.94,8.31,0.8269230769230769,True
CMPD_08466,0.9767,5.62,0.7142857142857143,True
CMPD_08472,0.4772,4.67,0.3924050632911392,False
CMPD_08473,0.3633,4.69,0.5333333333333333,True
CMPD_08483,0.49,5.05,0.2666666666666666,False
CMPD_08491,0.4,5.06,0.3733333333333333,False
CMPD_08496,0.15,4.21,0.7575757575757576,True
CMPD_08499,0.7656,5.44,0.3285714285714285,False
CMPD_08500,0.7656,5.44,0.3285714285714285,False
CMPD_08510,0.6925,5.83,0.3924050632911392,False
CMPD_08512,0.59,5.18,0.5714285714285714,True
CMPD_08515,0.5175,5.29,0.3152173913043478,False
CMPD_08519,0.1217,4.19,0.8,True
CMPD_08521,0.3278,4.72,0.25,False
CMPD_08523,0.3807,4.69,0.2658227848101265,False
CMPD_08527,0.3133,4.65,0.4810126582278481,True
CMPD_08530,0.1958,3.87,0.6923076923076923,True
CMPD_08531,0.1767,3.93,0.6025641025641025,True
CMPD_08532,0.2767,4.43,0.6266666666666667,True
CMPD_08533,0.0967,3.96,0.6527777777777778,True
CMPD_08534,0.05,3.76,0.859375,True
CMPD_08535,0.1367,4.23,0.5443037974683544,True
CMPD_08536,0.3133,4.28,0.5454545454545454,True
CMPD_08537,0.1333,4.19,0.6081081081081081,True
CMPD_08538,0.16,4.26,0.647887323943662,True
CMPD_08568,0.7433,5.1,0.7532467532467533,True
CMPD_08571,0.52,4.93,0.8243243243243243,True
CMPD_08572,0.7833,5.05,0.76,True
CMPD_08574,0.19,4.37,0.6470588235294118,True
CMPD_08578,0.15,4.18,0.7313432835820896,True
CMPD_08584,0.4733,4.88,0.7945205479452054,True
CMPD_08586,0.495,4.86,0.6904761904761905,True
CMPD_08593,0.7139,4.98,0.6885245901639344,True
CMPD_08599,0.4467,4.97,0.6029411764705882,True
CMPD_08601,0.3433,5.12,0.6951219512195121,True
CMPD_08602,0.2922,4.98,0.7012987012987013,True
CMPD_08603,0.2283,4.73,0.8055555555555556,True
CMPD_08605,0.2643,4.7,0.6951219512195121,True
CMPD_08606,0.4767,5.37,0.7142857142857143,True
CMPD_08607,0.25,4.94,0.8133333333333334,True
CMPD_08609,0.2967,4.94,0.8181818181818182,True
CMPD_08611,0.34,4.94,0.7428571428571429,True
CMPD_08614,0.28,4.76,0.6951219512195121,True
CMPD_08615,0.5875,4.9,0.6891891891891891,True
CMPD_08616,0.3833,5.03,0.7012987012987013,True
CMPD_08623,0.92,4.99,0.6557377049180327,True
CMPD_08631,0.946,5.82,0.7241379310344828,True
CMPD_08632,0.946,5.82,0.7241379310344828,True
CMPD_08644,0.1067,4.41,0.9178082191780822,True
CMPD_08646,0.3933,4.42,0.5185185185185185,True
CMPD_08650,0.6,5.17,0.5866666666666667,True
CMPD_08652,0.272,5.05,0.8214285714285714,True
CMPD_08655,0.27,4.58,0.4430379746835443,True
CMPD_08679,0.3167,4.98,0.6911764705882353,True
CMPD_08681,0.5,5.03,0.7169811320754716,True
CMPD_08682,0.4933,5.0,0.6296296296296297,True
CMPD_08684,0.615,5.23,0.7758620689655172,True
CMPD_08685,0.53,4.99,0.6842105263157895,True
CMPD_08686,0.22,4.56,0.7166666666666667,True
CMPD_08693,0.5517,5.13,0.6721311475409836,True
CMPD_08694,0.52,4.96,0.603448275862069,True
CMPD_08713,0.9256,6.52,0.7777777777777778,True
CMPD_08717,0.5942,5.17,0.6027397260273972,True
CMPD_08723,0.6733,5.13,0.5428571428571428,True
CMPD_08724,0.6023,5.19,0.6197183098591549,True
CMPD_08744,0.3683,4.84,0.2448979591836734,False
CMPD_08748,0.7233,5.32,0.3150684931506849,False
CMPD_08752,0.4283,5.34,0.7083333333333334,True
CMPD_08754,0.2641,5.05,0.746031746031746,True
CMPD_08755,0.6661,5.42,0.5633802816901409,True
CMPD_08756,0.6162,5.64,0.6515151515151515,True
CMPD_08757,0.3942,5.15,0.671875,True
CMPD_08760,0.5633,4.94,0.7941176470588235,True
CMPD_08761,0.4433,4.87,0.7183098591549296,True
CMPD_08762,0.4317,4.85,0.5411764705882353,True
CMPD_08763,0.45,4.85,0.6533333333333333,True
CMPD_08778,0.4533,4.96,0.3571428571428571,False
CMPD_08780,0.5678,4.96,0.3409090909090909,False
CMPD_08782,0.2567,4.45,0.8055555555555556,True
CMPD_08784,0.2367,4.81,0.8169014084507042,True
CMPD_08787,0.1367,4.57,0.8055555555555556,True
CMPD_08796,0.23,4.93,0.8142857142857143,True
CMPD_08810,0.7317,5.22,0.7575757575757576,True
CMPD_08817,0.86,5.01,0.9375,True
CMPD_08822,0.89,6.02,0.6981132075471698,True
CMPD_08825,0.7593,5.42,0.5735294117647058,True
CMPD_08826,0.7293,5.33,0.7096774193548387,True
CMPD_08829,0.8733,5.76,0.7702702702702703,True
CMPD_08835,0.5433,5.22,0.4756097560975609,True
CMPD_08838,0.7383,5.22,0.7236842105263158,True
CMPD_08841,0.54,5.01,0.6140350877192983,True
CMPD_08848,0.3933,4.99,0.7297297297297297,True
CMPD_08849,0.3733,4.79,0.2580645161290322,False
CMPD_08850,0.1089,4.05,0.6461538461538462,True
CMPD_08851,0.165,4.53,0.6623376623376623,True
CMPD_08881,0.485,4.91,0.2702702702702703,False
CMPD_08886,0.6025,5.32,0.3820224719101123,False
CMPD_08888,0.6889,5.15,0.6216216216216216,True
CMPD_08897,0.5233,5.01,0.419753086419753,True
CMPD_08898,0.5367,5.23,0.4864864864864865,True
CMPD_08903,0.3989,4.99,0.5578947368421052,True
CMPD_08904,0.3667,4.87,0.6263736263736264,True
CMPD_08905,0.335,4.94,0.6590909090909091,True
CMPD_08906,0.145,4.76,0.8148148148148148,True
CMPD_08907,0.145,4.76,0.8148148148148148,True
CMPD_08923,0.9367,5.37,0.821917808219178,True
CMPD_08924,0.7367,5.09,0.8,True
CMPD_08925,0.1567,4.62,0.8024691358024691,True
CMPD_08926,0.1567,4.62,0.8024691358024691,True
CMPD_08927,0.5067,5.04,0.7974683544303798,True
CMPD_08928,0.8267,5.26,0.7402597402597403,True
CMPD_08934,0.9033,5.89,0.9076923076923076,True
CMPD_08935,0.5367,5.6,0.9032258064516128,True
CMPD_08936,0.8733,5.79,0.9016393442622952,True
CMPD_08938,0.8533,6.34,0.6071428571428571,True
CMPD_08943,0.1567,4.68,0.7945205479452054,True
CMPD_08944,0.6067,5.12,0.7794117647058824,True
CMPD_08945,0.1167,4.6,0.8108108108108109,True
CMPD_08946,0.5433,5.14,0.7972972972972973,True
CMPD_08955,0.2692,4.84,0.7051282051282052,True
CMPD_08960,0.36,4.58,0.9032258064516128,True
CMPD_08963,0.3367,5.13,0.9090909090909092,True
CMPD_08981,0.4267,4.86,0.75,True
CMPD_08989,0.7167,5.5,0.918032786885246,True
CMPD_09007,0.7767,4.99,0.775,True
CMPD_09008,0.8933,5.3,0.7837837837837838,True
CMPD_09009,0.1833,4.86,0.7261904761904762,True
CMPD_09010,0.1833,4.7,0.7142857142857143,True
CMPD_09022,0.6967,5.31,0.9516129032258064,True
CMPD_09023,0.62,5.3,0.7183098591549296,True
CMPD_09029,0.5067,4.85,0.746268656716418,True
CMPD_09044,0.28,4.69,0.6129032258064516,True
CMPD_09045,0.28,4.69,0.6129032258064516,True
CMPD_09050,0.5556,5.0,0.7727272727272727,True
CMPD_09061,0.2111,4.62,0.6923076923076923,True
CMPD_09084,0.9967,6.3,0.7846153846153846,True
CMPD_09085,0.9967,6.67,0.7727272727272727,True
CMPD_09099,0.1833,4.52,0.7647058823529411,True
CMPD_09103,0.6989,5.0,0.8103448275862069,True
CMPD_09108,0.9433,4.98,0.8305084745762712,True
CMPD_09113,0.8607,5.05,0.7857142857142857,True
CMPD_09114,0.9,5.0,0.96,True
CMPD_09119,0.9078,5.6,0.6607142857142857,True
CMPD_09120,0.7,5.35,0.5555555555555556,True
CMPD_09121,0.7967,5.76,0.4615384615384615,True
CMPD_09122,0.78,5.13,0.5555555555555556,True
CMPD_09123,0.6961,5.16,0.3255813953488372,False
CMPD_09127,0.5817,4.94,0.3287671232876712,False
CMPD_09137,0.9667,8.36,0.75,True
CMPD_09138,0.9567,8.26,0.74,True
CMPD_09150,0.62,5.06,0.7945205479452054,True
CMPD_09156,0.4733,5.06,0.4722222222222222,True
CMPD_09162,0.7,4.95,0.6875,True
CMPD_09163,0.6633,4.92,0.7096774193548387,True
CMPD_09164,0.6967,4.97,0.6984126984126984,True
CMPD_09167,0.5633,4.88,0.625,True
CMPD_09182,0.7133,5.46,0.2857142857142857,False
CMPD_09184,0.5467,5.09,0.6746987951807228,True
CMPD_09193,0.5367,5.03,0.6212121212121212,True
CMPD_09194,0.4767,4.93,0.6212121212121212,True
CMPD_09195,0.48,5.02,0.6774193548387096,True
CMPD_09197,0.4033,4.43,0.4659090909090909,True
CMPD_09198,0.3667,4.4,0.4597701149425287,True
CMPD_09199,0.4033,4.43,0.4659090909090909,True
CMPD_09200,0.3667,4.4,0.4597701149425287,True
CMPD_09216,0.5967,5.05,0.759493670886076,True
CMPD_09218,0.5833,5.08,0.8181818181818182,True
CMPD_09225,0.4833,4.76,0.5606060606060606,True
CMPD_09234,0.8233,5.07,0.6875,True
CMPD_09237,0.83,5.37,0.9047619047619048,True
CMPD_09238,0.8211,5.34,0.6666666666666666,True
CMPD_09239,0.9233,6.47,0.6491228070175439,True
CMPD_09245,0.2142,4.97,0.703125,True
CMPD_09248,0.77,5.43,0.6610169491525424,True
CMPD_09249,0.91,5.74,0.9787234042553192,True
CMPD_09270,0.8467,5.77,0.9491525423728814,True
CMPD_09271,0.87,5.61,0.9104477611940298,True
CMPD_09272,0.87,5.61,0.9104477611940298,True
CMPD_09273,0.88,5.55,0.855072463768116,True
CMPD_09274,0.7033,5.17,0.6714285714285714,True
CMPD_09276,0.2133,4.51,0.7906976744186046,True
CMPD_09286,0.6256,5.36,0.3132530120481928,False
CMPD_09306,0.5722,5.03,0.4375,True
CMPD_09307,0.4575,5.04,0.5897435897435898,True
CMPD_09309,0.7467,5.25,0.734375,True
CMPD_09310,0.34,5.02,0.7424242424242424,True
CMPD_09312,0.4,4.9,0.7352941176470589,True
CMPD_09315,0.5233,5.09,0.2765957446808511,False
CMPD_09317,0.27,4.99,0.8620689655172413,True
CMPD_09327,0.74,5.08,0.8088235294117647,True
CMPD_09333,0.5533,5.25,0.582089552238806,True
CMPD_09334,0.4967,5.28,0.5277777777777778,True
CMPD_09335,0.47,4.72,0.5507246376811594,True
CMPD_09336,0.4033,4.61,0.75,True
CMPD_09337,0.52,5.32,0.5571428571428572,True
CMPD_09338,0.4733,4.86,0.5571428571428572,True
CMPD_09339,0.758,4.92,0.7714285714285715,True
CMPD_09352,0.61,5.6,0.4455445544554455,True
CMPD_09359,0.5767,5.28,0.4457831325301205,True
CMPD_09360,0.5967,5.27,0.4210526315789473,True
CMPD_09364,0.7133,5.18,0.7333333333333333,True
CMPD_09369,0.4267,4.89,0.8,True
CMPD_09370,0.7133,5.24,0.5918367346938775,True
CMPD_09371,0.8267,5.39,0.5769230769230769,True
CMPD_09372,0.8,6.2,0.5263157894736842,True
CMPD_09373,0.86,6.01,0.631578947368421,True
CMPD_09374,0.8267,5.93,0.5769230769230769,True
CMPD_09375,0.8633,5.92,0.5882352941176471,True
CMPD_09376,0.81,5.98,0.5555555555555556,True
CMPD_09377,0.76,6.63,0.7068965517241379,True
CMPD_09378,0.71,6.35,0.6666666666666666,True
CMPD_09379,0.88,5.88,0.6122448979591837,True
CMPD_09380,0.86,5.93,0.5660377358490566,True
CMPD_09381,0.92,6.35,0.6792452830188679,True
CMPD_09382,0.9,6.31,0.6346153846153846,True
CMPD_09383,0.8633,5.47,0.6153846153846154,True
CMPD_09384,0.85,6.11,0.5555555555555556,True
CMPD_09385,0.84,5.88,0.6078431372549019,True
CMPD_09386,0.85,6.03,0.5740740740740741,True
CMPD_09387,0.8,5.99,0.543859649122807,True
CMPD_09388,0.7533,4.95,0.7111111111111111,True
CMPD_09392,0.2192,4.97,0.6323529411764706,True
CMPD_09396,0.5,5.27,0.3287671232876712,False
CMPD_09408,0.8067,5.85,0.4857142857142857,True
CMPD_09409,0.8067,5.66,0.4576271186440678,True
CMPD_09410,0.6533,5.08,0.4320987654320987,True
CMPD_09411,0.6967,5.05,0.4054054054054054,True
CMPD_09417,0.5667,5.03,0.8108108108108109,True
CMPD_09418,0.7,5.15,0.4328358208955223,True
CMPD_09422,0.2083,4.78,0.7384615384615385,True
CMPD_09428,0.1267,4.74,0.8,True
CMPD_09429,0.24,4.89,0.8125,True
CMPD_09433,0.1333,4.62,0.7714285714285715,True
CMPD_09436,0.1467,4.75,0.8266666666666667,True
CMPD_09441,0.1467,4.89,0.8450704225352113,True
CMPD_09442,0.1383,4.86,0.7333333333333333,True
CMPD_09443,0.2233,4.84,0.7432432432432432,True
CMPD_09444,0.83,5.36,0.7536231884057971,True
CMPD_09447,0.6522,5.14,0.5657894736842105,True
CMPD_09451,0.4678,4.98,0.3020833333333333,False
CMPD_09468,0.3433,4.85,0.2307692307692307,False
CMPD_09469,0.5617,4.86,0.7377049180327869,True
CMPD_09470,0.5533,5.01,0.6323529411764706,True
CMPD_09486,0.4017,5.05,0.5694444444444444,True
CMPD_09487,0.8,6.82,0.6533333333333333,True
CMPD_09494,0.4308,5.02,0.5571428571428572,True
CMPD_09495,0.4833,5.06,0.5285714285714286,True
CMPD_09497,0.9567,5.33,0.7959183673469388,True
CMPD_09506,0.1133,4.71,0.810126582278481,True
CMPD_09509,0.89,6.36,0.7090909090909091,True
CMPD_09519,0.46,4.92,0.5507246376811594,True
CMPD_09520,0.22,4.5,0.5365853658536586,True
CMPD_09525,0.6733,5.39,0.7301587301587301,True
CMPD_09526,0.7467,5.25,0.734375,True
CMPD_09527,0.34,5.02,0.7424242424242424,True
CMPD_09532,0.5967,5.06,0.7721518987341772,True
CMPD_09539,0.3544,4.93,0.7761194029850746,True
CMPD_09545,0.89,8.0,0.6851851851851852,True
CMPD_09552,0.4789,4.97,0.7746478873239436,True
CMPD_09558,0.8067,5.44,0.4833333333333333,True
CMPD_09560,0.98,5.45,0.9767441860465116,True
CMPD_09566,0.9333,5.66,0.6923076923076923,True
CMPD_09584,0.8733,5.36,0.4509803921568627,True
CMPD_09588,0.6217,5.3,0.5925925925925926,True
CMPD_09589,0.6267,5.3,0.676056338028169,True
CMPD_09591,0.6867,5.49,0.4487179487179487,True
CMPD_09592,0.7593,5.65,0.6129032258064516,True
CMPD_09593,0.7493,5.38,0.582089552238806,True
CMPD_09594,0.75,5.46,0.4415584415584415,True
CMPD_09595,0.7133,5.65,0.4605263157894737,True
CMPD_09596,0.9867,6.68,0.864406779661017,True
CMPD_09597,0.4633,5.13,0.4126984126984127,True
CMPD_09602,0.4867,4.97,0.78125,True
CMPD_09609,0.3,4.73,0.6615384615384615,True
CMPD_09614,0.4167,4.96,0.6417910447761194,True
CMPD_09617,0.8033,5.38,0.7272727272727273,True
CMPD_09627,0.7567,5.08,0.4909090909090909,True
CMPD_09629,0.3433,4.84,0.6037735849056604,True
CMPD_09632,0.3025,5.24,0.5211267605633803,True
CMPD_09635,0.9833,6.45,0.7536231884057971,True
CMPD_09637,0.9967,5.87,0.8169014084507042,True
CMPD_09638,0.9808,6.24,0.8153846153846154,True
CMPD_09641,0.8667,5.04,0.8148148148148148,True
CMPD_09642,0.93,5.32,0.8269230769230769,True
CMPD_09647,0.6667,5.25,0.3625,False
CMPD_09648,0.6767,5.22,0.3815789473684211,False
CMPD_09649,0.57,5.23,0.5070422535211268,True
CMPD_09650,0.5933,5.2,0.3918918918918919,False
CMPD_09652,0.95,7.93,0.74,True
CMPD_09654,0.595,5.02,0.3835616438356164,False
CMPD_09656,0.545,5.15,0.4507042253521127,True
CMPD_09657,0.5425,5.0,0.4705882352941176,True
CMPD_09664,0.3133,4.42,0.3333333333333333,False
CMPD_09687,0.67,5.78,0.7560975609756098,True
CMPD_09688,0.6867,5.29,0.75,True
CMPD_09693,0.4433,4.72,0.360655737704918,False
CMPD_09710,0.4583,4.98,0.5897435897435898,True
CMPD_09713,0.9689,6.56,0.8235294117647058,True
CMPD_09716,0.8192,5.99,0.5333333333333333,True
CMPD_09717,0.64,6.13,0.4857142857142857,True
CMPD_09721,0.9356,6.86,0.6666666666666666,True
CMPD_09725,0.6733,5.31,0.3037974683544304,False
CMPD_09726,0.65,5.26,0.3333333333333333,False
CMPD_09727,0.6453,5.3,0.2876712328767123,False
CMPD_09728,0.6453,5.3,0.2876712328767123,False
CMPD_09729,0.6453,5.3,0.2876712328767123,False
CMPD_09731,0.9533,8.35,0.7735849056603774,True
CMPD_09734,0.5167,5.14,0.5737704918032787,True
CMPD_09740,0.94,6.28,0.7272727272727273,True
CMPD_09741,0.2933,4.95,0.65625,True
CMPD_09746,0.8798,6.75,0.5897435897435898,True
CMPD_09757,0.6933,5.25,0.463768115942029,True
CMPD_09758,0.7633,5.19,0.4477611940298507,True
CMPD_09760,0.41,4.8,0.3068181818181818,False
CMPD_09768,0.8367,5.45,0.7166666666666667,True
CMPD_09772,0.6017,5.9,0.320754716981132,False
CMPD_09779,0.2989,4.79,0.5185185185185185,True
CMPD_09784,0.5833,5.04,0.691358024691358,True
CMPD_09795,0.77,5.64,0.9342105263157896,True
CMPD_09810,0.713,5.04,0.7,True
CMPD_09811,0.7167,5.04,0.65625,True
CMPD_09832,0.93,5.66,0.8026315789473685,True
CMPD_09846,0.8167,5.55,0.6744186046511628,True
CMPD_09860,0.7,5.23,0.6575342465753424,True
CMPD_09874,0.8467,6.13,0.8194444444444444,True
CMPD_09885,0.8833,5.9,0.6986301369863014,True
CMPD_09887,0.7617,5.13,0.8048780487804879,True
CMPD_09911,0.6933,5.21,0.6710526315789473,True
CMPD_09912,0.7733,5.08,0.6455696202531646,True
CMPD_09913,0.8433,5.53,0.6842105263157895,True
CMPD_09914,0.92,5.83,0.7027027027027027,True
CMPD_09915,0.89,5.65,0.8076923076923077,True
CMPD_09926,0.85,5.84,0.7285714285714285,True
CMPD_09939,0.7367,5.69,0.6933333333333334,True
CMPD_09956,0.84,5.71,0.9090909090909092,True
CMPD_09959,0.6399,5.28,0.6712328767123288,True
CMPD_09960,0.8933,5.68,0.6666666666666666,True
CMPD_09961,0.8967,5.69,0.5866666666666667,True
CMPD_09962,0.9319,5.56,0.7121212121212122,True
CMPD_09963,0.7528,5.58,0.4880952380952381,True
CMPD_09964,0.7467,5.38,0.5866666666666667,True
CMPD_09965,0.93,5.67,0.6615384615384615,True
CMPD_09968,0.8767,5.72,0.5797101449275363,True
CMPD_09969,0.9433,5.7,0.7096774193548387,True
CMPD_09970,0.6784,5.54,0.4935064935064935,True
CMPD_09971,0.7213,5.39,0.6,True
CMPD_09972,0.7213,5.39,0.6,True
CMPD_09973,0.91,5.73,0.5882352941176471,True
CMPD_09974,0.9133,5.65,0.5882352941176471,True
CMPD_09979,0.9267,5.92,0.734375,True
CMPD_09985,0.9067,5.61,0.6451612903225806,True
CMPD_09988,0.8933,5.93,0.71875,True
CMPD_09989,0.9133,5.72,0.7424242424242424,True
CMPD_09990,0.9067,5.71,0.647887323943662,True
CMPD_09991,0.9633,5.66,0.7903225806451613,True
CMPD_09992,0.7219,5.36,0.625,True
CMPD_09993,0.7397,5.59,0.5185185185185185,True
CMPD_09994,0.7219,5.36,0.625,True
CMPD_09996,0.9267,5.71,0.7611940298507462,True
CMPD_10001,0.9467,5.79,0.9852941176470588,True
CMPD_10007,0.9233,6.15,0.9722222222222222,True
CMPD_10012,0.8567,5.96,0.6714285714285714,True
CMPD_10013,0.7467,5.82,0.7777777777777778,True
CMPD_10014,0.8733,5.77,0.7121212121212122,True
CMPD_10016,0.7633,5.43,0.7538461538461538,True
CMPD_10017,0.75,5.31,0.4864864864864865,True
CMPD_10018,0.9333,5.61,0.6557377049180327,True
CMPD_10019,0.7244,5.53,0.3855421686746988,False
CMPD_10020,0.72,5.41,0.4861111111111111,True
CMPD_10021,0.7244,5.53,0.3855421686746988,False
CMPD_10029,0.7317,5.22,0.2692307692307692,False
CMPD_10031,0.6183,5.24,0.2692307692307692,False
CMPD_10034,0.4933,5.5,0.6986301369863014,True
CMPD_10074,0.4017,5.02,0.72,True
CMPD_10075,0.47,5.01,0.5925925925925926,True
CMPD_10080,0.4267,4.98,0.2674418604651162,False
CMPD_10081,0.5733,4.88,0.7894736842105263,True
CMPD_10086,0.395,4.81,0.3333333333333333,False
CMPD_10087,0.8033,5.48,0.6031746031746031,True
CMPD_10098,0.84,6.18,0.7592592592592593,True
CMPD_10100,0.87,5.35,0.8214285714285714,True
CMPD_10102,0.43,4.61,0.42,True
CMPD_10106,0.32,4.83,0.4130434782608695,True
CMPD_10113,0.7011,4.83,0.6727272727272727,True
CMPD_10123,0.91,8.34,0.7272727272727273,True
CMPD_10125,0.29,4.91,0.6515151515151515,True
CMPD_10137,0.8567,5.79,0.6521739130434783,True
CMPD_10140,0.8533,5.47,0.6984126984126984,True
CMPD_10144,0.7,5.02,0.7536231884057971,True
CMPD_10152,0.66,5.44,0.3703703703703703,False
CMPD_10153,0.74,5.13,0.6721311475409836,True
CMPD_10174,0.6067,5.18,0.5578947368421052,True
CMPD_10175,0.6067,5.18,0.5578947368421052,True
CMPD_10195,0.59,4.95,0.72,True
CMPD_10197,0.9367,8.54,0.6949152542372882,True
CMPD_10206,0.9567,8.45,0.6896551724137931,True
CMPD_10208,0.31,5.01,0.6875,True
CMPD_10213,0.49,4.95,0.7192982456140351,True
CMPD_10224,0.7533,5.15,0.59375,True
CMPD_10229,0.3633,4.92,0.8194444444444444,True
CMPD_10230,0.2767,4.91,0.8028169014084507,True
CMPD_10235,0.5967,5.33,0.8676470588235294,True
CMPD_10241,0.5733,4.99,0.8103448275862069,True
CMPD_10242,0.61,5.05,0.6268656716417911,True
CMPD_10243,0.4117,4.82,0.6486486486486487,True
CMPD_10246,0.7027,5.62,0.7083333333333334,True
CMPD_10247,0.74,5.72,0.7846153846153846,True
CMPD_10248,0.96,5.42,0.7254901960784313,True
CMPD_10251,0.5533,6.63,0.7307692307692307,True
CMPD_10252,0.55,6.51,0.7236842105263158,True
CMPD_10253,0.6133,5.2,0.620253164556962,True
CMPD_10254,0.5533,6.63,0.7307692307692307,True
CMPD_10255,0.55,6.51,0.7236842105263158,True
CMPD_10260,0.94,5.48,0.660377358490566,True
CMPD_10261,0.5867,5.47,0.8793103448275862,True
CMPD_10271,0.6122,4.99,0.8153846153846154,True
CMPD_10275,0.7267,6.18,0.5714285714285714,True
CMPD_10278,0.72,5.39,0.5666666666666667,True
CMPD_10279,0.74,5.32,0.6235294117647059,True
CMPD_10280,0.7539,5.59,0.7261904761904762,True
CMPD_10287,0.6167,5.54,0.4943820224719101,True
CMPD_10288,0.1967,4.63,0.7647058823529411,True
CMPD_10298,0.5767,5.46,0.673469387755102,True
CMPD_10309,0.5911,4.87,0.3493975903614458,False
CMPD_10311,0.83,5.72,0.734375,True
CMPD_10315,0.5325,4.73,0.52,True
CMPD_10317,0.9367,5.84,0.7027027027027027,True
CMPD_10318,0.9233,5.8,0.68,True
CMPD_10323,0.5146,4.86,0.7076923076923077,True
CMPD_10326,0.9808,6.17,0.7611940298507462,True
CMPD_10339,0.53,4.97,0.4090909090909091,True
CMPD_10340,0.6367,5.01,0.5409836065573771,True
CMPD_10341,0.5367,4.92,0.373134328358209,False
CMPD_10345,0.6467,5.11,0.7966101694915254,True
CMPD_10346,0.6333,5.06,0.7966101694915254,True
CMPD_10348,0.5844,4.87,0.8032786885245902,True
CMPD_10355,0.0233,4.4,0.8552631578947368,True
CMPD_10357,0.3917,4.86,0.4125,True
CMPD_10358,0.3272,4.78,0.4125,True
CMPD_10360,0.305,4.71,0.3950617283950617,False
CMPD_10361,0.2967,4.89,0.8225806451612904,True
CMPD_10377,0.2133,4.56,0.5633802816901409,True
CMPD_10378,0.3167,4.62,0.48,True
CMPD_10380,0.2467,5.34,0.7402597402597403,True
CMPD_10384,0.726,5.5,0.6029411764705882,True
CMPD_10385,0.48,5.05,0.6103896103896104,True
CMPD_10396,0.5822,4.99,0.828125,True
CMPD_10398,0.0633,4.68,0.7777777777777778,True
CMPD_10399,0.0633,4.75,0.7611940298507462,True
CMPD_10400,0.0767,4.71,0.7611940298507462,True
CMPD_10402,0.2367,4.65,0.7558139534883721,True
CMPD_10404,0.6042,5.16,0.6612903225806451,True
CMPD_10405,0.9433,4.96,0.7540983606557377,True
CMPD_10415,0.76,5.12,0.7580645161290323,True
CMPD_10431,0.4183,5.08,0.25,False
CMPD_10434,0.6667,5.57,0.2,False
CMPD_10437,0.3447,5.05,0.711864406779661,True
CMPD_10457,0.92,5.03,0.890625,True
CMPD_10461,0.83,5.7,0.7083333333333334,True
CMPD_10462,0.3162,5.0,0.7368421052631579,True
CMPD_10471,0.96,5.82,0.9767441860465116,True
CMPD_10474,0.5167,5.51,0.828125,True
CMPD_10477,0.4767,5.37,0.8,True
CMPD_10481,0.575,5.1,0.5294117647058824,True
CMPD_10483,0.6067,5.03,0.8103448275862069,True
CMPD_10484,0.6867,5.13,0.746031746031746,True
CMPD_10488,0.2917,4.98,0.65,True
CMPD_10489,0.7633,5.53,0.3333333333333333,False
CMPD_10490,0.7333,5.54,0.3013698630136986,False
CMPD_10491,0.7333,5.49,0.2911392405063291,False
CMPD_10498,0.3333,4.6,0.7192982456140351,True
CMPD_10499,0.8425,5.23,0.7051282051282052,True
CMPD_10500,0.4567,4.76,0.7323943661971831,True
CMPD_10501,0.93,5.44,0.7631578947368421,True
CMPD_10503,0.0549,4.84,0.782608695652174,True
CMPD_10524,0.98,6.12,0.7638888888888888,True
CMPD_10527,0.5175,5.61,0.2842105263157894,False
CMPD_10530,0.2933,5.08,0.8169014084507042,True
CMPD_10531,0.2767,5.0,0.8405797101449275,True
CMPD_10534,0.1517,4.84,0.7922077922077922,True
CMPD_10540,0.8517,5.07,0.7058823529411765,True
CMPD_10543,0.5767,5.22,0.620253164556962,True
CMPD_10546,0.6022,4.98,0.7611940298507462,True
CMPD_10547,0.8167,5.6,0.5,True
CMPD_10550,0.87,5.74,0.6133333333333333,True
CMPD_10557,0.4333,5.08,0.6326530612244898,True
CMPD_10567,0.8533,5.62,0.8524590163934426,True
CMPD_10574,0.44,4.96,0.2921348314606741,False
CMPD_10575,0.4833,5.36,0.388235294117647,False
CMPD_10578,0.2333,4.67,0.7014925373134329,True
CMPD_10583,0.6567,5.07,0.6774193548387096,True
CMPD_10584,0.7267,5.07,0.6774193548387096,True
CMPD_10589,0.47,5.09,0.4146341463414634,True
CMPD_10596,0.9033,5.79,0.6619718309859155,True
CMPD_10604,0.9033,5.79,0.6619718309859155,True
CMPD_10637,0.78,4.96,0.8169014084507042,True
CMPD_10649,0.5689,4.89,0.6973684210526315,True
CMPD_10654,0.7267,5.18,0.7205882352941176,True
CMPD_10657,0.6367,5.35,0.7313432835820896,True
CMPD_10664,0.6617,4.86,0.7307692307692307,True
CMPD_10717,0.2633,4.82,0.7674418604651163,True
CMPD_10728,0.8983,5.49,0.5740740740740741,True
CMPD_10736,0.7167,5.54,0.7671232876712328,True
CMPD_10738,0.7867,5.4,0.7878787878787878,True
CMPD_10751,0.45,5.11,0.8507462686567164,True
CMPD_10771,0.7067,5.54,0.5416666666666666,True
CMPD_10772,0.66,5.76,0.4375,True
CMPD_10773,0.1567,4.63,0.6212121212121212,True
CMPD_10778,0.3967,4.85,0.5138888888888888,True
CMPD_10779,0.4833,4.95,0.7301587301587301,True
CMPD_10780,0.44,4.83,0.6,True
CMPD_10781,0.4883,4.94,0.5652173913043478,True
CMPD_10782,0.48,4.95,0.7,True
CMPD_10784,0.3111,4.71,0.7377049180327869,True
CMPD_10785,0.4442,4.85,0.582089552238806,True
CMPD_10786,0.4667,4.81,0.7241379310344828,True
CMPD_10792,0.4933,4.92,0.6949152542372882,True
CMPD_10794,0.1233,4.78,0.8656716417910447,True
CMPD_10795,0.4267,5.0,0.5694444444444444,True
CMPD_10796,0.385,5.03,0.6190476190476191,True
CMPD_10797,0.3853,4.83,0.5857142857142857,True
CMPD_10798,0.3933,4.78,0.639344262295082,True
CMPD_10805,0.1708,4.45,0.7068965517241379,True
CMPD_10808,0.35,4.78,0.7727272727272727,True
CMPD_10812,0.2367,4.29,0.75,True
CMPD_10815,0.47,5.14,0.7166666666666667,True
CMPD_10816,0.9133,5.39,0.821917808219178,True
CMPD_10831,0.5933,5.03,0.8108108108108109,True
CMPD_10838,0.4033,4.94,0.3875,False
CMPD_10842,0.9767,6.43,0.8,True
CMPD_10843,0.9833,5.84,0.7671232876712328,True
CMPD_10844,0.9633,6.26,0.7611940298507462,True
CMPD_10865,0.9333,6.1,0.7464788732394366,True
CMPD_10866,0.8833,6.02,0.7464788732394366,True
CMPD_10867,0.9333,6.07,0.7464788732394366,True
CMPD_10887,0.14,4.91,0.4880952380952381,True
CMPD_10920,0.3927,4.94,0.2710280373831775,False
CMPD_10922,0.5567,4.97,0.821917808219178,True
CMPD_10923,0.5267,4.88,0.8169014084507042,True
CMPD_10924,0.3933,5.18,0.6710526315789473,True
CMPD_10925,0.5567,4.97,0.821917808219178,True
CMPD_10926,0.5267,4.88,0.8169014084507042,True
CMPD_10931,0.3178,5.0,0.6933333333333334,True
CMPD_10970,0.9967,6.22,0.9230769230769232,True
CMPD_10971,0.9967,6.08,0.921875,True
CMPD_10980,0.9967,6.15,0.8676470588235294,True
CMPD_10982,0.9967,6.17,0.8591549295774648,True
CMPD_10983,0.9867,5.58,0.8387096774193549,True
CMPD_10984,0.9933,5.9,0.967741935483871,True
CMPD_10985,0.9867,5.66,0.803030303030303,True
CMPD_11038,0.66,5.69,0.6388888888888888,True
CMPD_11041,0.6533,5.38,0.5510204081632653,True
CMPD_11042,0.6233,5.34,0.2584269662921348,False
CMPD_11043,0.6533,5.46,0.7241379310344828,True
CMPD_11046,0.745,5.16,0.6031746031746031,True
CMPD_11050,0.3467,5.54,0.68,True
CMPD_11054,0.4693,4.84,0.4363636363636363,True
CMPD_11056,0.52,5.16,0.5972222222222222,True
CMPD_11061,0.0233,4.52,0.9152542372881356,True
CMPD_11064,0.92,5.15,0.7647058823529411,True
CMPD_11068,0.3232,4.99,0.75,True
CMPD_11070,0.5767,5.07,0.7352941176470589,True
CMPD_11083,0.7222,5.12,0.6052631578947368,True
CMPD_11095,0.585,5.11,0.796875,True
CMPD_11096,0.4089,4.95,0.7627118644067796,True
CMPD_11099,0.4567,4.69,0.6197183098591549,True
CMPD_11105,0.1733,4.72,0.7222222222222222,True
CMPD_11106,0.3383,4.8,0.7126436781609196,True
CMPD_11124,0.8467,5.13,0.8656716417910447,True
CMPD_11132,0.8233,5.25,0.631578947368421,True
CMPD_11134,0.618,5.06,0.524390243902439,True
CMPD_11136,0.1467,4.61,0.8051948051948052,True
CMPD_11137,0.4583,4.95,0.7777777777777778,True
CMPD_11141,0.3633,4.86,0.3066666666666666,False
CMPD_11148,0.1333,4.6,0.7792207792207793,True
CMPD_11152,0.9667,6.03,0.868421052631579,True
CMPD_11157,0.1333,4.76,0.7567567567567568,True
CMPD_11165,0.8367,6.16,0.6133333333333333,True
CMPD_11166,0.8733,6.07,0.7727272727272727,True
CMPD_11168,0.9233,6.74,0.927536231884058,True
CMPD_11169,0.8967,6.33,0.7051282051282052,True
CMPD_11172,0.21,4.53,0.7974683544303798,True
CMPD_11178,0.4667,5.05,0.3235294117647059,False
CMPD_11180,0.585,4.82,0.6666666666666666,True
CMPD_11184,0.0133,4.63,0.7258064516129032,True
CMPD_11186,0.02,4.6,0.7076923076923077,True
CMPD_11191,0.0167,4.51,0.896551724137931,True
CMPD_11196,0.1733,4.74,0.7916666666666666,True
CMPD_11199,0.09,4.51,0.7611940298507462,True
CMPD_11202,0.8753,5.52,0.8095238095238095,True
CMPD_11203,0.83,5.26,0.6206896551724138,True
CMPD_11205,0.6833,5.11,0.5844155844155844,True
CMPD_11211,0.2367,4.67,0.7101449275362319,True
CMPD_11213,0.3017,4.79,0.7142857142857143,True
CMPD_11214,0.3017,4.79,0.7142857142857143,True
CMPD_11239,0.48,4.77,0.75,True
CMPD_11243,0.3433,4.89,0.75,True
CMPD_11244,0.45,4.88,0.7402597402597403,True
CMPD_11247,0.19,4.84,0.8428571428571429,True
CMPD_11261,0.9567,5.1,0.9836065573770492,True
CMPD_11263,0.8333,5.26,0.7910447761194029,True
CMPD_11264,0.8308,5.21,0.7,True
CMPD_11265,0.7867,5.17,0.7313432835820896,True
CMPD_11269,0.7167,5.23,0.7222222222222222,True
CMPD_11272,0.5833,5.07,0.6428571428571429,True
CMPD_11274,0.5522,5.03,0.3218390804597701,False
CMPD_11282,0.57,5.12,0.3253012048192771,False
CMPD_11289,0.5933,5.2,0.7419354838709677,True
CMPD_11291,0.9044,6.78,0.864406779661017,True
CMPD_11292,0.8894,5.73,0.7205882352941176,True
CMPD_11294,0.76,5.37,0.5333333333333333,True
CMPD_11295,0.85,5.9,0.48,True
CMPD_11305,0.94,5.24,0.8301886792452831,True
CMPD_11309,0.8933,5.25,0.775,True
CMPD_11322,0.8589,6.02,0.7,True
CMPD_11323,0.9567,6.49,0.7045454545454546,True
CMPD_11324,0.9667,8.05,0.9130434782608696,True
CMPD_11332,0.6283,5.0,0.9545454545454546,True
CMPD_11339,0.4733,4.97,0.5833333333333334,True
CMPD_11340,0.585,5.11,0.6216216216216216,True
CMPD_11346,0.9567,5.58,1.0,True
CMPD_11348,0.8489,5.17,0.8163265306122449,True
CMPD_11356,0.585,5.11,0.6216216216216216,True
CMPD_11357,0.8283,5.25,0.9166666666666666,True
CMPD_11359,0.585,5.11,0.6216216216216216,True
CMPD_11360,0.8283,5.25,0.9166666666666666,True
CMPD_11366,0.6833,5.04,0.765625,True
CMPD_11373,0.5744,5.23,0.7,True
CMPD_11375,0.56,4.92,0.6481481481481481,True
CMPD_11376,0.49,4.87,0.6052631578947368,True
CMPD_11381,0.9833,6.48,0.9791666666666666,True
CMPD_11383,0.93,6.73,0.6333333333333333,True
CMPD_11391,0.5467,4.83,0.6046511627906976,True
CMPD_11392,0.5567,4.95,0.5,True
CMPD_11397,0.4133,5.19,0.8032786885245902,True
CMPD_11409,0.9933,5.5,0.9787234042553192,True
CMPD_11410,0.61,4.94,0.6527777777777778,True
CMPD_11411,0.3844,4.79,0.6119402985074627,True
CMPD_11414,0.79,5.24,0.8055555555555556,True
CMPD_11421,0.8133,6.13,0.6363636363636364,True
CMPD_11431,0.03,4.01,0.8918918918918919,True
CMPD_11433,0.03,4.01,0.8918918918918919,True
CMPD_11440,0.7656,5.0,0.7076923076923077,True
CMPD_11444,0.74,4.97,0.8035714285714286,True
CMPD_11445,0.6322,4.92,0.7166666666666667,True
CMPD_11446,0.4833,4.89,0.5128205128205128,True
CMPD_11456,0.5587,4.89,0.5571428571428572,True
CMPD_11463,0.175,5.0,0.7432432432432432,True
CMPD_11480,0.4033,5.17,0.4871794871794871,True
CMPD_11487,0.685,4.75,0.7611940298507462,True
CMPD_11489,0.5333,5.06,0.6052631578947368,True
CMPD_11490,0.8533,6.27,0.6216216216216216,True
CMPD_11491,0.8633,6.22,0.6133333333333333,True
CMPD_11506,1.0,6.73,0.835820895522388,True
CMPD_11508,0.99,6.53,0.8142857142857143,True
CMPD_11510,0.9833,6.54,0.8507462686567164,True
CMPD_11512,0.9967,6.59,0.9824561403508772,True
CMPD_11531,0.9967,5.96,0.8405797101449275,True
CMPD_11535,0.9833,5.98,0.7714285714285715,True
CMPD_11542,0.9967,6.28,0.8082191780821918,True
CMPD_11544,0.95,5.61,0.8133333333333334,True
CMPD_11550,0.99,6.49,0.835820895522388,True
CMPD_11551,0.98,6.67,0.7887323943661971,True
CMPD_11561,0.99,6.61,0.782608695652174,True
CMPD_11564,0.9067,6.27,0.7971014492753623,True
CMPD_11565,0.99,6.51,0.8461538461538461,True
CMPD_11569,0.9833,6.42,0.7125,True
CMPD_11570,0.99,5.88,0.6901408450704225,True
CMPD_11571,0.98,5.93,0.6973684210526315,True
CMPD_11574,0.9967,5.96,0.7605633802816901,True
CMPD_11579,0.5167,4.63,0.3181818181818182,False
CMPD_11610,0.6167,5.27,0.5972222222222222,True
CMPD_11618,0.5467,4.87,0.7560975609756098,True
CMPD_11619,0.5467,4.87,0.7560975609756098,True
CMPD_11622,0.4967,4.95,0.5094339622641509,True
CMPD_11634,0.965,6.24,0.7746478873239436,True
CMPD_11635,0.96,6.17,0.8059701492537313,True
CMPD_11637,0.7667,5.42,0.6756756756756757,True
CMPD_11638,0.72,5.11,0.5657894736842105,True
CMPD_11656,0.3667,4.61,0.696969696969697,True
CMPD_11657,0.6539,5.12,0.8153846153846154,True
CMPD_11663,0.3183,4.86,0.8571428571428571,True
CMPD_11673,0.5407,4.98,0.7682926829268293,True
CMPD_11687,0.8667,5.4,0.7192982456140351,True
CMPD_11693,0.83,5.17,0.6140350877192983,True
CMPD_11701,0.0467,4.03,0.8,True
CMPD_11702,0.7467,5.06,0.4181818181818181,True
CMPD_11703,0.79,5.35,0.4583333333333333,True
CMPD_11704,0.7933,5.92,0.4313725490196078,True
CMPD_11705,0.7633,6.03,0.4666666666666667,True
CMPD_11706,0.8367,5.91,0.5862068965517241,True
CMPD_11707,0.8067,5.83,0.4761904761904761,True
CMPD_11708,0.7733,5.71,0.4769230769230769,True
CMPD_11709,0.5633,5.99,0.7090909090909091,True
CMPD_11710,0.83,5.19,0.627906976744186,True
CMPD_11711,0.8,5.8,0.4423076923076923,True
CMPD_11712,0.8933,6.19,0.68,True
CMPD_11713,0.82,5.83,0.4821428571428571,True
CMPD_11714,0.7733,5.36,0.4385964912280701,True
CMPD_11715,0.7533,5.87,0.3968253968253968,False
CMPD_11716,0.6233,4.83,0.4468085106382978,True
CMPD_11717,0.6082,4.7,0.6,True
CMPD_11719,0.2433,4.66,0.6811594202898551,True
CMPD_11721,0.4693,5.0,0.7,True
CMPD_11728,0.4933,5.14,0.8641975308641975,True
CMPD_11736,0.3089,4.96,0.5632183908045977,True
CMPD_11749,0.63,5.06,0.7916666666666666,True
CMPD_11777,0.0067,4.71,0.7746478873239436,True
CMPD_11778,0.0333,4.72,0.7605633802816901,True
CMPD_11779,0.0733,4.74,0.7605633802816901,True
CMPD_11780,0.01,4.68,0.7746478873239436,True
CMPD_11786,0.9033,5.29,0.7076923076923077,True
CMPD_11788,0.6022,5.25,0.6949152542372882,True
CMPD_11803,0.0467,4.55,0.7468354430379747,True
CMPD_11804,0.07,4.48,0.7368421052631579,True
CMPD_11805,0.0133,4.62,0.7972972972972973,True
CMPD_11806,0.0333,4.52,0.7246376811594203,True
CMPD_11807,0.04,4.55,0.7285714285714285,True
CMPD_11808,0.1167,4.55,0.5783132530120482,True
CMPD_11830,0.4617,4.8,0.52,True
CMPD_11831,0.8378,5.39,0.6666666666666666,True
CMPD_11838,0.8767,5.28,0.7076923076923077,True
CMPD_11849,0.6267,6.03,0.6909090909090909,True
CMPD_11850,0.8433,5.26,0.6046511627906976,True
CMPD_11851,0.92,6.19,0.66,True
CMPD_11852,0.65,4.92,0.48,True
CMPD_11867,0.45,5.0,0.2692307692307692,False
CMPD_11875,0.81,5.84,0.3396226415094339,False
CMPD_11878,0.9067,6.0,0.7846153846153846,True
CMPD_11879,0.6411,5.23,0.4166666666666667,True
CMPD_11885,0.8533,5.57,0.7272727272727273,True
CMPD_11887,0.9133,5.95,0.7352941176470589,True
CMPD_11888,0.5033,4.89,0.5714285714285714,True
CMPD_11889,0.9267,7.79,0.7272727272727273,True
CMPD_11895,0.6744,5.05,0.3,False
CMPD_11896,0.5922,5.4,0.3125,False
CMPD_11897,0.9267,8.0,0.7272727272727273,True
CMPD_11901,0.35,5.27,0.6727272727272727,True
CMPD_11907,0.98,6.73,0.8225806451612904,True
CMPD_11910,0.93,6.36,0.6938775510204082,True
CMPD_11922,0.53,4.93,0.7777777777777778,True
CMPD_11923,0.9367,7.81,0.7169811320754716,True
CMPD_11925,0.7933,5.63,0.8253968253968254,True
CMPD_11931,0.8367,5.32,0.3103448275862069,False
CMPD_11935,0.8967,5.64,0.7222222222222222,True
CMPD_11938,0.5,5.18,0.3970588235294117,False
CMPD_11941,0.8967,5.79,0.6212121212121212,True
CMPD_11943,0.5931,6.31,0.6851851851851852,True
CMPD_11951,0.95,8.44,0.7413793103448276,True
CMPD_11952,0.7011,6.1,0.4444444444444444,True
CMPD_11954,0.8767,5.7,0.65,True
CMPD_11955,0.6233,5.48,0.4354838709677419,True
CMPD_11958,0.8411,6.18,0.5689655172413793,True
CMPD_11959,0.9667,8.29,0.7272727272727273,True
CMPD_11960,0.8078,6.13,0.391304347826087,False
CMPD_11992,0.87,6.33,0.7090909090909091,True
CMPD_11998,0.7244,6.0,0.3548387096774194,False
CMPD_12009,0.9267,6.11,0.7017543859649122,True
CMPD_12011,0.7511,6.05,0.3970588235294117,False
CMPD_12012,0.9533,7.94,0.75,True
CMPD_12016,0.3705,5.19,0.5487804878048781,True
CMPD_12033,0.9533,6.54,0.7014925373134329,True
CMPD_12034,0.9933,6.83,0.864406779661017,True
CMPD_12035,0.9633,6.72,0.8064516129032258,True
CMPD_12036,0.9628,5.52,0.8412698412698413,True
CMPD_12037,0.8433,5.8,0.7142857142857143,True
CMPD_12042,0.8778,6.23,0.6111111111111112,True
CMPD_12043,0.7711,5.88,0.6363636363636364,True
CMPD_12044,0.7928,5.64,0.7575757575757576,True
CMPD_12046,0.7133,5.44,0.6865671641791045,True
CMPD_12049,0.6233,5.25,0.6307692307692307,True
CMPD_12050,0.72,5.17,0.7115384615384616,True
CMPD_12054,0.9533,5.13,0.82,True
CMPD_12065,0.9558,8.19,0.7169811320754716,True
CMPD_12066,0.9633,8.09,0.75,True
CMPD_12074,0.9233,6.06,0.6530612244897959,True
CMPD_12079,0.4717,4.95,0.575,True
CMPD_12085,0.9567,6.47,0.6538461538461539,True
CMPD_12101,0.8389,5.24,0.5961538461538461,True
CMPD_12102,0.8289,5.25,0.6727272727272727,True
CMPD_12103,0.8822,5.24,0.7777777777777778,True
CMPD_12104,0.8856,5.35,0.7254901960784313,True
CMPD_12105,0.9467,6.91,0.8285714285714286,True
CMPD_12112,0.76,5.09,0.6081081081081081,True
CMPD_12113,0.7522,5.18,0.625,True
CMPD_12115,0.8897,5.34,0.8545454545454545,True
CMPD_12121,0.7522,5.18,0.625,True
CMPD_12123,0.8897,5.34,0.8545454545454545,True
CMPD_12126,0.7613,5.33,0.8392857142857143,True
CMPD_12127,0.7506,5.13,0.6557377049180327,True
CMPD_12128,0.7506,5.13,0.6557377049180327,True
CMPD_12144,0.9167,6.43,0.8360655737704918,True
CMPD_12148,0.6969,5.13,0.4375,True
CMPD_12150,0.9933,5.76,0.9444444444444444,True
CMPD_12151,0.9833,6.74,0.8064516129032258,True
CMPD_12154,0.8,5.57,0.7121212121212122,True
CMPD_12163,0.9,5.13,0.75,True
CMPD_12173,0.95,6.63,0.746031746031746,True
CMPD_12190,0.8433,5.5,0.6774193548387096,True
CMPD_12208,0.65,5.23,0.7972972972972973,True
CMPD_12210,0.4883,4.86,0.2413793103448276,False
CMPD_12211,0.4783,4.84,0.2708333333333333,False
CMPD_12218,0.64,4.92,0.6,True
CMPD_12221,0.1319,4.86,0.7471264367816092,True
CMPD_12225,0.18,4.62,0.603448275862069,True
CMPD_12227,0.3267,4.69,0.6491228070175439,True
CMPD_12232,0.295,4.72,0.65,True
CMPD_12237,0.1756,4.54,0.8135593220338984,True
CMPD_12238,0.1133,4.48,0.8135593220338984,True
CMPD_12239,0.1283,4.51,0.7384615384615385,True
CMPD_12240,0.12,4.5,0.7384615384615385,True
CMPD_12241,0.1367,4.63,0.8103448275862069,True
CMPD_12252,0.6433,5.06,0.4393939393939394,True
CMPD_12256,0.8933,5.04,0.71875,True
CMPD_12259,0.0433,4.28,0.7125,True
CMPD_12264,0.7533,5.27,0.6575342465753424,True
CMPD_12265,0.8456,5.0,0.775,True
CMPD_12266,0.91,5.31,0.85,True
CMPD_12270,0.8378,5.18,0.7142857142857143,True
CMPD_12272,0.7533,5.5,0.5507246376811594,True
CMPD_12278,0.5267,4.97,0.7027027027027027,True
CMPD_12279,0.2144,4.81,0.8548387096774194,True
CMPD_12281,0.675,5.01,0.7011494252873564,True
CMPD_12291,0.5033,4.63,0.3333333333333333,False
CMPD_12300,0.1158,4.87,0.813953488372093,True
CMPD_12302,0.1245,4.69,0.8333333333333334,True
CMPD_12306,0.4233,4.67,0.375,False
CMPD_12307,0.5328,5.07,0.3271028037383177,False
CMPD_12314,0.785,5.19,0.9787234042553192,True
CMPD_12337,0.39,4.77,0.34375,False
CMPD_12346,0.68,5.04,0.6612903225806451,True
CMPD_12357,0.0389,4.5,0.7592592592592593,True
CMPD_12382,0.1333,4.26,0.7951807228915663,True
CMPD_12385,0.0389,4.5,0.7592592592592593,True
CMPD_12388,0.4,4.71,0.6268656716417911,True
CMPD_12389,0.92,6.75,0.7435897435897436,True
CMPD_12391,0.9067,5.92,0.7205882352941176,True
CMPD_12395,0.76,5.62,0.8428571428571429,True
CMPD_12398,0.7433,5.44,0.7123287671232876,True
CMPD_12406,0.6308,5.18,0.6857142857142857,True
CMPD_12410,0.1008,4.32,0.7903225806451613,True
CMPD_12414,0.9,5.9,0.4888888888888889,True
CMPD_12427,0.09,4.52,0.8135593220338984,True
CMPD_12433,0.02,4.5,0.7454545454545455,True
CMPD_12461,0.02,4.49,0.7761194029850746,True
CMPD_12462,0.0133,4.48,0.9193548387096774,True
CMPD_12475,0.17,4.46,0.75,True
CMPD_12478,0.5767,4.96,0.6304347826086957,True
CMPD_12479,0.4667,4.92,0.373134328358209,False
CMPD_12484,0.6542,4.94,0.8363636363636363,True
CMPD_12533,0.0667,4.49,0.6666666666666666,True
CMPD_12534,0.0567,4.5,0.7076923076923077,True
CMPD_12537,0.4833,4.96,0.6714285714285714,True
CMPD_12539,0.64,5.09,0.775,True
CMPD_12543,0.7251,5.14,0.78125,True
CMPD_12547,0.96,5.74,0.9552238805970148,True
CMPD_12548,0.9333,5.53,0.9552238805970148,True
CMPD_12552,0.5467,5.02,0.9117647058823528,True
CMPD_12555,0.5333,5.07,0.6956521739130435,True
CMPD_12562,0.6603,5.34,0.3703703703703703,False
CMPD_12580,0.747,5.61,0.7662337662337663,True
CMPD_12585,0.1067,4.16,0.922077922077922,True
CMPD_12596,0.7981,5.25,0.6046511627906976,True
CMPD_12600,0.8633,5.6,0.5070422535211268,True
CMPD_12601,0.5917,5.16,0.3924050632911392,False
CMPD_12602,0.56,5.07,0.4459459459459459,True
CMPD_12609,0.63,5.13,0.6615384615384615,True
CMPD_12612,0.38,4.65,0.6231884057971014,True
CMPD_12626,0.2253,5.29,0.7530864197530864,True
CMPD_12630,0.3567,4.69,0.6567164179104478,True
CMPD_12638,0.2333,4.73,0.5692307692307692,True
CMPD_12639,0.34,4.5,0.7096774193548387,True
CMPD_12649,0.5716,4.97,0.7142857142857143,True
CMPD_12650,0.4117,4.93,0.7285714285714285,True
CMPD_12651,0.6812,4.76,0.7627118644067796,True
CMPD_12652,0.5716,4.97,0.7142857142857143,True
CMPD_12655,0.5689,4.95,0.3037974683544304,False
CMPD_12657,0.13,4.16,0.925925925925926,True
CMPD_12659,0.8667,5.56,0.7368421052631579,True
CMPD_12662,0.92,7.13,0.7666666666666667,True
CMPD_12664,0.3811,5.17,0.7272727272727273,True
CMPD_12673,0.91,5.86,0.8181818181818182,True
CMPD_12674,0.5927,5.25,0.6285714285714286,True
CMPD_12687,0.2044,4.81,0.8450704225352113,True
CMPD_12688,0.1744,4.81,0.8840579710144928,True
CMPD_12691,0.1544,4.72,1.0,True
CMPD_12710,0.1467,4.78,0.7857142857142857,True
CMPD_12711,0.8344,5.49,0.6666666666666666,True
CMPD_12712,0.8253,5.62,0.6623376623376623,True
CMPD_12713,0.86,6.19,0.6610169491525424,True
CMPD_12715,0.59,5.08,0.2528735632183908,False
CMPD_12723,0.188,4.82,0.8157894736842105,True
CMPD_12726,0.0867,4.77,0.8115942028985508,True
CMPD_12728,0.27,4.53,0.7662337662337663,True
CMPD_12730,0.5067,4.93,0.8933333333333333,True
CMPD_12732,0.1954,4.72,0.8076923076923077,True
CMPD_12734,0.1233,4.66,0.725,True
CMPD_12737,0.0909,4.72,0.7837837837837838,True
CMPD_12738,0.1114,4.71,0.7162162162162162,True
CMPD_12739,0.1439,4.74,0.782608695652174,True
CMPD_12741,0.065,4.76,0.8088235294117647,True
CMPD_12742,0.6822,4.91,0.8135593220338984,True
CMPD_12749,0.4367,4.89,0.7027027027027027,True
CMPD_12756,0.065,4.53,0.7468354430379747,True
CMPD_12761,0.9118,5.37,0.7619047619047619,True
CMPD_12762,0.92,5.43,0.8448275862068966,True
CMPD_12765,0.7589,5.51,0.7721518987341772,True
CMPD_12776,0.2292,4.64,0.6451612903225806,True
CMPD_12785,0.4145,4.69,0.7307692307692307,True
CMPD_12802,0.7339,4.98,0.8301886792452831,True
CMPD_12805,0.18,4.71,0.6949152542372882,True
CMPD_12806,0.5767,5.18,0.7681159420289855,True
CMPD_12814,0.89,8.04,0.875,True
CMPD_12823,0.8733,6.34,0.7090909090909091,True
CMPD_12835,0.5422,5.01,0.7419354838709677,True
CMPD_12840,0.9033,6.45,0.6491228070175439,True
CMPD_12841,0.9233,6.31,0.7254901960784313,True
CMPD_12858,0.9117,7.75,0.88,True
CMPD_12859,0.8767,6.46,0.6779661016949152,True
CMPD_12860,0.9633,8.41,0.82,True
CMPD_12866,0.9633,8.41,0.82,True
CMPD_12874,0.4917,4.95,0.3421052631578947,False
CMPD_12876,0.8433,6.07,0.6346153846153846,True
CMPD_12889,0.7556,5.39,0.8484848484848485,True
CMPD_12918,0.6922,5.23,0.6610169491525424,True
CMPD_12921,0.72,5.27,0.7843137254901961,True
CMPD_12925,0.7883,5.07,0.75,True
CMPD_12929,0.72,4.96,0.6612903225806451,True
CMPD_12932,0.7,5.06,0.7580645161290323,True
CMPD_12945,0.0967,4.51,0.984375,True
CMPD_12954,0.7167,5.02,0.7580645161290323,True
CMPD_12957,0.13,4.66,0.9838709677419356,True
CMPD_12959,0.2706,4.42,0.6571428571428571,True
CMPD_12960,0.1008,4.88,0.8313253012048193,True
CMPD_12965,0.5433,5.0,0.5797101449275363,True
CMPD_12976,0.9425,5.06,0.8703703703703703,True
CMPD_12996,0.8411,5.2,0.8524590163934426,True
CMPD_12998,0.89,4.99,0.7666666666666667,True
CMPD_13001,0.9633,5.0,0.7959183673469388,True
CMPD_13003,0.9867,5.01,0.9111111111111112,True
CMPD_13005,0.9613,5.04,0.7692307692307693,True
CMPD_13008,0.9433,5.0,0.7727272727272727,True
CMPD_13017,0.8267,5.35,0.7272727272727273,True
CMPD_13024,0.2067,4.9,0.8382352941176471,True
CMPD_13043,0.9367,5.08,0.847457627118644,True
CMPD_13058,0.93,5.05,0.7536231884057971,True
CMPD_13075,0.6667,5.08,0.873015873015873,True
CMPD_13079,0.485,5.04,0.5866666666666667,True
CMPD_13080,0.352,5.07,0.7936507936507936,True
CMPD_13091,0.3367,4.62,0.6268656716417911,True
CMPD_13093,0.725,5.29,0.392156862745098,False
CMPD_13095,0.5121,5.04,0.6415094339622641,True
CMPD_13096,0.4822,4.83,0.4893617021276595,True
CMPD_13100,0.6822,5.02,0.8245614035087719,True
CMPD_13104,0.8133,5.15,0.8596491228070176,True
CMPD_13107,0.5083,5.12,0.6341463414634146,True
CMPD_13108,0.5625,5.06,0.6341463414634146,True
CMPD_13109,0.8047,5.55,0.8289473684210527,True
CMPD_13115,0.5233,4.81,0.711864406779661,True
CMPD_13120,0.0283,4.56,0.7763157894736842,True
CMPD_13122,0.6528,4.79,0.6666666666666666,True
CMPD_13123,0.499,4.82,0.4727272727272727,True
CMPD_13124,0.4822,4.83,0.4893617021276595,True
CMPD_13129,0.499,4.82,0.4727272727272727,True
CMPD_13132,0.6267,5.56,0.5733333333333334,True
CMPD_13136,0.8833,6.34,0.8142857142857143,True
CMPD_13143,0.3717,4.93,0.5402298850574713,True
CMPD_13164,0.0667,4.64,0.9714285714285714,True
CMPD_13170,0.6167,5.2,0.7532467532467533,True
CMPD_13171,0.6233,5.2,0.7432432432432432,True
CMPD_13185,0.2894,4.54,0.7068965517241379,True
CMPD_13186,0.4361,4.69,0.6721311475409836,True
CMPD_13195,0.9,6.3,0.7538461538461538,True
CMPD_13196,0.5017,5.16,0.5375,True
CMPD_13197,0.4033,5.27,0.7222222222222222,True
CMPD_13205,0.7401,5.3,0.7049180327868853,True
CMPD_13210,0.635,5.32,0.8588235294117647,True
CMPD_13211,0.635,5.32,0.8588235294117647,True
CMPD_13230,0.95,5.85,0.8591549295774648,True
CMPD_13232,0.3755,4.83,0.6060606060606061,True
CMPD_13233,0.5022,5.02,0.5873015873015873,True
CMPD_13237,0.4669,4.83,0.7076923076923077,True
CMPD_13240,0.35,4.79,0.5689655172413793,True
CMPD_13241,0.4292,4.58,0.55,True
CMPD_13242,0.4142,4.61,0.5352112676056338,True
CMPD_13243,0.4958,4.87,0.7796610169491526,True
CMPD_13244,0.1633,4.12,0.5641025641025641,True
CMPD_13247,0.3633,4.8,0.7166666666666667,True
CMPD_13253,0.3867,4.48,0.5714285714285714,True
CMPD_13254,0.4703,4.73,0.7419354838709677,True
CMPD_13255,0.3867,4.48,0.5714285714285714,True
CMPD_13259,0.3867,4.48,0.5714285714285714,True
CMPD_13260,0.4703,4.73,0.7419354838709677,True
CMPD_13262,0.4328,4.76,0.5757575757575758,True
CMPD_13264,0.4567,4.77,0.5606060606060606,True
CMPD_13267,0.4361,4.69,0.6721311475409836,True
CMPD_13269,0.5333,5.04,0.684931506849315,True
CMPD_13277,0.4033,5.27,0.7222222222222222,True
CMPD_13281,0.19,4.53,0.6896551724137931,True
CMPD_13291,0.2822,4.65,0.7183098591549296,True
CMPD_13293,0.635,5.32,0.8588235294117647,True
CMPD_13294,0.635,5.32,0.8588235294117647,True
CMPD_13300,0.71,5.28,0.5970149253731343,True
CMPD_13301,0.56,5.04,0.5303030303030303,True
CMPD_13302,0.22,4.88,0.7272727272727273,True
CMPD_13313,0.3567,4.75,0.4,True
CMPD_13315,0.3178,4.91,0.4375,True
CMPD_13316,0.5367,4.78,0.6818181818181818,True
CMPD_13317,0.4178,4.72,0.6716417910447762,True
CMPD_13331,0.4567,5.2,0.7777777777777778,True
CMPD_13335,0.6072,5.09,0.6666666666666666,True
CMPD_13336,0.8467,5.78,0.7391304347826086,True
CMPD_13344,0.7767,5.72,0.7183098591549296,True
CMPD_13347,0.3867,5.02,0.7761194029850746,True
CMPD_13354,0.45,4.94,0.8676470588235294,True
CMPD_13366,0.6333,5.1,0.7878787878787878,True
CMPD_13375,0.74,5.09,0.7352941176470589,True
CMPD_13383,0.3883,4.8,0.7681159420289855,True
CMPD_13391,0.7467,5.21,0.847457627118644,True
CMPD_13392,0.2533,5.03,0.8448275862068966,True
CMPD_13398,0.5467,5.36,0.746031746031746,True
CMPD_13403,0.3067,4.92,0.7534246575342466,True
CMPD_13404,0.44,5.11,0.7183098591549296,True
CMPD_13414,0.8017,5.69,0.7758620689655172,True
CMPD_13416,0.8422,5.79,0.6304347826086957,True
CMPD_13419,0.97,6.01,0.6744186046511628,True
CMPD_13420,0.83,5.56,0.6744186046511628,True
CMPD_13421,0.7833,5.11,0.6304347826086957,True
CMPD_13422,0.8422,5.75,0.5714285714285714,True
CMPD_13437,0.3992,5.07,0.9482758620689656,True
CMPD_13439,0.3283,4.63,0.6949152542372882,True
CMPD_13448,0.2667,4.88,0.8135593220338984,True
CMPD_13454,0.28,4.78,0.6349206349206349,True
CMPD_13464,0.8402,5.46,0.7121212121212122,True
CMPD_13465,0.8913,5.5,0.7627118644067796,True
CMPD_13466,0.8597,5.61,0.7424242424242424,True
CMPD_13467,0.8613,5.67,0.6338028169014085,True
CMPD_13468,0.8713,5.58,0.6818181818181818,True
CMPD_13469,0.7444,5.23,0.6521739130434783,True
CMPD_13470,0.7594,5.19,0.7121212121212122,True
CMPD_13472,0.5979,5.01,0.4868421052631579,True
CMPD_13482,0.4183,4.89,0.75,True
CMPD_13522,0.1467,4.59,0.6842105263157895,True
CMPD_13575,0.4333,4.77,0.8113207547169812,True
CMPD_13582,0.38,5.2,0.6029411764705882,True
CMPD_13588,0.09,4.2,0.8307692307692308,True
CMPD_13597,0.5367,5.12,0.5423728813559322,True
CMPD_13598,0.5372,5.49,0.4545454545454545,True
CMPD_13599,0.3517,5.66,0.58,True
CMPD_13673,0.9567,6.05,0.868421052631579,True
CMPD_13674,0.3692,4.83,0.3406593406593406,False
CMPD_13680,0.5867,4.91,0.5,True
CMPD_13684,0.3717,5.13,0.5373134328358209,True
CMPD_13693,0.4233,5.1,0.6379310344827587,True
CMPD_13700,0.2467,4.95,0.6896551724137931,True
CMPD_13705,0.3058,4.73,0.7291666666666666,True
CMPD_13713,0.03,4.52,0.7916666666666666,True
CMPD_13716,0.2233,4.71,0.5094339622641509,True
CMPD_13729,0.212,5.08,0.8648648648648649,True
CMPD_13730,0.0267,4.46,0.8918918918918919,True
CMPD_13748,0.7617,5.44,0.5428571428571428,True
CMPD_13750,0.33,4.96,0.7794117647058824,True
CMPD_13755,0.6267,5.25,0.7435897435897436,True
CMPD_13765,0.2856,4.56,0.4705882352941176,True
CMPD_13766,0.5533,5.1,0.3174603174603174,False
CMPD_13780,0.1917,4.43,0.4561403508771929,True
CMPD_13781,0.175,4.29,0.4461538461538462,True
CMPD_13783,0.3875,4.92,0.7236842105263158,True
CMPD_13785,0.26,4.32,0.5074626865671642,True
CMPD_13787,0.5067,5.37,0.7254901960784313,True
CMPD_13789,0.3969,4.75,0.2636363636363636,False
CMPD_13791,0.37,4.9,0.8947368421052632,True
CMPD_13792,0.4167,5.18,0.7681159420289855,True
CMPD_13794,0.8033,5.53,0.6190476190476191,True
CMPD_13800,0.8017,5.24,0.7068965517241379,True
CMPD_13804,0.2627,4.7,0.7446808510638298,True
CMPD_13810,0.9933,5.99,0.8571428571428571,True
CMPD_13814,0.2075,4.51,0.8045977011494253,True
CMPD_13815,0.84,5.31,0.7540983606557377,True
CMPD_13816,0.7889,5.3,0.71875,True
CMPD_13817,0.3378,4.77,0.2857142857142857,False
CMPD_13818,0.69,5.4,0.5652173913043478,True
CMPD_13826,0.4567,5.06,0.8289473684210527,True
CMPD_13829,0.22,4.55,0.7794117647058824,True
CMPD_13833,0.22,4.57,0.7534246575342466,True
CMPD_13839,0.3883,4.76,0.7794117647058824,True
CMPD_13855,0.6733,6.12,0.8591549295774648,True
CMPD_13856,0.6547,6.13,0.84375,True
CMPD_13857,0.75,5.72,0.8571428571428571,True
CMPD_13858,0.6647,6.12,0.855072463768116,True
CMPD_13862,0.8733,7.01,0.855072463768116,True
CMPD_13867,0.7233,5.16,0.8064516129032258,True
CMPD_13873,0.0867,4.48,1.0,True
CMPD_13889,0.24,4.62,0.75,True
CMPD_13892,0.49,4.93,0.8235294117647058,True
CMPD_13908,0.8833,7.21,0.7818181818181819,True
CMPD_13913,0.5233,6.38,0.6065573770491803,True
CMPD_13914,0.5333,5.95,0.576271186440678,True
CMPD_13916,0.74,5.63,0.4626865671641791,True
CMPD_13917,0.4467,4.84,0.7384615384615385,True
CMPD_13918,0.3317,4.95,0.796875,True
CMPD_13919,0.4956,4.79,0.7333333333333333,True
CMPD_13920,0.28,4.84,0.7966101694915254,True
CMPD_13931,0.7567,6.84,0.803921568627451,True
CMPD_13943,0.8367,5.46,0.75,True
CMPD_13946,0.8967,5.38,0.953125,True
CMPD_13947,0.73,5.1,0.8095238095238095,True
CMPD_13948,0.8233,6.81,0.7297297297297297,True
CMPD_13959,0.8733,4.98,0.7368421052631579,True
CMPD_13960,0.8433,4.98,0.6896551724137931,True
CMPD_13961,0.7767,5.12,0.6666666666666666,True
CMPD_13962,0.1989,4.94,0.7903225806451613,True
CMPD_13966,0.3456,4.98,0.3392857142857143,False
CMPD_13981,0.6833,5.16,0.75,True
CMPD_13985,0.1667,4.59,0.8363636363636363,True
CMPD_13990,0.4689,5.22,0.3026315789473684,False
CMPD_13991,0.4567,4.91,0.2526315789473684,False
CMPD_13994,0.06,4.63,0.953846153846154,True
CMPD_13997,0.0567,4.72,1.0,True
CMPD_14000,0.08,4.85,0.8769230769230769,True
CMPD_14001,0.1567,4.64,0.8055555555555556,True
CMPD_14007,0.7,5.94,0.4776119402985074,True
CMPD_14010,0.6933,5.49,0.4,True
CMPD_14014,0.7767,5.57,0.5862068965517241,True
CMPD_14016,0.7033,5.37,0.4285714285714285,True
CMPD_14022,0.94,5.89,0.8360655737704918,True
CMPD_14041,0.7367,5.34,0.8461538461538461,True
CMPD_14042,0.5367,5.32,0.7428571428571429,True
CMPD_14043,0.2256,5.03,0.8448275862068966,True
CMPD_14056,0.1533,4.52,0.6428571428571429,True
CMPD_14078,0.3056,4.77,0.6883116883116883,True
CMPD_14079,0.665,5.36,0.71875,True
CMPD_14083,0.4078,4.84,0.7721518987341772,True
CMPD_14087,0.7467,5.42,0.7846153846153846,True
CMPD_14089,0.71,5.45,0.696969696969697,True
CMPD_14090,0.6633,5.5,0.7058823529411765,True
CMPD_14091,0.6567,5.64,0.7384615384615385,True
CMPD_14092,0.78,5.68,0.78125,True
CMPD_14093,0.7933,5.6,0.7272727272727273,True
CMPD_14094,0.8333,5.77,0.7272727272727273,True
CMPD_14095,0.8067,5.91,0.9,True
CMPD_14096,0.51,4.89,0.7384615384615385,True
CMPD_14097,0.6133,5.01,0.7,True
CMPD_14098,0.6767,5.58,0.7076923076923077,True
CMPD_14101,0.3433,4.52,0.7903225806451613,True
CMPD_14106,0.8333,6.03,0.7352941176470589,True
CMPD_14113,0.61,5.17,0.7014925373134329,True
CMPD_14135,0.1867,4.9,0.7903225806451613,True
CMPD_14136,0.7467,5.04,0.8947368421052632,True
CMPD_14139,0.3306,4.52,0.6176470588235294,True
CMPD_14151,0.9567,6.51,0.8028169014084507,True
CMPD_14153,0.2489,4.79,0.9107142857142856,True
CMPD_14160,0.1,4.6,0.8227848101265823,True
CMPD_14170,0.5487,5.06,0.3417721518987341,False
CMPD_14173,0.66,5.1,0.8064516129032258,True
CMPD_14176,0.84,5.84,0.7037037037037037,True
CMPD_14178,0.6833,5.08,0.896551724137931,True
CMPD_14180,0.57,5.14,0.6865671641791045,True
CMPD_14183,0.5489,4.89,0.796875,True
CMPD_14185,0.2567,4.66,0.8955223880597015,True
CMPD_14187,0.39,4.61,0.8181818181818182,True
CMPD_14189,0.8867,5.66,0.5576923076923077,True
CMPD_14190,0.9267,6.31,0.6461538461538462,True
CMPD_14198,0.4033,4.75,0.6379310344827587,True
CMPD_14203,0.5867,5.22,0.3417721518987341,False
CMPD_14218,0.8533,5.16,0.8928571428571429,True
CMPD_14221,0.8733,5.18,0.8771929824561403,True
CMPD_14223,0.8433,6.15,0.8787878787878788,True
CMPD_14226,0.7983,5.24,0.75,True
CMPD_14227,0.7983,5.24,0.75,True
CMPD_14228,0.3333,4.79,0.717948717948718,True
CMPD_14231,0.5617,4.83,0.7241379310344828,True
CMPD_14236,0.4333,4.85,0.6818181818181818,True
CMPD_14237,0.4633,5.23,0.703125,True
CMPD_14239,0.7133,5.19,0.6111111111111112,True
CMPD_14247,0.9033,5.51,0.7222222222222222,True
CMPD_14253,0.82,5.5,0.7323943661971831,True
CMPD_14254,0.87,5.45,0.7246376811594203,True
CMPD_14258,0.6833,5.08,0.896551724137931,True
CMPD_14260,0.74,4.96,0.7121212121212122,True
CMPD_14261,0.7975,5.06,0.6911764705882353,True
CMPD_14262,0.8456,4.99,0.765625,True
CMPD_14270,0.6833,5.08,0.896551724137931,True
CMPD_14271,0.4769,4.87,0.3461538461538461,False
CMPD_14272,0.6567,5.55,0.6027397260273972,True
CMPD_14283,0.7867,5.47,0.6756756756756757,True
CMPD_14284,0.5983,5.18,0.5921052631578947,True
CMPD_14290,0.1967,4.71,0.4426229508196721,True
CMPD_14291,0.6567,5.12,0.6756756756756757,True
CMPD_14305,0.8433,5.26,0.8253968253968254,True
CMPD_14307,0.7533,5.02,0.8181818181818182,True
CMPD_14308,0.7267,5.04,0.8387096774193549,True
CMPD_14309,0.3667,4.78,0.6956521739130435,True
CMPD_14320,0.49,5.05,0.7571428571428571,True
CMPD_14326,0.3867,4.84,0.5733333333333334,True
CMPD_14327,0.7733,5.05,0.6551724137931034,True
CMPD_14328,0.7733,5.05,0.6551724137931034,True
CMPD_14331,0.4067,4.82,0.4823529411764706,True
CMPD_14333,0.535,5.06,0.3666666666666666,False
CMPD_14343,0.6267,5.08,0.6268656716417911,True
CMPD_14362,0.6487,4.99,0.6764705882352942,True
CMPD_14372,0.9058,5.2,0.8783783783783784,True
CMPD_14373,0.9358,5.19,0.9428571428571428,True
CMPD_14374,0.9692,5.21,0.9714285714285714,True
CMPD_14376,0.9167,5.39,0.8552631578947368,True
CMPD_14377,0.9667,5.15,1.0,True
CMPD_14381,0.9156,5.29,0.8441558441558441,True
CMPD_14382,0.9533,5.41,0.9452054794520548,True
CMPD_14392,0.3436,4.8,0.4814814814814814,True
CMPD_14395,0.4351,5.13,0.2884615384615384,False
CMPD_14397,0.5529,4.79,0.52,True
CMPD_14407,0.0167,4.07,0.9814814814814816,True
CMPD_14445,0.6517,4.95,0.7464788732394366,True
CMPD_14453,0.0133,4.21,0.981132075471698,True
CMPD_14460,0.19,4.82,0.75,True
CMPD_14461,0.2267,4.79,0.6153846153846154,True
CMPD_14467,0.9283,5.66,0.8461538461538461,True
CMPD_14480,0.4817,4.79,0.3617021276595745,False
CMPD_14483,0.2633,4.09,0.8,True
CMPD_14484,0.2433,4.02,0.8135593220338984,True
CMPD_14497,0.75,5.7,0.7375,True
CMPD_14498,0.4258,5.02,0.8,True
CMPD_14507,0.7,5.24,0.5081967213114754,True
CMPD_14518,0.5267,4.93,0.7727272727272727,True
CMPD_14534,0.5289,4.97,0.4915254237288136,True
CMPD_14538,0.4867,5.01,0.8695652173913043,True
CMPD_14542,0.595,5.7,0.391304347826087,False
CMPD_14543,0.7811,5.32,0.8225806451612904,True
CMPD_14544,0.34,5.26,0.7464788732394366,True
CMPD_14545,0.1133,4.09,0.7096774193548387,True
CMPD_14547,0.59,5.54,0.4242424242424242,True
CMPD_14549,0.0267,4.05,0.9791666666666666,True
CMPD_14556,0.3683,4.68,0.7037037037037037,True
CMPD_14570,0.2427,4.8,0.5857142857142857,True
CMPD_14571,0.5008,4.75,0.3181818181818182,False
CMPD_14584,0.2433,5.12,0.7966101694915254,True
CMPD_14589,0.3175,4.94,0.864406779661017,True
CMPD_14593,0.3823,4.71,0.7213114754098361,True
CMPD_14605,0.6078,5.03,0.6376811594202898,True
CMPD_14608,0.1,4.64,0.8571428571428571,True
CMPD_14611,0.4972,5.08,0.4086021505376344,True
CMPD_14612,0.813,5.42,0.8142857142857143,True
CMPD_14624,0.7567,5.37,0.7192982456140351,True
CMPD_14633,0.34,4.85,0.8285714285714286,True
CMPD_14637,0.3978,4.98,0.5866666666666667,True
CMPD_14640,0.3767,4.75,0.7,True
CMPD_14653,0.5533,4.81,0.4347826086956521,True
CMPD_14654,0.4575,4.89,0.2948717948717949,False
CMPD_14655,0.4275,4.92,0.2842105263157894,False
CMPD_14666,0.3933,5.36,0.8533333333333334,True
CMPD_14670,0.07,4.56,0.9113924050632912,True
CMPD_14676,0.44,4.86,0.6619718309859155,True
CMPD_14677,0.4533,4.98,0.8059701492537313,True
CMPD_14679,0.7003,5.11,0.8095238095238095,True
CMPD_14681,0.315,4.77,0.7121212121212122,True
CMPD_14682,0.3917,4.84,0.7121212121212122,True
CMPD_14683,0.325,4.83,0.71875,True
CMPD_14684,0.3383,4.79,0.4047619047619047,True
CMPD_14692,0.4383,4.96,0.3424657534246575,False
CMPD_14698,0.5744,5.76,0.6142857142857143,True
CMPD_14699,0.54,4.9,0.3484848484848485,False
CMPD_14703,0.635,5.42,0.4948453608247423,True
CMPD_14704,0.615,5.34,0.5168539325842697,True
CMPD_14706,0.2533,4.81,0.7457627118644068,True
CMPD_14708,0.3767,5.19,0.6774193548387096,True
CMPD_14709,0.35,5.03,0.65625,True
CMPD_14710,0.5033,5.1,0.5333333333333333,True
CMPD_14711,0.5367,5.36,0.475,True
CMPD_14712,0.33,4.99,0.6231884057971014,True
CMPD_14713,0.3033,4.93,0.6515151515151515,True
CMPD_14714,0.25,2.81,0.7878787878787878,True
CMPD_14715,0.2533,4.81,0.7457627118644068,True
CMPD_14716,0.2567,4.94,0.7213114754098361,True
CMPD_14717,0.2433,4.98,0.6875,True
CMPD_14723,0.6396,5.11,0.7142857142857143,True
CMPD_14727,0.6396,5.11,0.7142857142857143,True
CMPD_14728,0.15,4.6,0.6923076923076923,True
CMPD_14729,0.5022,5.18,0.313953488372093,False
CMPD_14733,0.1867,4.76,0.6507936507936508,True
CMPD_14747,0.5433,5.63,0.6323529411764706,True
CMPD_14759,0.6133,5.28,0.5679012345679012,True
CMPD_14767,0.3567,4.74,0.7361111111111112,True
CMPD_14778,0.5767,5.32,0.796875,True
CMPD_14781,0.5722,5.02,0.3380281690140845,False
CMPD_14783,0.4333,4.84,0.3376623376623376,False
CMPD_14785,0.2033,3.04,0.7014925373134329,True
CMPD_14792,0.3267,4.66,0.7272727272727273,True
CMPD_14794,0.4633,4.95,0.7377049180327869,True
CMPD_14802,0.2706,4.82,0.2054794520547945,False
CMPD_14804,0.3967,4.73,0.6571428571428571,True
CMPD_14805,0.4067,4.8,0.6301369863013698,True
CMPD_14808,0.3,4.83,0.6666666666666666,True
CMPD_14816,0.4997,4.79,0.6153846153846154,True
CMPD_14817,0.6303,5.04,0.5967741935483871,True
CMPD_14823,0.8933,5.8,0.7727272727272727,True
CMPD_14827,0.7367,5.36,0.6567164179104478,True
CMPD_14828,0.75,5.27,0.6376811594202898,True
CMPD_14829,0.72,5.49,0.6376811594202898,True
CMPD_14860,0.74,5.01,0.3614457831325301,False
CMPD_14889,0.66,5.32,0.4756097560975609,True
CMPD_14890,0.5067,5.05,0.7833333333333333,True
CMPD_14898,0.11,4.82,0.8518518518518519,True
CMPD_14901,0.4367,4.72,0.8461538461538461,True
CMPD_14903,0.6433,6.33,0.7647058823529411,True
CMPD_14905,0.86,4.98,0.902439024390244,True
CMPD_14906,0.8467,6.08,0.7741935483870968,True
CMPD_14911,0.1617,4.64,0.7733333333333333,True
CMPD_14912,0.1383,4.68,0.7567567567567568,True
CMPD_14916,0.1577,4.78,0.704225352112676,True
CMPD_14943,0.1733,4.56,0.7213114754098361,True
CMPD_14967,0.4633,4.84,0.6153846153846154,True
CMPD_14968,0.52,5.28,0.6153846153846154,True
CMPD_14971,0.7983,5.24,0.6964285714285714,True
CMPD_14981,0.495,5.01,0.9111111111111112,True
CMPD_14982,0.4683,5.05,0.9555555555555556,True
CMPD_14986,0.56,4.93,0.72,True
CMPD_14998,0.29,4.84,0.7936507936507936,True
CMPD_15001,0.79,6.26,0.6896551724137931,True
CMPD_15006,0.4333,4.88,0.3513513513513513,False
CMPD_15021,0.92,6.11,0.8,True
CMPD_15031,0.5331,5.07,0.5901639344262295,True
CMPD_15038,0.6067,5.22,0.5,True
CMPD_15043,0.9767,5.59,0.8387096774193549,True
CMPD_15047,0.06,4.66,0.7763157894736842,True
CMPD_15055,0.56,5.0,0.7252747252747253,True
CMPD_15059,0.5333,5.09,0.7936507936507936,True
CMPD_15078,0.5867,5.11,0.7936507936507936,True
CMPD_15105,0.8064,5.42,0.8452380952380952,True
CMPD_15118,0.7989,5.12,0.9090909090909092,True
CMPD_15128,0.2311,4.48,0.6867469879518072,True
CMPD_15132,0.2311,4.48,0.6867469879518072,True
CMPD_15136,0.0679,4.38,0.8181818181818182,True
CMPD_15149,0.17,4.06,0.7948717948717948,True
CMPD_15154,0.0825,4.05,0.735632183908046,True
CMPD_15155,0.0825,4.05,0.735632183908046,True
CMPD_15163,0.1394,3.94,0.6410256410256411,True
CMPD_15164,0.0861,4.05,0.759493670886076,True
CMPD_15165,0.2033,4.39,0.8023255813953488,True
CMPD_15166,0.8433,5.88,0.8235294117647058,True
CMPD_15179,0.7633,5.65,0.6666666666666666,True
CMPD_15194,0.8933,5.85,0.6610169491525424,True
CMPD_15195,0.9033,5.8,0.660377358490566,True
CMPD_15211,0.8733,5.52,0.6363636363636364,True
CMPD_15223,0.7,5.28,0.5393258426966292,True
CMPD_15224,0.2517,4.49,0.6507936507936508,True
CMPD_15232,0.5773,4.93,0.7916666666666666,True
CMPD_15239,0.5633,5.18,0.6774193548387096,True
CMPD_15244,0.8967,7.03,0.6615384615384615,True
CMPD_15245,0.8767,6.91,0.6612903225806451,True
CMPD_15246,0.89,6.87,0.6825396825396826,True
CMPD_15262,0.5583,5.0,0.3010752688172043,False
CMPD_15263,0.5367,5.01,0.6545454545454545,True
CMPD_15264,0.5367,5.01,0.6545454545454545,True
CMPD_15271,0.8333,5.29,0.703125,True
CMPD_15272,0.6733,5.16,0.4925373134328358,True
CMPD_15274,0.8067,5.83,0.8333333333333334,True
CMPD_15278,0.06,4.57,0.875,True
CMPD_15283,0.3033,5.02,0.7971014492753623,True
CMPD_15284,0.19,4.94,0.7971014492753623,True
CMPD_15288,0.77,6.9,0.7924528301886793,True
CMPD_15295,0.6033,5.2,0.7027027027027027,True
CMPD_15296,0.512,5.07,0.7323943661971831,True
CMPD_15297,0.2733,4.95,0.7761194029850746,True
CMPD_15298,0.4317,5.05,0.7352941176470589,True
CMPD_15299,0.3567,4.91,0.7352941176470589,True
CMPD_15300,0.4133,4.93,0.8688524590163934,True
CMPD_15301,0.6567,5.24,0.7631578947368421,True
CMPD_15312,0.7951,5.33,0.78125,True
CMPD_15314,0.75,5.09,0.7761194029850746,True
CMPD_15317,0.6033,5.01,0.7910447761194029,True
CMPD_15324,0.91,5.34,0.7818181818181819,True
CMPD_15326,0.6833,5.26,0.3787878787878788,False
CMPD_15327,0.67,5.27,0.3037974683544304,False
CMPD_15331,0.9133,6.15,0.5362318840579711,True
CMPD_15341,0.1956,4.75,0.9090909090909092,True
CMPD_15350,0.3256,4.8,0.9148936170212766,True
CMPD_15354,0.4422,4.82,0.7254901960784313,True
CMPD_15360,0.4031,4.74,0.5853658536585366,True
CMPD_15365,0.7825,5.47,0.8,True
CMPD_15368,0.3011,4.66,0.4705882352941176,True
CMPD_15379,0.6033,4.91,0.7833333333333333,True
CMPD_15380,0.6967,5.11,0.6811594202898551,True
CMPD_15405,0.7656,5.38,0.6229508196721312,True
CMPD_15412,0.93,5.44,0.6739130434782609,True
CMPD_15427,0.63,5.26,0.2957746478873239,False
CMPD_15428,0.63,5.33,0.3134328358208955,False
CMPD_15429,0.6028,4.96,0.3703703703703703,False
CMPD_15431,0.4028,4.64,0.3378378378378378,False
CMPD_15432,0.8817,5.06,0.8448275862068966,True
CMPD_15433,0.4617,4.9,0.3152173913043478,False
CMPD_15442,0.85,5.67,0.9076923076923076,True
CMPD_15443,0.88,5.7,0.9076923076923076,True
CMPD_15459,0.5158,5.23,0.3378378378378378,False
CMPD_15460,0.4267,4.99,0.3333333333333333,False
CMPD_15465,0.2289,4.87,0.6714285714285714,True
CMPD_15466,0.8167,5.94,0.5833333333333334,True
CMPD_15467,0.2089,4.76,0.6619718309859155,True
CMPD_15472,0.8767,7.52,0.6428571428571429,True
CMPD_15481,0.54,4.88,0.391304347826087,False
CMPD_15488,0.8867,6.03,0.6176470588235294,True
CMPD_15502,0.9167,5.59,0.75,True
CMPD_15505,0.56,5.25,0.55,True
CMPD_15506,0.48,5.08,0.323943661971831,False
CMPD_15511,0.08,4.69,0.8888888888888888,True
CMPD_15515,0.3,4.0,0.7307692307692307,True
CMPD_15521,0.2813,4.66,0.375,False
CMPD_15527,0.73,4.98,0.8275862068965517,True
CMPD_15537,0.8233,6.14,0.84,True
CMPD_15538,0.5867,5.14,0.6933333333333334,True
CMPD_15543,0.4733,5.13,0.5614035087719298,True
CMPD_15547,0.3533,4.8,0.2777777777777778,False
CMPD_15548,0.3533,4.8,0.2777777777777778,False
CMPD_15578,0.5217,2.91,0.6,True
CMPD_15579,0.3358,2.64,0.625,True
CMPD_15585,0.02,4.63,0.7464788732394366,True
CMPD_15587,0.0658,4.56,0.7662337662337663,True
CMPD_15589,0.04,4.69,0.7361111111111112,True
CMPD_15608,0.1067,4.03,0.8026315789473685,True
CMPD_15612,0.1033,4.17,0.5301204819277109,True
CMPD_15625,0.505,5.54,0.7432432432432432,True
CMPD_15627,0.2517,4.84,0.6666666666666666,True
CMPD_15632,0.0133,4.29,0.8243243243243243,True
CMPD_15645,0.0167,4.47,0.8181818181818182,True
CMPD_15648,0.7833,5.55,0.5921052631578947,True
CMPD_15651,0.0633,3.92,0.8857142857142857,True
CMPD_15654,0.7492,5.65,0.6764705882352942,True
CMPD_15656,0.6633,5.7,0.6811594202898551,True
CMPD_15657,0.85,5.44,0.5072463768115942,True
CMPD_15658,0.9033,5.53,0.5538461538461539,True
CMPD_15661,0.7408,5.35,0.6986301369863014,True
CMPD_15664,0.7625,5.94,0.6666666666666666,True
CMPD_15669,0.8433,6.04,0.8888888888888888,True
CMPD_15670,0.8567,5.64,0.7777777777777778,True
CMPD_15671,0.7333,5.81,0.7027027027027027,True
CMPD_15672,0.7133,5.63,0.7611940298507462,True
CMPD_15674,0.33,5.11,0.7536231884057971,True
CMPD_15690,0.4767,4.83,0.4782608695652174,True
CMPD_15691,0.63,5.03,0.4328358208955223,True
CMPD_15702,0.1333,4.71,0.8181818181818182,True
CMPD_15706,0.0656,4.71,0.7945205479452054,True
CMPD_15711,0.2,4.77,0.8181818181818182,True
CMPD_15714,0.0667,4.71,0.7246376811594203,True
CMPD_15719,0.16,4.84,0.8181818181818182,True
CMPD_15724,0.7711,6.33,0.7096774193548387,True
CMPD_15733,0.1133,4.93,0.796875,True
CMPD_15736,0.04,4.79,0.8333333333333334,True
CMPD_15744,0.1867,4.68,0.7534246575342466,True
CMPD_15747,0.03,4.75,0.7878787878787878,True
CMPD_15753,0.17,4.82,0.8181818181818182,True
CMPD_15759,0.06,4.79,0.7945205479452054,True
CMPD_15768,0.0553,4.67,0.7368421052631579,True
CMPD_15769,0.05,4.64,0.7397260273972602,True
CMPD_15773,0.415,5.06,0.7142857142857143,True
CMPD_15774,0.8217,6.27,0.6170212765957447,True
CMPD_15781,0.1817,4.78,0.9722222222222222,True
CMPD_15782,0.2467,4.84,0.7906976744186046,True
CMPD_15784,0.1867,4.89,0.7804878048780488,True
CMPD_15785,0.1433,4.76,0.7352941176470589,True
CMPD_15787,0.27,4.73,0.8,True
CMPD_15789,0.3233,4.76,0.5849056603773585,True
CMPD_15798,0.1367,4.71,0.8,True
CMPD_15817,0.8133,6.18,0.5977011494252874,True
CMPD_15818,0.82,6.14,0.7195121951219512,True
CMPD_15824,0.6867,5.22,0.6923076923076923,True
CMPD_15825,0.6526,5.1,0.4166666666666667,True
CMPD_15827,0.8467,5.78,0.4067796610169492,True
CMPD_15828,0.8233,5.6,0.6,True
CMPD_15829,0.5728,5.13,0.5681818181818182,True
CMPD_15860,0.5933,4.92,0.4057971014492754,True
CMPD_15863,0.1911,4.48,0.3333333333333333,False
CMPD_15865,0.5919,4.64,0.6229508196721312,True
CMPD_15873,0.7394,5.34,0.6666666666666666,True
CMPD_15879,0.1967,4.7,0.8260869565217391,True
CMPD_15880,0.3533,4.79,0.5862068965517241,True
CMPD_15888,0.8458,5.4,0.8148148148148148,True
CMPD_15897,0.6594,5.01,0.5384615384615384,True
CMPD_15898,0.5067,4.95,0.5588235294117647,True
CMPD_15924,0.83,5.5,0.6515151515151515,True
CMPD_15925,0.89,5.65,0.864406779661017,True
CMPD_15927,0.47,4.71,0.7142857142857143,True
CMPD_15943,0.5667,5.35,0.7142857142857143,True
CMPD_15944,0.5967,5.34,0.5733333333333334,True
CMPD_15946,0.56,5.28,0.6153846153846154,True
CMPD_15947,0.58,5.36,0.7101449275362319,True
CMPD_15948,0.65,5.42,0.6027397260273972,True
CMPD_15953,0.81,7.06,0.6037735849056604,True
CMPD_15958,0.0433,4.74,0.7575757575757576,True
CMPD_15960,0.5713,4.87,0.2653061224489796,False
CMPD_15984,0.7744,5.5,0.52,True
CMPD_15985,0.82,5.58,0.5471698113207547,True
CMPD_15986,0.7811,5.16,0.5555555555555556,True
CMPD_15987,0.8067,5.22,0.5918367346938775,True
CMPD_15989,0.6333,5.53,0.1973684210526315,False
CMPD_15990,0.9433,5.1,0.8048780487804879,True
CMPD_15992,0.1633,4.8,0.9375,True
CMPD_15993,0.2233,4.75,0.8260869565217391,True
CMPD_15994,0.2233,4.75,0.8260869565217391,True
CMPD_15995,0.6356,4.93,0.4827586206896552,True
CMPD_16000,0.4167,4.94,0.6140350877192983,True
CMPD_16003,0.7067,5.84,0.3709677419354839,False
CMPD_16009,0.45,4.49,0.3809523809523809,False
CMPD_16013,0.83,5.52,0.7631578947368421,True
CMPD_16017,0.9567,5.57,0.6923076923076923,True
CMPD_16024,1.0,6.9,0.9629629629629628,True
CMPD_16025,0.9567,5.48,0.8305084745762712,True
CMPD_16026,1.0,6.9,0.9629629629629628,True
CMPD_16032,0.9867,6.12,1.0,True
CMPD_16040,0.4267,4.93,0.6538461538461539,True
CMPD_16054,0.846,5.41,0.62,True
CMPD_16055,0.9089,6.32,0.3947368421052631,False
CMPD_16056,0.9433,6.83,0.8,True
CMPD_16058,0.9733,6.64,0.7872340425531915,True
CMPD_16060,0.9267,6.45,0.5,True
CMPD_16062,0.7967,5.73,0.4482758620689655,True
CMPD_16069,0.6133,5.45,0.3134328358208955,False
CMPD_16073,0.4733,5.21,0.6046511627906976,True
CMPD_16074,0.9167,4.99,1.0,True
CMPD_16077,0.5033,4.87,0.4363636363636363,True
CMPD_16081,0.8367,5.64,0.6153846153846154,True
CMPD_16083,0.3933,5.0,0.7551020408163265,True
CMPD_16084,0.3667,4.96,0.6470588235294118,True
CMPD_16088,0.8742,5.89,0.5588235294117647,True
CMPD_16089,0.1856,4.9,0.9523809523809524,True
CMPD_16093,0.9333,7.11,0.7692307692307693,True
CMPD_16094,0.1856,4.9,0.9523809523809524,True
CMPD_16098,0.4733,5.0,0.5633802816901409,True
CMPD_16100,0.7592,5.3,0.34375,False
CMPD_16102,0.9767,5.82,0.9387755102040816,True
CMPD_16103,0.8067,5.63,0.5471698113207547,True
CMPD_16114,0.6919,5.13,0.5217391304347826,True
CMPD_16115,0.6919,5.13,0.5217391304347826,True
CMPD_16118,0.7833,5.12,0.8285714285714286,True
CMPD_16127,0.8833,5.8,0.9411764705882352,True
CMPD_16131,0.1289,4.81,0.7647058823529411,True
CMPD_16136,0.1867,4.5,0.7894736842105263,True
CMPD_16138,0.5233,4.9,0.746031746031746,True
CMPD_16141,0.3567,4.91,0.8636363636363636,True
CMPD_16144,0.9267,5.6,0.78,True
CMPD_16146,0.88,5.58,0.8387096774193549,True
CMPD_16147,0.7633,5.18,0.6792452830188679,True
CMPD_16151,0.5533,4.94,0.8823529411764706,True
CMPD_16152,0.5633,5.15,0.6428571428571429,True
