MW,LogP,TPSA,HBD,HBA,RotBonds,AromaticRings,HeavyAtoms
543.1410000000003,6.385500000000005,6.48,0,2,5,2,26
353.017,3.9213000000000022,30.19,0,2,1,3,17
469.44800000000026,6.318200000000005,24.5,1,4,4,3,29
341.25199999999995,5.419900000000004,27.82,2,1,2,3,21
377.2460000000001,1.7542999999999995,67.05,1,6,1,2,23
309.166,3.7921000000000022,25.78,0,2,0,3,19
323.1940000000001,2.2697000000000003,45.400000000000006,0,5,1,2,19
361.28300000000013,3.682100000000002,34.15,1,3,5,2,22
505.93700000000035,3.593600000000002,93.49,1,8,5,4,36
530.4050000000002,0.12131999999999987,176.84999999999997,1,9,8,2,37
422.4160000000002,1.60612,113.22000000000001,2,5,5,2,31
395.50300000000016,4.418600000000002,86.35,2,3,12,2,29
272.373,1.0595,46.33,1,3,5,1,19
362.4140000000001,3.049100000000001,69.04,1,6,4,4,26
362.43300000000005,3.1514000000000006,96.16,2,4,4,3,27
473.5050000000002,2.7009000000000007,111.72,2,8,7,2,33
395.4630000000002,1.2446799999999991,109.56,2,6,5,1,29
433.4780000000002,2.996400000000002,62.190000000000005,2,4,5,2,31
839.9719999999998,6.878000000000006,200.35999999999996,5,12,19,5,60
393.4430000000002,3.405100000000002,74.73000000000002,1,7,10,3,29
351.41400000000004,1.8387799999999996,98.99,2,8,7,2,26
335.3710000000001,0.8684799999999996,107.78000000000002,3,8,5,2,25
446.5070000000003,3.7920000000000025,71.37,1,7,4,4,32
469.63500000000016,5.646200000000006,41.150000000000006,1,5,5,4,33
448.55100000000016,5.384700000000005,55.730000000000004,1,4,5,5,33
448.55100000000016,5.384700000000005,55.730000000000004,1,4,5,5,33
449.53900000000016,4.779700000000004,68.62,1,5,5,5,33
449.53900000000016,4.779700000000004,68.62,1,5,5,5,33
368.4610000000001,5.1399000000000035,37.91,1,3,3,4,27
230.27,3.029600000000001,25.78,0,2,0,3,18
431.5380000000001,7.2152000000000065,12.89,0,1,2,5,34
272.307,3.164500000000001,27.05,0,2,0,3,21
510.54700000000025,3.103370000000001,167.64,4,5,8,3,36
452.5110000000002,3.62427,139.13,4,4,6,3,32
387.9140000000001,6.3103400000000045,30.71,0,2,4,4,28
319.28999999999996,2.643600000000001,58.33,1,3,2,3,23
302.28799999999995,1.8995,71.22,1,4,2,3,22
362.44100000000003,1.6719400000000006,148.52,6,4,4,2,27
437.9050000000002,2.2205,108.3,2,6,5,2,29
454.5240000000001,7.304000000000006,48.78,2,4,7,4,34
645.724,3.194300000000001,145.13,2,10,7,4,48
514.4380000000001,4.918900000000004,100.47999999999999,1,3,4,3,34
219.21899999999997,1.52048,78.91,2,3,3,1,16
470.80600000000015,5.333780000000003,99.41999999999999,2,5,6,2,32
454.3510000000001,4.819480000000002,99.41999999999999,2,5,6,2,32
319.4450000000001,2.9178000000000015,42.07,0,4,2,0,23
293.40700000000004,2.3836000000000004,42.07,0,4,2,0,21
441.57200000000023,3.505620000000002,88.08,1,7,3,1,32
422.4660000000002,5.452800000000006,25.36,0,3,6,2,30
401.30400000000003,3.593600000000002,41.57,1,4,1,1,25
448.30400000000003,3.4357000000000015,41.57,1,4,1,1,25
277.411,4.600500000000005,3.24,0,1,2,2,21
329.4840000000001,3.5429000000000026,40.540000000000006,1,2,0,0,24
378.6110000000001,4.590400000000003,39.99,1,5,4,0,25
285.43100000000004,4.508700000000005,12.47,0,2,6,1,21
277.367,3.632900000000001,21.259999999999998,1,2,1,2,21
473.57700000000017,4.612100000000003,81.63000000000001,1,8,4,3,35
462.5500000000003,4.557800000000004,81.88000000000001,1,8,4,3,34
478.6180000000003,5.026300000000004,68.74000000000001,1,8,4,3,34
213.27999999999997,3.065900000000001,25.17,1,2,1,2,16
223.319,3.472900000000002,12.03,1,1,1,2,17
277.496,5.295400000000005,12.03,1,1,4,0,20
288.4790000000001,3.230400000000002,6.48,0,2,4,0,21
307.422,3.8709000000000024,36.75,2,2,3,2,22
419.56900000000013,4.554900000000004,45.67,0,4,6,2,31
521.5770000000003,5.673180000000006,121.35000000000001,1,7,7,4,39
282.38400000000007,2.2962000000000002,46.33,1,3,6,1,19
255.71999999999997,3.2642000000000007,35.25,1,2,5,1,17
349.52200000000016,4.282600000000003,9.72,0,3,6,2,26
261.36899999999997,3.013600000000001,53.16,3,2,6,1,19
413.5900000000001,6.096600000000005,18.509999999999998,1,4,4,3,30
411.57400000000007,5.849000000000005,18.509999999999998,1,4,3,3,30
358.46600000000007,5.914700000000003,41.13,2,3,3,3,26
359.45400000000006,5.446900000000002,67.14999999999999,3,3,3,3,26
422.30800000000016,4.777900000000004,65.49000000000001,0,5,2,1,28
418.4860000000002,1.6798,113.29000000000002,3,6,4,0,30
443.56500000000017,2.8618000000000015,88.88000000000001,2,7,3,1,31
507.5410000000003,4.465320000000002,110.44,2,6,9,3,37
480.6130000000004,2.35762,104.88999999999999,1,7,10,2,35
366.4250000000001,2.0740999999999996,77.55000000000001,0,5,5,3,27
500.9580000000005,4.382700000000004,77.02000000000001,0,7,9,3,35
327.38000000000005,4.108400000000002,37.38,0,3,2,2,23
427.5080000000002,4.107000000000002,93.37,2,6,6,3,32
526.0440000000002,5.599840000000005,84.63000000000001,1,4,4,5,38
481.5310000000003,4.495700000000003,90.97999999999999,2,4,6,4,36
429.52400000000017,4.354600000000003,93.37,2,6,7,3,32
405.45800000000025,2.833800000000001,95.5,1,6,4,3,30
491.3500000000003,5.383700000000005,76.58,1,6,6,3,33
547.4140000000001,5.542800000000005,85.81,1,7,7,3,37
512.9690000000004,4.889400000000004,85.81,1,7,7,3,36
432.4840000000003,3.0813400000000017,123.04,2,6,3,4,32
432.48400000000026,3.0813400000000017,123.04,2,6,3,4,32
554.6110000000002,3.4720000000000013,140.73000000000002,2,9,6,4,41
456.5060000000002,3.510600000000001,119.13,2,6,5,4,34
440.5070000000002,4.2173000000000025,99.16,1,6,5,4,33
537.6680000000002,4.652500000000003,119.03,2,6,6,4,40
523.6410000000002,5.109120000000003,119.03,2,6,6,4,39
509.61400000000026,4.8007000000000035,119.03,2,6,6,4,38
533.5790000000002,4.997920000000003,110.44,2,6,8,3,39
640.041,5.377800000000005,121.14,1,7,5,4,45
465.51700000000017,4.1308000000000025,98.74000000000001,2,7,5,4,35
415.88500000000016,1.6900999999999997,96.37,1,8,5,2,29
456.5020000000002,3.7406000000000024,97.99000000000002,1,6,7,3,34
427.5080000000002,4.297400000000002,102.16,3,6,7,3,32
429.52400000000017,4.543400000000003,102.16,3,6,7,3,32
415.43300000000016,0.6778999999999995,115.02000000000002,2,8,6,3,30
492.5800000000003,2.0544,129.89,3,7,7,2,36
464.52600000000035,1.2773999999999999,129.89,3,7,7,2,34
450.54300000000023,2.3332999999999995,129.45,4,6,7,2,33
470.5240000000003,3.0405000000000015,103.59,3,6,7,2,34
434.5440000000003,2.795300000000001,103.59,3,6,7,2,32
435.5320000000003,2.1902999999999997,116.48,3,7,7,2,32
437.5040000000003,1.0366,125.71000000000001,3,8,7,2,32
464.5700000000003,2.4185999999999996,112.82000000000001,3,7,7,2,34
465.5580000000003,1.8136,125.71000000000001,3,8,7,2,34
503.3860000000003,4.492400000000003,94.60000000000001,2,7,7,3,34
524.6290000000004,4.381480000000003,111.34,2,8,10,4,39
513.6460000000003,4.818220000000004,87.55,2,7,10,4,38
520.0370000000003,5.1528000000000045,98.41,3,7,10,4,37
534.0640000000003,5.163200000000004,87.55,2,7,10,4,38
506.0100000000003,5.034400000000003,105.47,3,7,10,4,36
518.0210000000002,5.129000000000004,96.67999999999999,2,7,8,4,37
532.0480000000002,5.519100000000004,96.67999999999999,2,7,8,4,38
521.0250000000003,4.319200000000003,99.91999999999999,2,8,10,4,37
519.0090000000002,4.071600000000002,99.91999999999999,2,8,8,4,37
519.0090000000002,4.073200000000003,99.91999999999999,2,8,7,4,37
533.0360000000002,4.461700000000003,99.91999999999999,2,8,8,4,38
485.5920000000003,4.499400000000003,98.41,3,7,10,4,36
483.57600000000036,4.253400000000003,98.41,3,7,7,4,36
499.6190000000003,4.509800000000003,87.55,2,7,10,4,37
485.59200000000027,4.167600000000002,96.34,3,7,10,4,36
525.6570000000004,4.919000000000003,87.55,2,7,10,4,39
500.6070000000003,3.9742200000000025,99.91999999999999,2,8,10,4,37
440.46300000000025,3.8455400000000024,131.82999999999998,3,6,4,5,33
423.4760000000001,5.386200000000003,102.16,3,6,7,4,32
469.54900000000026,4.3701000000000025,98.41,3,7,7,4,35
540.6270000000003,7.121220000000006,104.82000000000001,3,5,7,5,41
460.51700000000017,3.8340200000000015,117.87,3,8,7,4,34
276.40500000000003,2.1414999999999997,46.33,1,3,6,1,19
276.40500000000003,2.1651000000000002,46.33,1,3,7,1,19
316.4260000000001,2.783500000000001,41.57000000000001,1,3,7,1,22
333.4820000000001,2.6358000000000006,59.22,1,5,7,2,22
396.55600000000015,4.370100000000003,49.410000000000004,1,3,7,2,28
479.5470000000002,3.565800000000002,71.42000000000002,2,5,9,2,34
451.49300000000017,3.307800000000002,82.28,3,5,8,2,32
239.26499999999996,2.5918,35.25,1,2,5,1,17
237.72999999999996,2.9670000000000005,35.25,1,2,5,1,16
230.31099999999995,2.1841,33.62,1,3,5,1,17
526.6450000000002,3.2024000000000017,104.34,2,8,7,4,39
300.4080000000001,3.9735900000000015,37.79,1,3,3,3,20
507.5570000000003,3.575300000000002,88.49000000000001,2,6,9,2,36
324.4240000000001,3.1732000000000014,45.59,1,4,4,2,24
507.7370000000003,3.8668000000000036,109.85000000000001,3,7,5,0,35
616.8480000000004,6.2057200000000075,96.16000000000001,2,6,7,3,44
652.8000000000001,4.621800000000006,163.92999999999998,2,10,7,4,48
735.9339999999999,4.791400000000005,144.39,1,11,8,4,54
722.8949999999999,3.844200000000002,166.06999999999996,2,12,8,4,53
533.6040000000004,4.259020000000003,107.49000000000001,2,8,8,3,39
503.54800000000023,4.6688000000000045,76.10000000000001,1,6,7,3,36
515.5590000000002,4.812900000000004,76.10000000000001,1,6,7,3,37
370.42800000000017,2.1310400000000005,91.22,3,3,3,2,27
663.5580000000001,6.022300000000006,104.15000000000002,1,8,8,4,46
414.326,5.680700000000003,55.760000000000005,1,3,7,2,29
432.31600000000003,5.8198000000000025,55.760000000000005,1,3,7,2,30
506.5700000000003,1.6645599999999994,124.67000000000002,1,7,4,4,38
496.5750000000003,1.4962999999999995,113.77000000000001,1,7,4,4,37
506.5700000000003,1.664559999999999,124.66999999999999,1,7,4,4,38
481.56000000000023,1.7928799999999991,100.88,1,6,4,4,36
496.5750000000003,1.6240999999999997,127.75999999999999,1,7,4,4,37
437.9310000000001,2.210699999999999,86.15,1,5,4,3,31
586.7010000000001,1.1098000000000026,136.48000000000002,1,10,8,4,43
472.5530000000002,1.1474199999999997,116.86000000000001,1,7,4,4,35
488.5480000000003,1.2156799999999992,128.28,1,7,6,3,36
496.5750000000003,1.6240999999999997,127.75999999999999,1,7,4,4,37
481.56000000000023,1.9206799999999993,114.87,1,6,4,4,36
386.8310000000001,4.140400000000003,64.99000000000001,1,4,6,2,27
521.6570000000004,6.4164000000000065,59.0,1,4,9,3,39
491.63100000000026,6.407800000000007,49.77,1,3,8,3,37
499.67600000000033,6.388700000000006,49.77,1,4,8,3,36
475.61000000000024,5.870100000000006,59.0,1,5,9,3,34
455.3350000000001,4.841000000000003,73.86000000000001,1,5,6,2,32
388.5400000000001,3.8282000000000025,35.160000000000004,1,4,3,3,28
514.6690000000003,6.739400000000007,45.59,1,4,8,5,39
477.52800000000025,4.2658200000000015,124.75,2,8,5,5,36
361.4010000000001,2.0691999999999995,78.96000000000001,1,6,1,2,27
344.418,3.2201000000000004,83.86,2,5,3,2,26
363.3920000000001,2.9719000000000007,69.73,1,5,1,2,27
345.4020000000001,2.8328000000000007,69.73,1,5,1,2,26
389.45500000000015,2.847800000000001,78.96000000000001,1,6,1,2,29
389.45500000000015,2.847800000000001,78.96000000000001,1,6,2,2,29
415.4930000000002,3.2379000000000016,78.96000000000001,1,6,3,2,31
457.45200000000017,3.780300000000002,78.96000000000001,1,6,3,2,33
403.4820000000002,3.2379000000000016,78.96000000000001,1,6,3,2,30
401.46600000000024,2.991900000000001,78.96000000000001,1,6,1,2,30
361.4010000000001,2.0691999999999995,78.96000000000001,1,6,1,2,27
377.46900000000016,2.785800000000001,69.73,1,6,1,2,27
328.41900000000004,3.514500000000001,63.629999999999995,1,4,3,2,25
422.53200000000015,4.778240000000003,72.86,1,5,4,3,32
468.48200000000014,5.602500000000004,64.16,1,4,4,4,35
494.5450000000002,4.899020000000003,73.27,1,4,4,4,37
476.5550000000002,4.759920000000003,73.27,1,4,4,4,36
537.6420000000002,3.3852400000000014,160.86999999999998,4,6,9,3,38
493.63300000000027,3.9304400000000026,123.57,3,5,7,3,35
381.49500000000006,4.178920000000003,35.910000000000004,0,4,7,2,28
648.7730000000003,8.379780000000006,102.02000000000001,0,9,6,5,47
391.5150000000001,3.8008200000000025,45.14000000000001,0,5,6,2,29
433.55200000000025,3.5714200000000025,54.370000000000005,0,6,6,2,32
453.97000000000037,3.916400000000003,54.370000000000005,0,6,6,2,32
411.9330000000002,4.145800000000004,45.14000000000001,0,5,6,2,29
495.0230000000004,3.748300000000003,65.45000000000002,0,6,6,2,35
395.4780000000001,3.6315000000000026,45.14000000000001,0,5,6,2,29
367.4240000000001,3.028600000000001,67.92,1,5,5,2,27
478.5680000000003,3.2340000000000018,65.45,0,6,6,2,35
478.5680000000003,3.2340000000000018,65.45000000000002,0,6,6,2,35
464.5410000000003,2.8918000000000017,74.24000000000001,1,6,6,2,34
436.53100000000023,2.975100000000001,57.17000000000001,1,6,6,2,32
437.51500000000027,3.4021000000000026,54.370000000000005,0,6,6,2,32
368.4080000000001,3.0622000000000016,62.13000000000001,1,5,5,2,27
382.2910000000002,3.858900000000003,47.36,0,4,6,2,25
394.97200000000015,4.206400000000003,52.230000000000004,1,5,4,2,26
384.4960000000002,0.6256000000000017,86.95,1,4,5,0,27
327.4440000000001,1.5572999999999992,66.64,1,3,4,0,23
384.4650000000001,3.508600000000002,93.13000000000001,1,8,6,3,27
373.36500000000007,2.9730000000000016,115.82000000000002,0,6,9,2,27
282.38700000000006,2.9403000000000006,32.34,1,2,3,2,21
268.36,2.5502000000000002,32.34,1,2,3,2,20
557.4630000000002,3.992600000000004,129.57999999999998,2,4,4,3,37
443.4980000000002,3.955700000000003,70.59,1,6,5,2,32
379.3780000000001,3.6895000000000024,49.77000000000001,1,3,4,2,27
515.6580000000004,2.4110000000000005,89.00999999999999,2,6,6,2,38
461.59100000000024,4.093300000000002,91.56,2,6,4,3,33
410.4990000000001,3.1674000000000015,67.79,0,7,6,3,29
394.50000000000006,3.331100000000002,58.56,0,6,5,3,28
380.47300000000007,3.2886000000000015,58.56,0,6,4,3,27
424.5260000000002,3.2725000000000017,67.79,0,7,6,3,30
408.52700000000016,3.436200000000002,58.56,0,6,5,3,29
394.50000000000017,3.3937000000000026,58.56,0,6,4,3,28
529.1,4.5869200000000045,47.10000000000001,0,4,8,2,37
439.5630000000002,4.744600000000004,76.81,3,3,3,4,33
417.5170000000003,3.5138200000000017,105.72,2,5,4,4,31
403.49000000000024,3.205400000000001,105.72,2,5,4,4,30
439.50600000000014,4.467800000000005,43.86000000000001,0,2,3,2,32
452.5590000000003,1.0484000000000013,110.69,3,7,7,2,33
503.6470000000004,2.4110000000000005,89.00999999999999,2,6,6,2,37
502.6590000000005,3.016000000000002,76.12,2,5,6,2,37
516.6860000000005,3.406100000000002,76.12,2,5,6,2,38
530.7130000000004,3.7962000000000033,76.12,2,5,6,2,39
364.42400000000015,4.003700000000002,61.88,1,3,3,3,27
370.3750000000001,2.362990000000001,99.28,3,3,2,1,26
517.5470000000001,7.616700000000006,57.61,1,2,4,4,38
464.5450000000003,2.9571000000000005,92.27000000000001,2,7,5,3,34
356.3480000000001,2.05457,99.28,3,3,2,1,25
417.5130000000003,4.216980000000003,101.88,2,4,4,2,31
450.93400000000025,3.8766200000000017,93.24000000000001,1,6,4,4,32
436.9070000000002,3.568200000000002,93.24000000000001,1,6,4,4,31
450.93400000000025,3.8766200000000026,93.24000000000001,1,6,4,4,32
464.96100000000024,4.1850400000000025,93.24,1,6,4,4,33
464.96100000000024,4.185040000000003,93.24,1,6,4,4,33
450.93400000000025,3.8766200000000026,93.24,1,6,4,4,32
450.93400000000025,3.8766200000000026,93.24,1,6,4,4,32
475.6180000000003,4.483400000000002,91.56,2,6,4,3,34
461.59100000000024,4.093300000000002,91.56,2,6,4,3,33
475.6180000000003,4.483400000000003,91.56,2,6,4,3,34
475.6180000000003,4.625900000000002,91.56,2,6,4,3,34
541.509,4.5096000000000025,118.50999999999999,2,6,4,4,39
438.65600000000023,5.396800000000006,32.78,0,3,5,1,32
487.5630000000003,4.8163000000000045,79.29,0,5,3,5,37
425.3600000000002,3.558320000000002,50.6,0,4,7,2,28
468.5480000000003,3.760900000000003,56.220000000000006,0,4,6,2,34
411.33300000000014,3.1682200000000016,50.6,0,4,6,2,27
378.4230000000001,2.13962,50.6,0,4,6,2,27
364.39600000000013,1.8311999999999995,50.6,0,4,6,2,26
583.7100000000003,5.207400000000005,75.46000000000001,0,8,6,5,42
533.5550000000001,2.1739999999999995,99.33000000000001,1,8,6,3,38
519.5720000000002,2.8272000000000013,79.09,0,7,5,2,37
517.5560000000002,3.070000000000001,79.10000000000001,0,7,6,3,37
465.5290000000002,3.0214000000000008,79.70000000000002,1,5,7,3,34
541.6600000000001,2.828360000000001,104.88000000000001,0,9,6,4,40
492.6390000000004,2.734,47.10000000000001,0,4,6,2,36
544.7030000000002,2.1818999999999997,115.28,1,9,8,2,37
439.95100000000036,2.7837000000000005,106.3,2,6,3,3,31
516.6460000000005,3.6385000000000014,98.74000000000001,1,7,6,3,38
443.4730000000001,4.548100000000003,61.36000000000001,1,5,5,3,32
447.5430000000003,1.7605999999999997,95.51,2,8,5,3,33
465.5330000000003,1.8996999999999997,95.51,2,8,5,3,34
416.46000000000015,3.2901000000000016,67.15,0,5,3,4,31
531.4399999999999,4.205800000000003,69.06,0,6,7,3,36
526.5230000000003,3.378000000000002,114.65,1,6,4,4,38
473.45500000000027,4.442400000000004,91.61000000000001,1,6,5,3,34
491.6360000000004,2.9305200000000005,100.66999999999999,2,5,1,2,36
543.4810000000001,3.703500000000001,127.74,2,7,4,4,39
542.7090000000001,4.667020000000004,76.38,0,7,6,4,39
510.50100000000026,2.1820999999999993,130.32,2,7,6,3,37
819.9139999999996,5.358400000000005,145.98,1,9,7,4,60
538.4660000000001,3.4867000000000017,103.78000000000002,2,5,4,2,36
473.52400000000034,2.9080000000000013,79.82000000000001,1,7,5,2,34
473.52400000000034,2.9080000000000013,79.82000000000001,1,7,5,2,34
381.40700000000015,3.6677200000000028,68.46000000000001,0,5,4,3,28
381.4110000000001,2.59342,73.14000000000001,0,5,4,3,28
403.49800000000033,2.2807000000000004,53.09,0,4,4,1,29
403.49800000000033,2.2807000000000004,53.09,0,4,4,1,29
422.92000000000024,3.5618000000000025,67.15,0,5,2,3,30
550.4770000000001,3.9768000000000026,103.78000000000002,2,5,5,2,37
589.5140000000002,4.118180000000003,127.57000000000001,2,6,6,2,40
564.5040000000001,4.224400000000003,103.78000000000002,2,5,6,2,38
554.4650000000001,2.8067,124.01,3,6,6,2,37
565.4920000000002,3.4814000000000016,115.81000000000002,3,5,6,2,38
524.4390000000001,3.444200000000002,103.78000000000002,2,5,4,2,35
524.4390000000001,3.444200000000002,103.78000000000002,2,5,4,2,35
524.4390000000001,3.444200000000002,103.78000000000002,2,5,4,2,35
367.38400000000007,2.5509200000000005,73.14000000000001,0,5,4,3,27
374.52800000000013,3.9398000000000035,23.550000000000004,0,2,2,2,28
316.307,3.368000000000002,52.900000000000006,1,3,2,2,23
358.82900000000006,3.132200000000002,88.32,2,4,3,2,25
359.81700000000006,2.5272000000000006,101.21,2,5,3,2,25
390.2810000000001,3.1178000000000017,70.89,1,4,3,1,24
512.4280000000001,3.2182000000000013,112.57,3,5,6,2,34
327.306,3.3465000000000016,67.00999999999999,2,3,4,2,23
462.3800000000001,6.459700000000005,54.88,1,3,6,4,32
461.6140000000003,3.5734400000000024,80.87,1,5,4,3,34
438.5530000000001,3.9939000000000036,76.58000000000001,1,7,7,3,31
422.5540000000001,4.157600000000003,67.35000000000001,1,6,6,3,30
408.5270000000001,4.1151000000000035,67.35000000000001,1,6,5,3,29
535.6800000000002,5.358000000000005,63.050000000000004,1,5,8,2,37
477.5310000000002,3.380500000000003,69.61000000000001,2,3,5,2,34
395.52800000000013,4.231600000000004,54.46000000000001,1,5,6,3,28
459.59400000000016,4.414100000000003,79.38000000000001,2,6,10,3,34
381.50100000000015,4.189100000000003,54.46000000000001,1,5,5,3,27
446.9420000000002,4.240800000000004,75.94,1,5,4,4,32
420.5820000000001,3.7844000000000024,48.470000000000006,1,5,5,3,30
420.5820000000001,3.7844000000000033,48.470000000000006,1,5,5,3,30
455.95000000000016,1.902600000000001,129.03,4,6,6,3,32
405.93400000000025,1.6898999999999993,103.17000000000002,3,6,8,2,28
518.0100000000003,2.120899999999999,120.36000000000001,4,7,9,2,36
519.4730000000004,3.2550000000000017,83.44,2,4,8,2,35
538.3640000000003,4.164700000000003,87.39,3,5,6,3,34
441.4780000000001,3.2631000000000014,87.39,3,5,6,3,32
605.6060000000003,7.698640000000007,73.58000000000001,2,4,13,4,42
468.97500000000014,5.824500000000006,41.13,2,2,6,3,33
433.9830000000002,4.9413000000000045,54.02,2,3,6,3,31
464.00900000000024,4.245000000000004,63.13,2,3,6,3,33
490.5500000000003,4.761620000000004,67.43,2,4,5,3,36
476.5670000000003,5.121420000000005,50.36,2,3,5,3,35
464.5560000000002,4.583520000000004,61.36,3,3,6,3,34
520.3740000000001,4.0256000000000025,87.39,3,5,6,3,33
504.3750000000001,4.921600000000004,67.16,2,4,6,3,32
547.4000000000002,3.5611000000000015,110.25,3,5,7,3,35
520.3740000000001,4.0256000000000025,87.39,3,5,6,3,33
483.5150000000002,3.465700000000002,104.46000000000001,3,6,7,3,35
485.5310000000002,3.316400000000002,107.62,4,6,7,3,35
475.9230000000001,3.9165000000000028,87.39,3,5,6,3,33
594.4530000000002,3.403100000000002,116.85000000000001,4,7,10,3,38
501.07100000000025,4.246100000000004,68.62,1,5,6,2,35
357.8010000000001,2.921900000000001,81.93,1,5,6,3,25
382.35100000000006,1.9347799999999997,104.55000000000001,1,6,3,2,28
419.4090000000002,0.6559999999999995,108.41000000000001,2,6,4,1,30
381.42900000000014,1.6012,71.11,1,6,3,1,26
397.42800000000017,0.6167,94.17,1,6,3,1,27
364.3610000000001,1.8425799999999999,104.55000000000001,1,6,3,2,27
506.99000000000024,2.9422000000000015,92.15,2,5,7,4,36
415.60700000000014,4.206820000000003,63.050000000000004,1,5,7,2,29
523.6970000000005,4.696820000000004,70.47,1,4,6,2,38
509.67000000000036,4.306720000000003,70.47,1,4,7,2,37
481.6160000000003,3.670620000000002,70.47,1,4,6,2,35
517.6530000000004,4.118720000000003,79.18,1,6,7,3,38
517.6530000000004,4.118720000000003,79.18,1,6,7,3,38
416.56900000000013,4.780120000000005,50.160000000000004,1,3,6,3,31
475.80300000000017,7.114100000000005,51.22,1,3,3,3,31
466.58500000000026,4.836000000000004,80.36000000000001,2,3,3,4,35
475.80300000000017,7.114100000000005,51.22,1,3,3,3,31
544.0480000000003,2.605600000000001,111.57000000000001,3,7,7,2,38
313.4170000000001,1.2151000000000003,75.42999999999999,2,3,4,0,22
3570.3059999999896,-8.022530000000083,1377.6199999999994,47,50,72,5,246
414.47700000000015,3.9574000000000034,87.66000000000001,3,4,6,2,30
372.42500000000007,2.984000000000001,82.86999999999999,1,4,4,3,26
406.4940000000001,2.0513399999999997,92.07000000000001,1,7,4,3,30
379.3990000000001,3.3248000000000015,107.14,3,6,5,3,28
361.4090000000001,3.1857000000000015,107.14,3,6,5,3,27
389.46300000000014,4.000680000000003,107.14,3,6,6,3,29
387.4470000000002,3.7546800000000022,107.14,3,6,6,3,29
381.8270000000001,3.530680000000001,107.14,3,6,5,3,27
419.4930000000002,2.2721799999999996,136.4,4,8,8,3,31
447.54700000000025,2.8750800000000014,113.61999999999999,3,8,9,3,33
362.3970000000001,2.5807,120.03,3,7,5,3,27
362.3970000000001,2.5807,120.03,3,7,5,3,27
393.4260000000001,3.714900000000002,107.14,3,6,5,3,29
375.4360000000001,3.575800000000002,107.14,3,6,5,3,28
395.39800000000014,2.5612000000000004,116.36999999999999,3,7,5,3,29
421.4360000000002,3.130180000000002,116.36999999999999,3,7,6,3,31
377.40800000000013,2.4221000000000004,116.36999999999999,3,7,5,3,28
403.4460000000002,2.991080000000001,116.36999999999999,3,7,6,3,30
436.5850000000003,4.166400000000004,74.25,1,7,4,3,31
436.5850000000003,4.166400000000003,74.25,1,7,4,3,31
446.5140000000001,5.324300000000004,92.69,2,6,6,5,34
447.5010000000001,4.3293000000000035,52.650000000000006,1,3,6,2,32
456.5900000000002,5.018400000000005,59.39000000000001,1,4,7,4,34
437.4710000000002,3.284900000000002,91.65,2,5,5,3,32
491.6110000000003,5.079700000000004,77.04,2,4,5,2,36
425.5040000000001,4.963900000000005,67.6,1,5,8,3,31
411.4770000000001,4.573800000000004,67.6,1,5,7,3,30
412.4420000000001,3.815900000000002,92.34,2,4,6,3,29
394.4520000000001,3.676800000000002,92.34,2,4,6,3,28
463.5090000000003,3.7722000000000024,91.65,2,5,4,3,34
373.42000000000013,2.8278800000000013,98.35000000000001,2,6,4,3,28
442.5270000000001,3.630720000000002,96.66,2,5,5,5,33
632.7400000000002,6.2880000000000065,99.57,2,6,10,5,47
371.4040000000001,3.077580000000001,100.04,2,5,4,4,28
372.39200000000005,2.47258,112.92999999999999,2,6,4,4,28
415.5590000000001,3.0374000000000017,78.51,2,4,6,2,29
487.0470000000002,6.584800000000006,50.160000000000004,1,3,7,4,35
516.5920000000002,5.569800000000005,67.23,1,4,7,4,38
524.6400000000003,6.197240000000006,67.23,1,4,7,4,39
563.101,7.247900000000007,67.23,1,4,7,5,41
546.6460000000001,6.733600000000006,67.23,1,4,7,5,41
564.6360000000001,6.872700000000006,67.23,1,4,7,5,42
536.6760000000003,5.956800000000006,76.46000000000001,1,5,7,4,40
421.54100000000005,3.474000000000002,61.88000000000001,1,4,5,2,31
421.54100000000005,3.474000000000002,61.88000000000001,1,4,5,2,31
388.51500000000016,3.8663200000000026,48.470000000000006,1,4,5,3,29
437.4710000000002,3.2849000000000013,91.65,2,5,5,3,32
476.6870000000004,3.3891000000000018,72.96000000000001,1,5,7,1,33
424.61100000000016,2.4648000000000003,72.96000000000001,1,5,10,1,29
464.67600000000033,3.3891000000000018,72.96000000000001,1,5,10,1,32
410.5840000000001,2.1225999999999994,81.75,2,5,10,1,28
450.6490000000003,3.046900000000001,81.75,2,5,10,1,31
444.6010000000001,2.8341200000000004,81.75,2,5,9,2,31
474.60900000000026,5.191020000000005,92.27,2,7,8,3,35
500.5250000000002,5.086420000000004,92.27,2,7,7,3,36
446.55500000000023,4.376040000000003,92.27,2,7,7,3,33
516.5240000000002,4.966220000000004,101.5,2,8,8,3,37
486.49800000000016,4.948620000000004,92.27,2,7,6,3,35
502.4970000000002,4.828420000000004,101.5,2,8,7,3,36
360.42100000000005,3.136300000000001,83.03999999999999,2,6,4,3,27
446.5140000000001,5.324300000000004,92.69,2,6,6,5,34
489.58000000000027,4.517800000000003,95.07,3,8,6,4,35
448.5700000000003,3.202720000000002,108.46999999999998,2,6,6,2,30
433.55500000000023,3.234720000000002,96.43999999999998,1,6,5,2,29
275.2830000000001,2.3403,77.24,2,4,4,2,20
561.6470000000003,2.5975200000000003,141.32000000000002,2,10,3,4,41
453.5640000000002,3.7748000000000035,80.76,1,7,8,3,32
439.53700000000015,3.732300000000003,80.76,1,7,7,3,31
533.5930000000004,1.8189199999999994,141.32000000000002,2,10,3,4,39
485.45300000000026,1.5993999999999997,163.98999999999998,2,12,7,3,35
499.8900000000001,1.9621000000000004,131.67000000000002,1,8,7,3,35
480.6010000000003,4.6684000000000045,89.9,1,6,3,1,35
470.41900000000015,5.161300000000004,85.89,2,5,6,2,33
451.5700000000003,2.675300000000001,105.67,1,8,11,2,30
408.4570000000002,2.3066000000000004,111.66000000000001,1,8,6,2,27
352.3900000000002,3.622720000000003,86.8,2,6,4,3,26
393.4390000000003,3.9359000000000037,83.14,2,6,4,3,29
338.3630000000002,3.314300000000002,86.8,2,6,4,3,25
352.39000000000027,3.7044000000000024,86.8,2,6,4,3,26
245.30700000000004,2.2171000000000007,68.87,2,5,2,2,17
425.48800000000017,4.393500000000002,81.06,1,4,5,4,32
514.6170000000002,6.065300000000006,51.02,0,5,8,3,36
422.4560000000002,3.5291000000000023,79.62,1,5,5,3,31
445.54100000000034,3.264300000000002,104.81,2,6,9,2,31
459.5680000000004,3.6544000000000025,104.81,2,6,9,2,32
375.42800000000005,3.275100000000002,71.53,1,5,4,3,28
518.0310000000003,5.577880000000006,102.67,1,5,9,3,35
479.5370000000003,1.5947,113.10000000000001,2,8,7,2,35
400.5440000000001,3.281600000000002,66.48,1,4,6,2,28
387.5010000000001,3.3664000000000023,72.47,1,4,6,2,27
425.48800000000017,4.393500000000003,81.06,1,4,5,4,32
529.3830000000003,6.209400000000003,93.95,1,5,5,5,37
442.48500000000024,4.8201000000000045,48.470000000000006,1,5,5,3,32
465.6130000000003,5.663300000000006,61.440000000000005,2,3,7,2,34
287.721,4.625600000000002,22.0,0,1,2,3,20
467.5730000000002,4.188620000000004,63.49000000000001,0,6,5,4,35
487.58800000000014,6.277900000000005,83.93,0,6,5,5,36
508.0060000000002,6.622880000000005,83.93,0,6,5,5,36
473.56100000000015,5.969480000000004,83.93,0,6,5,5,35
529.6820000000004,4.1064200000000035,94.64,2,6,7,2,37
388.47100000000006,3.5592000000000024,48.790000000000006,0,3,4,3,29
414.4160000000002,3.021980000000002,87.28,0,6,4,2,30
396.4260000000002,2.882880000000001,87.28,0,6,4,2,29
520.9520000000003,4.088480000000002,117.28,1,9,6,4,37
610.6390000000005,7.199600000000007,58.64,1,4,6,2,43
610.6390000000005,7.057100000000007,58.64000000000001,1,4,6,2,43
632.6890000000004,7.851600000000008,52.57000000000001,2,3,7,3,45
610.6830000000004,8.205600000000008,41.57000000000001,1,3,5,2,43
582.6290000000005,7.427000000000008,41.57000000000001,1,3,5,2,41
582.6290000000005,7.2845000000000075,41.57000000000001,1,3,5,2,41
540.5480000000002,6.4469000000000065,49.410000000000004,1,3,5,2,38
542.5640000000002,6.238700000000007,52.57000000000001,2,3,5,2,38
620.6530000000004,8.800700000000003,32.34,1,2,6,3,44
584.6010000000005,6.620900000000007,50.80000000000001,1,4,5,2,41
582.6290000000005,7.2845000000000075,41.57000000000001,1,3,5,2,41
569.6340000000004,6.808000000000008,35.580000000000005,1,3,6,2,40
617.6340000000004,7.130800000000007,52.650000000000006,1,3,6,3,44
486.5000000000001,6.343600000000006,32.34,1,2,5,2,34
624.7100000000005,8.309100000000006,41.57000000000001,1,3,6,2,44
526.5650000000003,7.267900000000006,32.34,1,2,5,2,37
476.57300000000026,4.680900000000005,81.00000000000001,1,5,7,3,35
479.5270000000002,4.5940800000000035,106.07,1,5,5,2,35
325.45200000000006,3.7688000000000033,43.7,2,3,5,2,24
386.4230000000001,2.665700000000001,89.69999999999999,3,5,4,3,28
414.9330000000001,3.630200000000002,72.8,3,4,4,2,29
398.4780000000001,3.1159000000000017,72.8,3,4,4,2,29
436.5520000000003,3.049500000000002,82.03,3,5,4,2,32
486.61200000000025,4.555800000000004,82.03,3,5,7,3,36
398.4780000000001,3.1159000000000017,72.8,3,4,4,2,29
413.49300000000017,3.2085000000000017,76.04,3,4,4,2,30
399.4660000000001,2.8663000000000016,84.83,4,4,4,2,29
400.4500000000001,3.293300000000002,82.03,3,5,4,2,29
400.4500000000001,2.562100000000001,82.03,3,5,4,2,29
418.32800000000026,3.6578800000000022,96.72999999999999,2,4,3,2,28
427.4640000000001,3.7663800000000016,115.64,1,8,4,3,32
446.5590000000002,2.848960000000001,157.73999999999998,3,8,6,2,33
454.6000000000003,2.5716600000000005,113.12,1,7,5,1,32
421.47200000000015,3.276200000000001,85.52,1,4,4,3,31
576.1370000000003,5.7198000000000055,82.11,2,5,9,3,41
501.66700000000014,5.510500000000006,81.0,3,4,10,3,37
533.0870000000002,6.865400000000007,53.43,1,3,6,3,38
515.0970000000002,6.726300000000007,53.43,1,3,6,3,37
501.07000000000016,6.336200000000006,53.43,1,3,5,3,36
487.04300000000023,6.2937000000000065,53.43,1,3,4,3,35
490.6000000000003,4.855000000000005,81.00000000000001,1,5,7,3,36
515.0970000000002,6.726300000000007,53.43,1,3,6,3,37
410.4770000000001,4.235400000000003,82.62,1,6,1,3,31
428.4670000000001,4.374500000000003,82.62,1,6,1,3,32
385.33500000000015,4.050400000000002,49.410000000000004,1,3,5,1,25
357.40000000000003,4.683400000000005,40.540000000000006,1,2,2,2,26
398.42900000000014,3.080770000000001,99.28,3,3,2,1,28
401.5510000000003,3.162700000000002,53.09,0,4,6,1,29
288.3470000000001,2.0934999999999997,69.64,2,3,2,1,21
389.5250000000002,2.559,101.21000000000001,2,6,5,2,27
355.40400000000005,3.3518000000000017,45.230000000000004,1,3,4,1,25
357.4200000000001,3.4421000000000026,45.230000000000004,1,3,4,1,25
389.3420000000001,4.819400000000004,32.34,1,2,5,1,25
387.3510000000001,3.8422000000000027,52.57,2,3,5,1,25
476.6650000000002,4.921900000000004,71.69,1,5,3,2,35
585.6310000000001,6.158000000000006,116.34000000000002,2,6,6,3,42
412.6380000000001,6.072400000000007,18.46,0,2,11,2,30
299.4180000000001,3.6941000000000015,57.78,2,3,4,2,22
402.59800000000035,5.292000000000005,32.34,1,2,6,1,29
372.5970000000002,4.791000000000004,32.34,1,2,6,1,27
428.02000000000015,5.931500000000006,44.370000000000005,2,2,6,2,30
438.45600000000013,5.602200000000006,32.34,1,2,5,1,30
371.3520000000002,4.871400000000005,32.34,1,2,5,1,24
371.3520000000002,4.871400000000005,32.34,1,2,5,1,24
336.90700000000015,4.2180000000000035,32.34,1,2,5,1,23
389.3420000000001,4.963500000000004,32.34,1,2,5,1,25
389.34200000000016,4.819400000000004,32.34,1,2,5,1,25
389.34200000000016,4.819400000000004,32.34,1,2,5,1,25
414.5090000000001,4.816500000000004,82.62,1,6,3,3,31
329.27100000000013,3.843600000000003,32.34,1,2,3,1,21
542.6020000000001,7.642000000000005,75.72,2,5,7,3,39
290.37100000000004,1.2250799999999997,100.09,2,7,3,1,21
451.4730000000001,5.145900000000004,78.96000000000001,1,6,3,3,33
433.4830000000001,5.006800000000004,78.96000000000001,1,6,3,3,32
415.4930000000001,4.867700000000004,78.96000000000001,1,6,3,3,31
415.4930000000001,4.867700000000004,78.96000000000001,1,6,3,3,31
433.4830000000001,5.006800000000004,78.96000000000001,1,6,3,3,32
415.4930000000001,4.867700000000004,78.96000000000001,1,6,3,3,31
440.50300000000016,4.739380000000003,102.75000000000001,1,7,3,3,33
433.4830000000001,5.006800000000004,78.96000000000001,1,6,3,3,32
416.4810000000001,4.262700000000002,91.85000000000001,1,7,3,3,31
417.4690000000001,3.657700000000002,104.74000000000001,1,8,3,3,31
416.4810000000001,4.262700000000003,91.85000000000001,1,7,3,3,31
434.4710000000001,4.401800000000003,91.85000000000001,1,7,3,3,32
417.4690000000001,3.657700000000002,104.74000000000001,1,8,3,3,31
238.331,2.2397,58.03,2,3,2,1,17
367.468,4.649600000000004,61.8,2,3,5,3,27
367.468,4.649600000000004,61.8,2,3,5,3,27
376.3670000000001,2.8101000000000003,107.03,3,6,5,3,27
293.4540000000001,4.867000000000004,3.24,0,1,2,2,22
483.53800000000024,4.967900000000004,75.35,1,5,3,3,35
571.7700000000002,4.350000000000002,98.04,2,6,4,2,42
414.50500000000017,4.671000000000004,69.64,2,3,4,3,31
423.51600000000013,4.837080000000004,73.2,1,3,4,3,32
423.51600000000013,4.837080000000004,73.2,1,3,4,3,32
491.6130000000003,4.3369000000000035,95.58,2,4,6,3,35
414.50500000000017,4.671000000000004,69.64,2,3,4,3,31
434.4860000000001,5.243600000000005,49.410000000000004,1,2,4,3,32
416.4960000000001,5.104500000000004,49.410000000000004,1,2,4,3,31
434.4860000000001,5.243600000000005,49.410000000000004,1,2,4,3,32
416.4960000000001,5.104500000000004,49.410000000000004,1,2,4,3,31
434.4860000000001,5.243600000000005,49.410000000000004,1,2,4,3,32
416.4960000000001,5.104500000000005,49.410000000000004,1,2,4,3,31
398.5060000000001,4.965400000000004,49.410000000000004,1,2,4,3,30
400.35000000000014,3.3499000000000017,61.440000000000005,2,3,5,1,26
387.31100000000015,2.5051000000000014,73.47,3,3,5,1,25
415.3650000000001,3.142800000000002,73.47,3,3,6,1,27
429.39200000000017,3.5329000000000024,73.47,3,3,6,1,28
459.4180000000001,2.8954000000000013,93.70000000000002,4,4,7,1,30
401.3380000000001,2.8952000000000018,73.47,3,3,5,1,26
445.3910000000002,2.6478,93.70000000000002,4,4,6,1,29
429.39200000000017,3.5329000000000024,73.47,3,3,6,1,28
415.3650000000001,3.285300000000002,73.47,3,3,5,1,27
419.6140000000003,1.7867000000000013,76.71000000000001,3,4,6,0,30
430.3800000000001,2.6472000000000007,76.71000000000001,3,4,6,1,28
431.36400000000015,2.521700000000001,82.70000000000002,3,4,6,1,28
476.0250000000002,2.2359,112.40000000000002,3,7,5,2,33
392.46300000000014,3.2569000000000017,119.58000000000001,4,5,3,4,29
338.4150000000002,2.686000000000001,88.49,2,4,2,3,25
435.50700000000023,3.5665000000000022,100.52,3,5,3,4,32
440.47900000000016,2.3853,128.95,4,6,6,4,32
488.4950000000002,2.847600000000001,138.18,4,7,8,4,35
522.5600000000003,3.949780000000003,124.75,2,7,8,4,38
527.5760000000002,3.8266000000000027,110.19,2,7,8,4,38
472.5460000000002,3.0767000000000015,122.62999999999998,2,6,6,4,33
520.5620000000002,3.5390000000000024,131.85999999999999,2,7,8,4,36
614.6690000000006,5.078700000000004,109.75000000000001,3,7,6,3,44
362.39900000000006,4.354780000000004,61.6,1,4,5,2,26
355.8690000000001,5.225500000000004,57.18000000000001,3,4,4,3,25
464.6320000000003,1.820180000000001,94.90000000000002,1,7,10,1,32
505.4930000000002,4.017800000000003,88.18,1,5,5,2,36
401.51100000000014,3.1282000000000005,99.35,3,5,6,2,29
533.547,4.7980000000000045,88.18,1,5,5,2,38
614.7290000000002,2.5790000000000015,187.67999999999998,3,11,6,3,43
514.5790000000002,2.812400000000001,134.18,2,7,5,2,37
505.1670000000001,4.053200000000003,104.6,1,6,2,2,27
304.34600000000006,2.4559000000000006,78.87,2,4,2,1,22
542.6840000000003,4.320980000000004,103.49000000000001,1,6,11,3,40
472.58300000000014,1.0137000000000023,100.21,2,7,8,1,32
579.7860000000003,4.578700000000004,107.03,3,7,9,2,42
585.6480000000004,5.139900000000004,109.15,1,5,4,2,42
387.3510000000001,4.250300000000003,41.57,1,3,6,1,25
401.4290000000001,1.5058999999999998,84.66,2,4,6,1,28
389.48600000000005,5.574700000000006,32.7,1,3,5,2,28
431.5980000000002,4.7000000000000055,66.84,1,5,6,2,30
397.51500000000016,4.994700000000005,70.0,2,4,6,2,29
371.4960000000001,5.435600000000006,32.7,1,3,5,2,27
431.5980000000002,4.7000000000000055,66.84,1,5,6,2,30
457.52700000000016,3.7482000000000033,81.50000000000001,0,5,4,3,32
548.6060000000001,3.638300000000002,103.79,3,6,7,2,39
232.28699999999995,1.9714999999999998,87.05,2,5,1,2,17
489.55100000000033,4.321500000000003,93.49000000000001,1,8,5,4,36
458.5650000000002,3.926400000000003,114.30000000000001,2,9,6,4,31
538.5440000000003,4.0434000000000045,160.82999999999998,3,10,8,4,35
330.413,3.2737000000000007,87.74,2,5,3,3,23
384.5050000000002,4.1525000000000025,87.74000000000001,2,5,3,3,27
398.4630000000001,4.566000000000003,87.74000000000001,2,5,3,4,28
399.4510000000001,3.961000000000002,100.63000000000001,2,6,3,4,28
357.41400000000016,0.6971,106.98,2,5,4,2,26
370.44300000000004,4.305100000000003,46.330000000000005,1,2,3,2,27
499.5340000000003,1.0971800000000007,131.4,3,5,6,0,35
458.50500000000005,4.064900000000003,78.86999999999999,2,4,6,2,33
387.42600000000004,4.044300000000003,60.769999999999996,2,3,3,2,28
431.5800000000001,5.363600000000004,68.36,3,3,5,3,32
466.0250000000001,6.017000000000005,68.36,3,3,5,3,33
449.5700000000001,5.502700000000004,68.36,3,3,5,3,33
391.51500000000004,4.316300000000002,77.15,4,3,7,3,29
392.50300000000004,3.7113000000000014,90.04,4,4,7,3,29
421.5410000000001,4.422500000000004,84.22,2,3,4,2,31
378.52000000000015,4.543200000000003,65.73,3,3,2,3,28
590.7990000000001,8.415700000000006,43.78,1,3,9,3,43
602.8100000000001,8.530600000000005,49.410000000000004,1,2,10,3,44
602.8100000000001,8.530600000000005,49.410000000000004,1,2,10,3,44
602.8100000000001,8.530600000000005,49.410000000000004,1,2,10,3,44
369.4940000000001,3.3964000000000016,85.83,2,5,5,3,26
590.8430000000001,9.069400000000002,35.5,2,3,12,3,43
560.8170000000001,9.069900000000004,6.48,0,2,10,3,41
576.8160000000001,8.775500000000003,26.71,1,3,10,3,42
574.844,9.363800000000001,15.27,1,2,12,3,42
590.8430000000001,9.069400000000002,35.5,2,3,12,3,43
528.6340000000002,5.562700000000006,107.09,1,6,6,5,38
440.5070000000001,4.882300000000003,101.63,2,5,5,5,33
581.5300000000003,6.395500000000004,126.81999999999998,3,6,5,5,42
531.5230000000001,5.515800000000004,126.81999999999998,3,6,5,5,39
419.44500000000016,3.0576000000000008,119.47,2,8,4,4,31
432.4840000000002,4.235000000000002,107.10000000000001,2,7,3,4,32
418.45700000000016,4.192500000000003,107.10000000000001,2,7,3,4,31
419.44500000000016,3.5875000000000012,119.99000000000001,2,8,3,4,31
418.45700000000016,4.192500000000002,107.10000000000001,2,7,3,4,31
419.44500000000016,3.5875000000000012,119.99000000000001,2,8,3,4,31
419.4450000000002,3.5875000000000012,119.99000000000001,2,8,3,4,31
419.44500000000016,3.5875000000000012,119.99000000000001,2,8,3,4,31
330.811,4.798800000000004,54.370000000000005,1,3,4,2,23
469.6690000000001,7.217600000000008,29.540000000000003,0,3,9,3,35
546.7020000000002,7.233100000000008,49.410000000000004,1,2,10,3,40
471.6850000000001,6.445800000000008,43.7,2,3,8,3,35
301.474,4.519200000000004,12.47,0,2,2,1,22
289.404,3.3542000000000014,72.03,2,5,3,2,20
363.50500000000005,4.241900000000004,26.79,0,2,4,2,27
372.9000000000001,4.386600000000003,48.470000000000006,1,3,2,2,26
231.34299999999996,3.0542000000000007,54.7,2,2,1,2,17
267.347,5.0671000000000035,4.93,0,0,1,3,20
383.5000000000001,2.693399999999999,131.83999999999997,4,7,5,2,28
443.6170000000003,3.0679800000000013,89.33,1,6,4,1,31
284.28099999999995,4.272800000000003,37.91,1,2,2,2,20
350.25300000000004,4.116400000000004,48.53,0,3,3,3,23
381.814,4.064400000000003,57.760000000000005,0,4,5,3,26
315.808,3.463000000000002,48.53,0,3,3,3,22
349.36,3.886300000000003,48.53,0,3,4,3,25
316.79600000000005,2.8580000000000005,61.42,0,4,3,3,22
316.79600000000005,2.8580000000000005,61.42,0,4,3,3,22
589.3500000000001,7.064400000000005,74.31,0,6,5,5,35
554.9050000000002,6.411000000000005,74.31,0,6,5,5,34
462.5290000000002,3.700700000000003,89.19,1,7,4,4,34
407.4740000000001,3.154600000000001,93.11000000000001,1,5,1,3,30
324.3840000000001,2.845,107.15999999999998,3,4,2,3,24
364.4490000000001,3.6806,96.16,2,4,4,3,27
365.4370000000001,3.0755999999999997,109.05,2,5,4,3,27
405.5020000000001,3.565900000000002,83.88000000000001,1,4,1,3,30
340.40600000000006,3.160700000000001,61.42,0,4,2,3,25
535.5810000000004,4.352700000000004,88.59,0,5,5,2,35
601.5870000000003,5.112200000000006,97.82,0,6,6,2,39
436.34300000000025,2.6196,116.03,3,4,4,2,29
525.5930000000001,4.006800000000003,95.52000000000001,2,6,7,3,36
377.47200000000004,4.2934000000000045,37.38,0,3,6,1,25
385.5730000000001,4.898700000000005,37.38,0,3,7,2,27
376.5220000000001,3.886700000000003,63.410000000000004,0,5,7,2,26
363.56700000000006,4.531200000000005,37.38,0,3,6,1,25
394.4750000000002,3.0431,116.39,3,5,7,3,29
395.4630000000002,2.4381,129.28,3,6,7,3,29
395.4630000000002,2.4381,129.28,3,6,7,3,29
327.3990000000001,4.281400000000003,21.700000000000003,0,3,4,2,24
301.38000000000005,4.691800000000004,3.24,0,1,4,2,22
301.38000000000005,4.691800000000004,3.24,0,1,4,2,22
401.3750000000001,5.296000000000004,32.7,1,3,5,2,28
443.4870000000002,4.421300000000003,66.84,1,5,6,2,30
409.40400000000017,4.716000000000004,70.0,2,4,6,2,29
383.3850000000001,5.156900000000005,32.7,1,3,5,2,27
443.4870000000002,4.421300000000004,66.84,1,5,6,2,30
356.416,3.9166000000000025,46.330000000000005,1,2,4,2,26
402.89700000000016,4.290500000000003,49.410000000000004,1,2,7,2,28
395.47400000000016,4.726600000000004,49.769999999999996,1,3,3,2,29
464.57000000000033,3.284600000000002,96.62,1,7,5,3,34
394.4750000000002,2.9440999999999997,116.39,3,5,7,3,29
403.48600000000016,3.788400000000002,99.08,2,6,6,4,30
395.4630000000002,2.3390999999999997,129.28,3,6,7,3,29
404.47400000000016,3.1834000000000007,111.97,2,7,6,4,30
488.5450000000003,2.0490999999999997,142.86,3,7,8,4,34
347.3650000000001,2.3108000000000004,67.15,2,3,4,2,25
528.4990000000001,3.394300000000002,111.32000000000001,2,6,9,2,37
478.9400000000002,3.201500000000001,136.01999999999998,3,7,7,4,34
479.9280000000002,2.5965,148.91000000000003,3,8,7,4,34
380.44800000000015,2.6529999999999996,116.39,3,5,6,3,28
381.43600000000015,2.048,129.28,3,6,6,3,28
381.43600000000015,2.048,129.28,3,6,6,3,28
422.87200000000007,4.829900000000004,100.99,2,5,6,4,30
421.53700000000026,4.207600000000002,78.78999999999999,3,4,11,3,31
446.5470000000003,4.079280000000002,102.57999999999998,3,5,11,3,33
408.92900000000014,4.715480000000005,65.28,2,4,8,3,29
374.48400000000015,4.062080000000003,65.28,2,4,8,3,28
617.7680000000003,4.6395000000000035,147.99,6,7,13,4,44
483.4900000000001,4.814800000000004,71.53,1,4,7,3,35
455.4360000000001,4.847900000000003,78.96000000000001,1,6,4,3,33
420.44400000000013,3.9647000000000023,91.85000000000001,1,7,4,3,31
436.9630000000002,3.069300000000002,83.3,2,6,5,2,30
550.6500000000003,8.036300000000008,53.18,2,5,9,5,39
569.6240000000004,8.142300000000006,50.38,1,5,9,5,40
460.58200000000033,3.9343800000000027,127.9,3,5,5,2,34
445.90100000000007,4.304800000000002,76.18,2,4,4,3,31
427.91100000000006,4.165700000000003,76.18,2,4,4,3,30
429.4460000000001,3.7905000000000024,76.18,2,4,4,3,31
411.4560000000001,3.6514000000000024,76.18,2,4,4,3,30
439.5100000000001,4.386500000000003,76.18,2,4,4,3,32
411.45600000000013,3.6514000000000024,76.18,2,4,4,3,30
531.6570000000004,2.2473000000000027,117.33000000000001,2,6,10,2,39
323.372,2.885200000000001,68.24,2,5,4,3,22
520.5900000000004,2.1201799999999995,151.82999999999998,3,9,9,2,38
538.5700000000003,5.258500000000004,106.34,3,5,5,3,39
235.71800000000002,2.9239000000000006,54.699999999999996,2,2,2,2,16
285.26899999999995,3.169100000000001,63.93,2,3,3,2,20
279.36499999999995,1.6740000000000002,88.84,2,4,3,2,19
285.26899999999995,3.1691000000000003,63.93,2,3,3,2,20
201.27300000000002,2.2705,54.699999999999996,2,2,2,2,15
551.6380000000001,4.819300000000005,100.36000000000001,2,6,7,3,40
429.89800000000014,5.373600000000004,46.92,1,2,4,3,30
574.7740000000003,6.058700000000005,106.07000000000001,2,6,6,4,37
328.294,2.878700000000001,93.03,3,3,4,2,23
391.3970000000001,2.8201800000000006,104.69,2,5,7,2,28
381.414,4.062100000000002,50.41,2,4,4,1,25
412.44900000000007,2.9602000000000013,102.85000000000001,2,7,1,3,31
393.4510000000002,1.0095799999999997,128.01000000000002,4,9,5,2,29
430.4390000000001,3.0993000000000013,102.85000000000001,2,7,1,3,32
643.779,5.738480000000006,99.91,2,5,9,3,47
599.54,5.396200000000005,83.47,2,4,5,2,40
499.35000000000025,5.353000000000006,112.66000000000001,3,6,6,4,34
177.458,2.127500000000001,20.23,1,1,0,0,8
235.32699999999994,1.8308,32.7,1,3,3,1,17
506.57300000000026,3.9665000000000026,116.4,4,7,6,2,36
565.6460000000003,3.8388000000000018,127.72000000000001,3,9,10,3,41
392.93500000000023,2.3247,94.30000000000001,3,6,7,2,27
473.3810000000001,4.292600000000002,108.74,3,8,6,3,33
378.41100000000006,3.1994000000000016,88.75000000000001,2,6,5,4,28
491.56000000000023,4.445700000000004,117.7,4,7,9,3,34
528.4990000000001,3.394300000000002,111.32000000000001,2,6,9,2,37
528.4990000000001,3.394300000000002,111.32000000000001,2,6,9,2,37
528.4990000000001,3.394300000000002,111.32000000000001,2,6,9,2,37
528.4990000000001,3.394300000000002,111.32000000000001,2,6,9,2,37
418.4530000000001,2.9875000000000007,112.08,2,8,4,3,31
539.6400000000003,4.586880000000003,141.14,4,9,4,4,40
389.4590000000001,3.5408000000000017,99.08,2,6,5,4,29
390.4470000000001,2.9358000000000004,111.97,2,7,5,4,29
491.42300000000034,4.225800000000003,88.33,2,7,6,3,33
353.4660000000002,3.5667000000000026,75.11,2,4,4,2,26
418.46300000000014,5.156700000000003,62.45,2,4,4,3,30
384.9110000000002,4.791300000000004,62.45,2,4,4,3,27
434.46200000000016,5.036500000000004,71.67999999999999,2,5,5,3,31
418.46300000000014,5.156700000000004,62.45,2,4,4,3,30
384.9110000000002,4.791300000000004,62.45,2,4,4,3,27
479.42300000000023,2.2012,103.53000000000002,3,7,5,2,30
593.012,5.973200000000005,78.35000000000001,2,5,6,2,40
574.581,6.668900000000005,52.57,2,3,6,2,40
600.6000000000001,6.228000000000006,89.87,3,4,7,2,42
558.567,5.319800000000004,78.35000000000001,2,5,6,2,39
564.5480000000001,4.588200000000004,77.92,1,4,5,2,38
474.45400000000024,5.040600000000004,71.45,2,4,5,3,34
452.58000000000027,3.712200000000003,100.71,3,7,7,3,32
456.50200000000024,2.8057000000000007,111.16000000000001,2,5,5,4,34
440.5030000000002,3.5673000000000012,97.11000000000001,2,5,5,4,33
643.7220000000004,7.4972000000000065,99.69000000000001,2,6,8,3,46
343.377,3.8214000000000024,50.42,1,3,4,3,25
441.9150000000001,5.969700000000004,72.04,1,6,5,4,30
480.5240000000002,2.5385,111.16000000000001,2,5,4,4,36
456.48900000000015,4.901100000000005,81.01,1,5,9,2,33
466.43100000000004,4.519800000000004,78.52000000000001,1,5,9,3,33
456.48900000000015,4.459600000000004,78.52000000000001,1,5,9,3,33
469.5280000000002,5.454700000000004,65.63000000000001,1,4,9,3,34
470.5160000000002,4.849700000000004,78.52000000000001,1,5,9,3,34
456.48900000000015,4.459600000000004,78.52000000000001,1,5,9,3,33
473.6570000000001,5.3757000000000055,63.93000000000001,3,4,9,3,35
460.42700000000013,5.216600000000003,62.660000000000004,1,4,5,3,33
362.86,5.5491000000000055,37.53,1,2,3,4,26
440.9310000000001,5.500400000000004,63.830000000000005,1,5,5,4,30
395.341,2.6042000000000005,95.18,1,7,7,3,28
404.48800000000034,2.9948000000000023,108.64000000000001,3,5,4,2,28
286.25299999999993,3.202700000000002,58.14000000000001,2,3,3,2,20
472.4600000000003,6.058800000000005,50.080000000000005,2,3,5,3,32
463.0250000000003,5.277080000000004,73.87,2,4,5,3,33
476.54500000000024,4.9112000000000045,78.52000000000001,1,6,9,3,33
420.56000000000034,3.2806000000000024,117.67000000000002,3,5,3,2,28
752.2279999999998,-0.18169999999999598,256.9,6,14,13,2,50
382.8470000000001,4.893200000000004,85.44000000000001,2,4,5,3,27
400.5040000000001,2.741200000000001,88.18,1,6,4,3,28
771.3549999999999,5.399600000000007,128.72,2,9,13,3,55
703.7959999999998,4.715200000000005,139.4,2,10,12,4,52
364.4890000000001,4.095000000000002,55.56,1,3,5,2,27
522.6130000000003,2.6074600000000006,124.67000000000002,1,7,5,4,39
486.58000000000027,1.8352799999999996,105.28999999999999,1,6,5,4,36
512.6180000000003,2.4392000000000005,113.77000000000001,1,7,5,4,38
522.6130000000003,2.6074600000000006,124.66999999999999,1,7,5,4,39
497.6030000000003,2.735780000000001,100.88,1,6,5,4,37
498.5910000000003,2.2585800000000003,127.75999999999999,1,7,5,4,37
512.6180000000003,2.567000000000001,127.75999999999999,1,7,5,4,38
497.6030000000003,2.8635800000000007,114.87,1,6,5,4,37
472.5530000000003,1.5820599999999998,138.66,1,7,5,3,35
467.5770000000002,3.5598800000000024,105.76000000000002,1,6,5,4,35
450.54300000000023,1.6732999999999996,108.15,1,6,6,3,33
436.49300000000017,5.842900000000006,25.36,0,3,6,2,31
349.6890000000001,3.993300000000003,32.34,1,2,4,1,21
315.2440000000001,3.339900000000001,32.34,1,2,4,1,20
315.2440000000001,3.339900000000002,32.34,1,2,4,1,20
322.4520000000001,3.7001000000000017,32.34,1,2,5,2,24
569.563,5.145700000000003,118.50999999999999,2,6,5,4,41
571.535,4.339600000000002,127.74,2,7,5,4,41
448.63600000000014,4.420500000000004,48.470000000000006,1,5,6,3,32
448.63600000000014,4.420500000000004,48.470000000000006,1,5,6,3,32
467.0130000000001,3.8773000000000026,67.23,1,4,8,3,33
422.5540000000001,4.400600000000003,74.33000000000001,2,5,7,3,30
340.427,2.6721000000000013,74.33000000000001,2,4,6,2,25
396.3150000000001,4.805900000000002,61.96,2,3,4,3,28
445.6800000000002,6.3488000000000016,61.96,2,3,4,3,28
486.4540000000001,5.648600000000005,69.22,2,3,11,3,31
502.58500000000026,4.681000000000003,67.12,2,3,8,3,36
325.45200000000006,3.279300000000002,32.7,1,3,5,2,24
327.42800000000005,2.0692999999999997,58.480000000000004,1,5,5,2,24
362.38500000000016,3.312800000000001,88.25999999999999,2,4,3,3,27
292.3860000000001,3.389100000000001,63.629999999999995,1,4,3,2,22
355.44500000000005,3.8125000000000027,76.52,1,5,4,3,27
393.49100000000027,2.591,86.27000000000001,1,5,5,3,29
330.47200000000015,2.576900000000001,32.78,0,3,4,1,24
392.5430000000002,4.1517000000000035,32.78,0,3,5,2,29
384.9070000000001,4.595300000000004,49.410000000000004,1,2,5,2,27
356.49100000000004,4.003400000000003,49.410000000000004,1,3,5,2,25
271.364,2.913900000000001,57.78,2,3,4,2,20
380.4480000000002,2.5075000000000003,91.85000000000001,1,7,3,2,28
243.30599999999998,2.5852000000000004,46.17,1,3,4,1,18
359.5100000000001,4.7999000000000045,39.72,1,4,5,1,26
549.6470000000003,4.723900000000003,107.49000000000001,2,8,10,3,40
469.59200000000016,4.865100000000004,61.440000000000005,2,3,9,1,33
315.2440000000001,3.453500000000002,32.34,1,2,4,1,20
315.2440000000001,3.4535000000000027,32.34,1,2,4,1,20
315.2440000000001,3.453500000000002,32.34,1,2,4,1,20
296.41400000000004,3.299900000000002,32.34,1,2,4,2,22
348.79600000000005,3.818900000000003,32.34,1,2,4,1,23
315.2440000000001,3.4535000000000027,32.34,1,2,4,1,20
298.78900000000004,2.9392000000000005,32.34,1,2,4,1,20
332.34100000000007,3.3046000000000015,32.34,1,2,4,1,23
322.4520000000001,3.8137000000000016,32.34,1,2,5,2,24
288.43500000000006,3.270100000000001,32.34,1,2,5,1,21
338.45100000000014,3.9390000000000027,41.57,1,3,6,2,25
509.63200000000035,6.538100000000007,28.6,0,4,10,2,36
489.46500000000026,4.3053000000000035,78.87,2,5,12,2,31
376.93600000000015,3.2098000000000004,74.07,2,5,7,2,26
547.6740000000003,2.3753,140.42000000000002,3,8,11,2,38
420.5570000000003,4.154700000000004,56.75000000000001,0,4,7,2,31
548.7030000000002,7.701300000000008,75.72000000000001,2,5,9,3,40
528.575,7.251900000000005,75.72,2,5,8,3,38
432.0160000000002,2.894000000000002,77.31,2,6,6,2,30
441.06300000000033,4.977200000000005,22.61,0,4,6,2,31
446.04300000000035,3.2825000000000024,77.31,2,6,6,2,31
365.4730000000001,4.482000000000004,60.77000000000001,2,3,5,2,27
450.60600000000017,4.405600000000003,60.08,2,5,8,3,33
476.0250000000002,2.0934000000000004,112.40000000000002,3,7,7,2,33
376.50000000000006,4.0187000000000035,50.36,2,3,4,2,28
400.27600000000007,3.5340000000000016,63.99,1,3,4,3,25
270.78499999999997,2.6003000000000007,41.129999999999995,2,2,3,1,17
372.5340000000002,3.8837000000000037,49.410000000000004,1,3,7,2,26
275.35999999999996,0.407980000000001,102.89,3,7,4,1,20
276.34399999999994,0.8349799999999998,100.09,2,7,4,1,20
466.6300000000002,3.0231000000000012,82.62,2,7,9,2,34
527.5680000000003,4.502800000000004,93.37,1,7,10,3,38
366.5490000000002,4.830200000000005,15.71,0,3,10,2,27
431.5980000000002,4.557500000000005,66.84,1,5,8,2,30
371.4960000000001,5.293100000000006,32.7,1,3,7,2,27
418.5220000000001,5.282900000000003,69.04,1,5,7,4,30
427.5640000000002,4.6665000000000045,44.81,1,3,8,2,31
380.85100000000017,4.467300000000004,62.25,0,4,6,3,27
459.54300000000023,3.098080000000002,90.71000000000001,0,6,6,2,32
402.45400000000006,3.872600000000002,91.85000000000001,1,7,4,3,30
375.4940000000002,2.972800000000001,84.66,2,6,5,1,26
421.58500000000015,4.634800000000005,45.67,0,4,6,2,31
422.57300000000015,4.029800000000003,58.56,0,5,6,2,31
418.84900000000005,3.4044000000000016,85.35999999999999,1,5,6,2,27
449.91600000000017,3.7997000000000023,107.47999999999999,1,7,7,3,30
398.4920000000001,2.33678,107.67,1,5,6,3,28
480.55600000000027,4.307800000000004,58.440000000000005,0,5,5,3,33
466.5290000000002,3.965600000000003,67.23,1,5,5,3,32
491.5070000000002,0.8909999999999998,125.04,3,6,10,0,34
3631.4409999999907,-7.686260000000038,1385.1499999999992,49,50,70,6,251
385.5160000000002,2.7969,131.84,4,7,8,2,28
634.379,4.227000000000002,123.19000000000003,3,6,10,1,44
1067.1639999999998,-0.2902999999999977,419.44999999999993,11,14,33,2,76
719.9240000000002,2.583500000000007,158.47,4,8,20,2,52
446.04300000000023,3.2825000000000015,77.30999999999999,2,6,6,2,31
433.0000000000002,3.367300000000002,83.3,2,6,6,2,30
374.43500000000006,4.476200000000003,65.44,1,4,7,3,27
374.43500000000006,4.476200000000003,65.44,1,4,7,3,27
385.40500000000003,5.161100000000004,61.03,1,4,8,2,27
385.40500000000003,5.161100000000004,61.03,1,4,8,2,27
537.7080000000003,5.660980000000006,83.18,1,5,8,3,40
469.63300000000015,4.649080000000004,73.95000000000002,1,4,9,3,35
523.6030000000002,5.625380000000005,73.95000000000002,1,4,8,3,38
422.61700000000013,4.414600000000004,50.160000000000004,1,3,8,2,31
438.5090000000002,5.618200000000006,25.36,0,3,7,2,31
456.5900000000001,3.6341000000000028,67.23,1,3,8,3,34
442.5630000000001,3.705200000000003,67.23,1,3,7,3,33
422.61700000000013,4.301000000000004,50.160000000000004,1,3,8,2,31
428.5800000000001,4.065000000000003,50.160000000000004,1,3,8,3,32
473.6420000000001,5.334500000000006,63.99,1,3,10,4,34
459.61500000000007,5.140100000000005,63.99,1,3,9,4,33
387.4800000000001,3.6884000000000023,63.99,1,3,7,3,27
438.5280000000001,4.236600000000003,76.88,1,4,7,4,31
420.53800000000007,4.097500000000003,76.88,1,4,7,4,30
369.49000000000007,3.5493000000000023,63.99,1,3,7,3,26
342.4390000000002,2.7570000000000014,66.07000000000001,1,5,2,1,25
506.7160000000005,4.946700000000004,65.54,1,5,9,3,36
521.7270000000005,5.808500000000006,71.53,1,5,10,3,37
546.7280000000004,6.244300000000007,58.440000000000005,0,4,11,3,38
496.72100000000046,5.6272000000000055,67.23,1,4,10,3,35
498.69300000000044,4.616000000000005,76.46,1,5,11,3,35
514.6920000000005,3.852400000000003,85.69,1,6,11,3,36
514.6920000000005,3.852400000000003,85.69,1,6,11,3,36
514.6920000000005,3.852400000000003,85.69,1,6,11,3,36
524.7310000000004,5.147000000000006,76.46,1,5,10,3,37
369.37500000000006,3.192800000000001,76.46000000000001,1,4,4,4,27
461.158,3.5351000000000017,76.23,1,5,4,2,24
489.21200000000005,4.6795000000000035,85.02,2,5,5,2,26
477.57200000000034,4.726600000000004,89.66,2,5,4,5,36
251.333,3.7543000000000024,30.71,0,2,3,3,19
373.4600000000001,4.425900000000003,78.85000000000001,1,5,5,4,28
374.4480000000001,3.8209000000000017,91.74,1,6,5,4,28
404.5540000000001,4.891900000000004,41.57000000000001,1,3,4,2,30
300.324,2.9179000000000013,32.34,1,2,3,1,21
531.6760000000004,4.881600000000004,70.47,1,4,5,3,39
484.56900000000013,4.813500000000004,74.33000000000001,2,6,9,3,32
647.682,5.406300000000005,86.78999999999999,1,5,8,2,44
577.685,4.266000000000004,86.78999999999999,1,5,7,1,39
597.6750000000001,4.526600000000004,86.78999999999999,1,5,8,2,41
533.7790000000002,4.015500000000003,86.78999999999999,1,5,8,1,37
505.7250000000003,3.236900000000001,86.78999999999999,1,5,7,1,35
506.7130000000003,2.6319000000000017,99.67999999999998,1,6,7,1,35
559.695,4.126900000000003,86.78999999999999,1,5,7,1,38
545.668,3.7368000000000023,86.78999999999999,1,5,8,1,37
579.6850000000002,4.387500000000003,86.78999999999999,1,5,8,2,40
517.6140000000001,2.9582000000000006,86.78999999999999,1,5,7,1,35
518.6020000000001,2.3531999999999993,99.67999999999998,1,6,7,1,35
575.694,4.006700000000003,96.02000000000001,1,6,8,1,39
533.613,2.838000000000001,96.02000000000001,1,6,8,1,36
511.6880000000002,3.3687000000000014,86.78999999999999,1,5,8,2,36
503.6090000000002,5.061700000000005,61.440000000000005,2,3,9,2,36
505.5810000000002,4.507900000000004,70.67,2,4,9,2,36
553.6470000000002,3.9028000000000036,95.58000000000001,2,5,9,2,38
339.4830000000001,3.361900000000002,59.22,1,3,8,2,25
377.46000000000026,2.765700000000002,69.81,1,5,7,2,27
377.4600000000002,2.764100000000002,69.81,1,5,6,2,27
377.4600000000002,2.764100000000002,69.81,1,5,6,2,27
448.03200000000027,5.047500000000005,50.519999999999996,1,5,8,3,30
482.4770000000002,5.700900000000006,50.519999999999996,1,5,8,3,31
420.5530000000001,4.914100000000005,43.7,0,4,10,3,31
454.57400000000024,4.973000000000004,69.87,2,4,9,4,34
435.5680000000002,4.367000000000003,88.59,4,4,9,3,32
377.48800000000006,4.139600000000002,68.36,3,3,8,3,28
287.23400000000004,3.4232000000000014,15.27,1,2,5,1,18
572.7600000000003,3.9566000000000017,81.14,1,7,6,3,40
453.62600000000015,6.621300000000008,43.7,2,3,8,3,34
453.62600000000015,6.621300000000008,43.7,2,3,8,3,34
516.5050000000001,5.541300000000006,57.5,2,4,6,3,32
346.4710000000002,2.4717000000000002,64.79,1,4,5,1,25
457.52100000000024,3.7054000000000027,53.09,0,4,5,2,33
446.5510000000003,3.2988800000000023,76.88,0,5,5,2,33
457.52100000000024,3.7054000000000027,53.09,0,4,5,2,33
473.6320000000001,6.850700000000009,43.7,2,3,8,3,35
491.6220000000001,6.989800000000009,43.7,2,3,8,3,36
455.6420000000001,6.711600000000008,43.7,2,3,8,3,34
351.46900000000005,4.811500000000004,21.060000000000002,0,2,4,3,26
448.5710000000002,4.046600000000003,87.39,1,6,5,3,33
397.5630000000002,3.261700000000002,43.86,0,3,3,1,29
413.39300000000014,4.263300000000004,38.82,1,3,4,1,27
349.51900000000023,1.8201,36.019999999999996,0,4,3,0,25
363.5460000000003,2.2101999999999995,36.019999999999996,0,4,3,0,26
313.44500000000016,2.9217000000000013,26.79,0,2,2,1,23
390.57200000000034,2.4930000000000003,47.1,0,3,2,0,28
339.4800000000002,2.1860999999999997,53.09,0,4,2,0,24
295.47100000000006,2.890500000000001,26.79,0,2,1,0,21
329.48800000000017,3.087100000000002,26.79,0,2,3,1,24
350.5070000000003,1.9031999999999996,55.89,1,3,3,0,25
315.4610000000002,3.0120000000000013,26.79,0,2,2,1,23
378.5610000000003,2.099300000000001,39.260000000000005,0,4,2,0,27
378.5610000000003,2.099300000000001,39.260000000000005,0,4,2,0,27
287.4070000000001,2.1907000000000005,26.79,0,2,1,1,21
273.38000000000005,2.1482,26.79,0,2,1,1,20
349.51900000000023,1.8201,36.019999999999996,0,4,3,0,25
349.51900000000023,1.8201,36.019999999999996,0,4,3,0,25
502.47800000000024,5.104900000000007,48.71,1,4,5,3,31
347.4780000000002,2.7867000000000015,26.79,0,3,4,1,25
329.4880000000001,2.838700000000001,26.79,0,3,4,1,24
331.46000000000015,1.685,36.019999999999996,0,4,4,1,24
640.7890000000002,4.610400000000005,125.05,2,9,7,3,47
452.9860000000002,4.982300000000005,54.63,0,6,6,3,32
359.4490000000002,1.9653800000000001,53.82,0,4,5,1,26
341.4590000000002,1.82628,53.82,0,4,5,1,25
350.8940000000002,2.6080000000000005,30.03,0,3,5,1,24
368.8840000000002,2.7471000000000014,30.03,0,3,5,1,25
400.44500000000016,2.853200000000001,39.260000000000005,0,4,6,1,28
454.57800000000026,3.980780000000002,98.28,2,6,6,3,34
464.01300000000026,4.762500000000004,74.49,2,5,6,3,33
447.5580000000002,4.248200000000002,74.49,2,5,6,3,33
519.527,6.711100000000008,26.71,1,3,8,3,34
456.63000000000017,5.654200000000008,46.94,2,4,8,3,34
456.63000000000017,5.654200000000008,46.94,2,4,8,3,34
509.44100000000026,5.361500000000006,66.28999999999999,1,6,5,4,35
428.36400000000015,2.351700000000001,67.92,2,4,3,1,28
414.3810000000002,2.825100000000001,50.85,2,4,4,1,27
415.36500000000024,3.252100000000002,48.050000000000004,1,4,4,1,27
510.54500000000024,3.0440000000000014,113.25,2,7,7,3,37
456.57700000000017,4.390800000000004,43.78,1,3,4,2,33
497.95800000000025,3.558600000000002,96.32999999999998,2,5,6,3,35
479.6680000000002,3.2291000000000016,95.58000000000001,2,5,8,2,32
353.8090000000001,4.421200000000003,59.230000000000004,0,4,3,3,25
528.5100000000002,3.506400000000002,82.41999999999999,1,7,3,2,38
383.5140000000003,2.3377,87.74000000000001,2,5,9,1,26
397.54100000000034,2.7278000000000002,87.74000000000001,2,5,9,1,27
369.48700000000025,1.9475999999999993,87.74000000000001,2,5,8,1,25
383.5140000000003,2.3377,87.74000000000001,2,5,8,1,26
355.4600000000002,1.5574999999999994,87.74000000000001,2,5,7,1,24
369.48700000000025,1.9475999999999993,87.74000000000001,2,5,7,1,25
461.9980000000003,1.8458000000000006,112.40000000000002,3,7,6,2,32
405.54200000000026,3.5859000000000023,52.650000000000006,1,3,6,2,30
461.5430000000002,3.594400000000003,98.13,1,5,5,4,33
386.24900000000014,3.2864000000000013,63.99,1,3,3,3,24
307.35300000000007,2.5239000000000003,63.99,1,3,3,3,23
642.5090000000004,6.808400000000004,61.36,3,3,9,3,44
452.0020000000003,4.886100000000004,64.86,1,5,5,3,32
259.34900000000005,2.5775000000000006,41.489999999999995,2,3,6,2,19
342.51200000000006,3.9361700000000024,51.15,3,4,6,2,24
425.4510000000001,3.891700000000002,87.39,3,5,6,2,30
452.0020000000003,4.886100000000004,64.86,1,5,5,3,32
452.0020000000003,4.886100000000004,64.86,1,5,5,3,32
563.6700000000004,5.134200000000004,84.1,1,6,8,3,41
545.6800000000004,4.995100000000004,84.1,1,6,8,3,40
549.6430000000004,4.744100000000004,84.1,1,6,7,3,40
464.6320000000002,2.8419000000000008,83.05,0,6,4,1,32
477.51800000000026,2.7463000000000015,116.50999999999999,0,8,5,3,33
409.4860000000004,3.565400000000002,90.41,1,6,6,2,30
490.5010000000002,3.1107000000000014,143.48,2,9,12,3,34
594.3270000000001,1.988999999999999,158.17999999999995,3,9,10,2,36
490.5010000000002,3.1107000000000014,143.48,2,9,12,3,34
476.47400000000016,2.9729,143.48,2,9,11,3,33
594.3270000000001,1.988999999999999,158.17999999999995,3,9,10,2,36
589.7130000000003,4.321200000000004,136.98999999999998,5,6,10,3,43
296.79800000000006,2.652100000000001,64.35,2,4,5,1,20
477.91200000000015,3.546680000000002,127.83999999999999,1,8,8,4,34
487.34700000000015,4.328400000000003,104.05,1,7,8,4,33
470.8920000000001,3.8141000000000025,104.05,1,7,8,4,33
452.9020000000001,3.6750000000000016,104.05,1,7,8,4,32
478.9000000000002,2.9416800000000007,140.73000000000002,1,9,8,4,34
488.3350000000002,3.7234000000000025,116.94000000000001,1,8,8,4,33
471.88000000000017,3.209100000000001,116.94000000000001,1,8,8,4,33
453.89000000000016,3.070000000000001,116.94000000000001,1,8,8,4,32
444.01900000000023,4.4409000000000045,37.83,0,5,7,2,31
402.9660000000002,5.048400000000005,43.26,1,2,6,2,28
378.43200000000013,3.0695000000000006,92.25999999999999,1,5,6,3,28
381.415,3.638000000000001,93.53999999999999,2,6,6,4,28
397.41400000000004,2.6103999999999994,113.77000000000001,3,7,7,4,29
383.391,2.428,119.32,2,8,6,4,28
444.4780000000001,4.757000000000005,81.01,1,5,8,2,32
544.1210000000001,6.053500000000005,105.24,3,8,9,3,37
383.48800000000017,4.635100000000005,51.160000000000004,1,5,6,2,28
357.4690000000001,5.045500000000006,32.7,1,3,6,2,26
417.57100000000014,4.309900000000005,66.84,1,5,7,2,29
357.4690000000001,5.045500000000006,32.7,1,3,6,2,26
369.4610000000001,4.2450000000000045,51.160000000000004,1,5,6,2,27
343.44200000000006,4.655400000000005,32.7,1,3,6,2,25
403.54400000000015,3.9198000000000035,66.84,1,5,7,2,28
343.4420000000001,4.655400000000005,32.7,1,3,6,2,25
391.838,4.091100000000002,100.64000000000001,3,7,7,3,27
415.40400000000005,2.9401,113.77000000000001,3,7,7,4,30
434.4960000000001,4.097800000000002,85.69000000000001,1,5,7,3,32
706.5240000000003,6.774200000000005,93.81,3,5,12,3,48
707.5080000000003,6.8078000000000065,88.02000000000001,3,5,12,3,48
692.5410000000003,7.247600000000005,76.74000000000001,3,5,13,3,47
693.5250000000003,7.281200000000006,70.95,3,5,13,3,47
595.5020000000002,6.987800000000005,50.72,2,4,12,3,41
609.5290000000002,7.377900000000007,50.72,2,4,13,3,42
595.5020000000002,6.987800000000005,50.72,2,4,12,3,41
609.5290000000002,7.377900000000007,50.72,2,4,13,3,42
343.3830000000001,1.7782999999999998,103.53999999999999,2,5,6,2,25
442.46600000000007,4.526900000000004,77.75,1,5,6,3,32
432.4840000000001,3.237000000000001,95.05,1,6,5,4,32
436.5600000000002,3.6003000000000016,120.56,3,6,6,3,32
434.49600000000015,2.7737800000000012,115.64000000000001,2,8,7,3,32
448.5230000000002,2.8162800000000017,115.64000000000001,2,8,7,3,33
450.49500000000023,2.61008,124.87,2,9,7,3,33
384.89200000000005,5.129480000000004,70.83,1,6,6,3,26
427.879,6.276600000000004,47.04,1,5,6,3,28
404.4700000000002,3.2409800000000013,118.19,2,7,5,3,30
447.45700000000016,4.388100000000003,94.4,2,6,5,3,32
356.4550000000001,3.5919000000000016,76.06,1,8,6,3,25
372.42800000000005,3.6871800000000023,71.15,0,4,4,3,28
391.40600000000006,3.221280000000002,84.04,0,5,4,3,29
399.5500000000001,6.127100000000007,21.700000000000003,0,3,8,2,29
411.5420000000002,5.326600000000005,40.160000000000004,0,5,8,2,30
385.52300000000014,5.737000000000006,21.700000000000003,0,3,8,2,28
385.52300000000014,5.737000000000006,21.700000000000003,0,3,8,2,28
633.6800000000003,7.233380000000007,130.57999999999998,1,8,9,5,47
631.7520000000001,8.124580000000007,104.28,1,7,9,5,47
633.6800000000003,7.233380000000007,130.57999999999998,1,8,9,5,47
633.6800000000003,7.233380000000007,130.57999999999998,1,8,9,5,47
394.45,4.2916000000000025,67.35,1,5,7,3,29
445.51600000000025,2.850480000000001,90.71000000000001,0,6,5,2,31
443.50000000000017,3.358100000000002,81.50000000000001,0,5,5,3,31
534.5790000000003,3.2482000000000015,103.79,3,6,8,2,38
361.4670000000002,2.7252,84.66,2,6,4,1,25
365.47700000000003,3.731600000000003,36.02,0,3,6,2,27
324.46800000000013,3.6628000000000016,24.5,1,3,6,2,24
479.65400000000017,3.752200000000003,72.20000000000002,0,8,9,3,34
387.4340000000001,3.4345000000000017,63.480000000000004,2,5,5,3,28
387.4340000000001,3.4345000000000017,63.480000000000004,2,5,5,3,28
369.44400000000013,3.2954000000000008,63.480000000000004,2,5,5,3,27
370.43200000000013,2.6904000000000012,76.37,2,6,5,3,27
370.43200000000013,2.6904000000000012,76.37,2,6,5,3,27
375.4730000000001,3.3569000000000013,63.480000000000004,2,6,5,3,26
405.42400000000004,3.5736000000000017,63.480000000000004,2,5,5,3,29
387.434,3.4345000000000017,63.480000000000004,2,5,5,3,28
360.39300000000003,2.2834000000000003,89.51,2,7,5,3,26
376.461,2.751900000000001,76.37,2,7,5,3,26
376.4610000000001,2.751900000000001,76.37,2,7,5,3,26
380.4480000000002,3.1784000000000017,89.13000000000001,2,5,6,3,28
394.47500000000025,3.568500000000002,89.13000000000001,2,5,6,3,29
428.51400000000024,2.576600000000001,114.03999999999999,2,6,6,3,30
546.0970000000001,4.843500000000003,131.01999999999998,3,10,9,3,37
449.5110000000002,3.0859000000000014,99.75,1,6,6,3,33
451.4620000000001,2.7711000000000006,107.94,1,7,5,4,33
433.4720000000001,2.6320000000000006,107.94,1,7,5,4,32
375.43200000000013,3.1456800000000014,96.86000000000001,1,7,4,3,28
540.6080000000003,3.309700000000003,103.78999999999999,3,7,8,2,37
409.4750000000001,1.9608599999999996,131.45999999999998,1,6,5,3,29
426.6270000000004,2.1927000000000003,64.17,0,4,3,0,29
450.60500000000025,1.4300800000000014,94.90000000000002,1,7,11,1,31
436.5780000000002,1.0399800000000017,94.90000000000002,1,7,10,1,30
452.5770000000002,0.010780000000002898,115.13000000000001,2,8,10,1,31
370.47400000000005,3.0354800000000015,79.19,1,4,5,2,26
364.442,2.6979000000000006,68.29,1,4,5,2,25
364.442,2.6979000000000006,68.29,1,4,5,2,25
351.493,3.2253000000000016,55.400000000000006,1,4,5,2,23
351.493,3.2253000000000016,55.400000000000006,1,4,5,2,23
364.442,2.6979000000000006,68.29,1,4,5,2,25
383.5170000000001,2.950680000000001,73.2,1,4,5,2,27
377.48500000000007,2.613100000000001,62.300000000000004,1,4,5,2,26
426.5040000000001,4.097800000000004,49.410000000000004,1,3,5,2,29
451.61400000000015,2.4505,95.58000000000001,2,5,7,2,30
436.59900000000016,2.4825,83.55000000000001,1,5,6,2,29
359.49500000000006,2.474,62.300000000000004,1,4,5,2,25
377.48500000000007,2.613100000000001,62.300000000000004,1,4,5,2,26
364.53600000000006,3.140500000000002,49.410000000000004,1,4,5,2,24
364.53600000000006,3.140500000000002,49.410000000000004,1,4,5,2,24
445.5880000000002,4.5254800000000035,73.2,1,4,6,3,32
439.55600000000015,4.1879000000000035,62.300000000000004,1,4,6,3,31
513.6850000000003,4.025300000000002,95.58000000000001,2,5,8,3,35
413.9270000000003,3.0743000000000014,107.86,3,6,4,1,27
507.5340000000003,4.5400000000000045,81.50000000000001,0,5,6,3,35
453.60200000000026,3.7401000000000018,64.60000000000001,3,4,6,2,33
451.6110000000003,3.3066000000000013,84.83,4,5,6,2,33
439.57500000000016,3.5660000000000016,64.60000000000001,3,4,6,2,32
437.5840000000002,3.132500000000001,84.83,4,5,6,2,32
421.5850000000002,3.4269000000000016,64.60000000000001,3,4,6,2,31
467.6290000000003,3.986100000000002,64.60000000000001,3,4,6,2,34
465.6380000000003,3.5526000000000018,84.83,4,5,6,2,34
449.6390000000003,3.847000000000002,64.60000000000001,3,4,6,2,33
414.54000000000013,5.0495000000000045,38.489999999999995,1,3,7,2,30
588.5620000000002,3.9350000000000023,118.71,2,5,5,3,42
398.9340000000001,4.500600000000004,49.410000000000004,1,2,5,2,28
552.6190000000003,3.102800000000001,124.76,4,6,11,2,38
353.319,4.214200000000003,57.78,2,3,3,3,25
336.317,3.4701000000000013,70.67,2,4,3,3,24
430.47200000000026,3.2054800000000014,126.56000000000002,2,8,5,4,32
496.63700000000034,2.9209000000000014,120.07999999999998,3,7,6,3,35
459.5870000000003,2.6894,121.96,3,5,9,1,33
571.5430000000002,3.4374000000000002,121.96,3,5,11,2,40
517.5730000000002,3.0201000000000002,121.96,3,5,11,2,37
458.58100000000013,5.973400000000007,43.18,0,4,8,4,34
520.6740000000002,2.4210000000000003,98.82,2,4,6,2,38
459.9280000000003,4.723300000000003,76.18,2,4,5,3,32
566.584,5.813200000000005,135.49999999999997,3,6,6,4,41
518.7020000000003,3.429800000000002,118.51999999999998,3,5,9,2,38
491.67600000000033,4.036500000000003,95.66,3,5,8,2,36
491.6760000000004,4.036500000000003,95.66,3,5,8,2,36
466.6410000000003,5.076700000000005,52.57,2,4,7,2,34
464.6500000000003,4.643200000000004,72.8,3,5,7,2,34
448.6510000000003,4.937600000000004,52.57,2,4,7,2,33
372.415,3.6206000000000023,66.56,2,3,4,2,27
356.416,3.9150000000000027,46.330000000000005,1,2,4,2,26
430.47200000000026,3.2054800000000014,126.56000000000002,2,8,5,4,32
370.4780000000002,3.487000000000002,87.74000000000001,2,5,4,3,26
517.5730000000002,3.0201000000000002,121.96,3,5,11,2,37
437.5100000000002,4.008800000000003,73.05000000000001,3,4,6,2,31
418.9730000000002,2.9772000000000016,83.3,2,6,5,2,29
494.60200000000043,4.054700000000003,48.91000000000001,0,5,4,1,35
508.6290000000004,4.348600000000004,57.7,1,5,5,1,36
468.56400000000036,3.712500000000002,57.7,1,5,5,1,33
484.56300000000033,2.683300000000001,77.93,2,6,5,1,34
558.582,7.5540000000000065,32.34,1,2,6,2,39
584.6010000000001,7.113100000000007,69.64,2,3,7,2,41
558.582,7.5540000000000065,32.34,1,2,6,2,39
556.591,7.120500000000007,52.57000000000001,2,3,6,2,39
541.58,6.809900000000007,45.230000000000004,1,3,6,2,38
542.568,6.2049000000000065,58.120000000000005,1,4,6,2,38
542.568,6.2049000000000065,58.120000000000005,1,4,6,2,38
424.52000000000004,3.9880700000000022,85.29,3,3,6,2,31
531.6020000000001,5.293300000000006,76.10000000000001,1,6,7,3,38
446.53400000000016,3.841000000000002,83.78999999999999,2,7,5,4,33
582.6200000000002,6.178760000000006,145.14,1,8,7,5,44
600.6350000000003,5.405980000000004,164.44,2,8,8,5,45
641.6060000000002,7.2056800000000045,130.58,1,8,8,5,47
515.9570000000002,5.293480000000004,121.35,1,7,6,4,37
641.6060000000002,7.2056800000000045,130.58,1,8,8,5,47
655.6330000000003,7.595780000000005,130.58,1,8,8,5,48
613.6020000000001,9.231279999999996,78.92,1,4,6,4,44
533.7160000000003,8.491180000000005,78.92,1,4,6,4,40
545.6050000000002,8.212480000000005,78.92,1,4,6,4,40
545.6050000000002,8.212480000000005,78.92,1,4,6,4,40
613.6020000000001,9.231279999999996,78.92,1,4,6,4,44
533.7160000000003,8.491180000000005,78.92,1,4,6,4,40
545.6050000000002,8.212480000000005,78.92,1,4,6,4,40
512.0530000000002,7.847080000000006,78.92,1,4,6,4,37
545.6050000000002,8.212480000000005,78.92,1,4,6,4,40
641.6060000000002,7.2056800000000045,130.58,1,8,8,5,47
655.6330000000003,7.595780000000005,130.58,1,8,8,5,48
409.452,4.111200000000004,58.370000000000005,1,4,7,2,29
410.3450000000001,4.399200000000004,58.370000000000005,1,4,7,2,27
393.89000000000004,3.8849000000000036,58.370000000000005,1,4,7,2,27
443.44100000000003,4.130100000000003,67.60000000000001,1,5,8,2,31
424.48200000000014,5.543100000000006,25.36,0,3,6,2,30
385.4640000000001,3.8393000000000033,55.2,0,3,4,3,27
347.48400000000015,3.466000000000003,55.2,0,3,3,2,24
417.50500000000017,5.075300000000004,81.78,2,4,7,3,31
397.5270000000001,2.8884000000000007,123.05,3,7,6,2,29
425.2320000000001,1.8088,148.75,3,7,4,3,28
409.5340000000002,4.113700000000003,68.69,0,6,5,3,30
455.58100000000013,5.5190000000000055,37.190000000000005,0,4,6,4,34
443.6390000000003,5.895900000000006,37.190000000000005,0,4,6,3,33
339.48300000000006,4.230700000000004,30.29,0,3,5,2,25
367.53700000000015,5.010900000000005,30.29,0,3,5,2,27
421.6360000000001,6.325800000000006,21.060000000000002,0,2,5,3,30
409.69400000000024,6.702700000000007,21.060000000000002,0,2,5,2,29
352.463,4.151400000000003,52.3,1,5,6,3,25
380.41,4.566000000000003,51.22,1,3,7,2,27
355.50300000000004,3.6448000000000027,46.17,1,3,5,2,25
355.50300000000004,3.6448000000000027,46.17,1,3,5,2,25
356.49100000000004,3.471700000000002,58.2,2,3,5,2,25
370.5180000000001,3.813900000000003,49.410000000000004,1,3,5,2,26
356.49100000000004,3.471700000000002,58.2,2,3,5,2,25
349.47800000000007,4.067800000000004,26.79,0,2,5,2,26
369.47300000000007,2.5192999999999994,131.83999999999997,4,7,6,2,27
286.4189999999999,3.1666000000000016,32.34,1,2,4,1,21
300.44599999999997,3.556700000000002,32.34,1,2,4,1,22
286.4189999999999,3.0241000000000007,32.34,1,2,5,1,21
300.44599999999997,3.414200000000002,32.34,1,2,5,1,22
314.473,3.8043000000000022,32.34,1,2,5,1,23
287.76500000000004,5.546400000000004,4.93,0,0,2,3,20
484.68800000000033,6.613700000000008,59.81,1,3,4,2,36
485.67600000000033,6.008700000000006,72.7,1,4,4,2,36
272.283,2.5757000000000003,74.43,2,3,2,3,20
437.46600000000035,3.5131000000000023,78.43,1,6,5,2,31
500.63200000000023,4.291800000000003,95.83000000000001,1,7,5,5,36
433.5370000000001,5.002000000000005,77.05000000000001,0,6,4,4,31
420.47700000000015,2.543780000000001,117.09000000000002,0,10,6,3,31
333.37100000000004,1.3472000000000002,131.84,4,7,7,2,24
389.43500000000006,1.5046999999999997,141.07,4,8,6,2,28
391.51500000000027,4.373800000000005,47.36000000000001,0,4,7,3,29
534.6520000000002,5.110700000000004,75.08000000000001,2,6,7,3,37
524.6090000000002,3.645900000000003,94.56,3,6,7,2,36
548.6350000000001,4.271200000000003,103.27000000000001,3,8,7,3,38
351.788,4.226500000000003,48.53,0,3,5,3,24
336.226,3.942300000000003,48.53,0,3,4,3,22
367.78700000000003,3.8903000000000025,57.760000000000005,0,4,6,3,25
301.781,3.2889000000000017,48.53,0,3,4,3,21
335.33299999999997,3.712200000000003,48.53,0,3,5,3,24
351.332,3.5341000000000022,57.760000000000005,0,4,5,3,25
578.543,3.452400000000002,113.16000000000001,1,9,7,3,39
564.5160000000001,3.062300000000002,113.16000000000001,1,9,6,3,38
548.517,4.089900000000003,92.93,0,8,5,3,37
578.543,3.452400000000002,113.16000000000001,1,9,7,3,39
564.5160000000001,3.062300000000002,113.16000000000001,1,9,6,3,38
302.769,2.6839000000000004,61.42,0,4,4,3,21
302.769,2.6839000000000004,61.42,0,4,4,3,21
421.95400000000006,2.6979000000000006,71.64,1,5,4,3,28
407.927,2.3556999999999997,80.43,2,5,4,3,27
420.47700000000015,2.543780000000001,117.09,0,10,6,3,31
370.38800000000003,2.8076000000000016,89.94000000000001,0,6,3,3,27
424.5890000000002,4.808600000000005,71.26,1,5,8,2,31
470.58900000000034,4.428500000000004,71.7,0,6,9,2,34
504.58800000000025,2.9608000000000017,114.55000000000001,0,10,8,3,35
490.5610000000002,2.819700000000001,114.55000000000001,0,10,7,3,34
420.47700000000015,2.543780000000001,117.09,0,10,6,3,31
405.54200000000003,4.899200000000005,47.36,0,4,7,3,30
377.51000000000005,2.955300000000001,74.57000000000001,2,5,6,2,26
477.58400000000046,4.925000000000004,65.18,0,5,7,4,35
461.1580000000001,3.9779000000000027,90.22,1,5,3,2,24
461.1580000000001,3.848500000000003,76.23,1,5,3,2,24
457.17,3.177780000000001,80.1,1,5,3,2,24
477.15700000000004,3.2143000000000015,99.45,1,6,4,2,25
427.144,3.551280000000002,70.87,1,4,2,2,22
447.131,3.5878000000000014,90.22,1,5,3,2,23
447.131,3.5878000000000014,90.22,1,5,3,2,23
477.15700000000004,3.450700000000002,94.25,2,6,5,2,25
461.158,4.214300000000002,85.02,2,5,4,2,24
447.13100000000003,3.824200000000002,85.02,2,5,4,2,23
450.4490000000001,3.679800000000001,115.79,2,6,6,4,33
451.4370000000002,4.142600000000002,127.82,3,6,5,4,33
439.47900000000016,3.2732800000000006,139.57999999999998,2,7,6,4,33
424.4640000000001,3.691080000000002,113.56,1,6,6,4,32
448.91400000000016,4.0550000000000015,115.79,2,6,6,4,32
448.91400000000016,4.0550000000000015,115.78999999999999,2,6,6,4,32
433.8990000000001,4.472800000000003,89.77,1,5,6,4,31
456.4280000000001,4.097200000000003,94.7,1,5,6,4,33
444.49900000000025,2.9330000000000007,133.61,2,7,7,4,33
446.4860000000002,4.094900000000003,94.7,1,5,7,4,33
428.4960000000002,3.9558000000000026,94.7,1,5,7,4,32
429.4840000000002,3.350800000000002,107.59,1,6,7,4,32
447.5140000000003,4.131600000000003,76.3,1,6,5,4,33
485.62800000000027,5.816900000000006,65.78,1,3,6,3,36
550.5980000000002,4.931380000000003,147.67,3,8,7,5,41
478.54900000000026,4.114100000000003,105.92000000000002,2,6,9,3,35
410.4090000000002,2.6676,102.24000000000001,1,6,4,3,30
365.4370000000001,3.2916,109.05,2,5,5,3,27
309.333,2.3798000000000004,121.67,2,7,2,4,23
365.4810000000001,4.399100000000004,59.980000000000004,0,5,4,3,27
409.5340000000003,4.1517000000000035,80.21000000000001,1,6,5,3,30
409.5340000000002,4.273200000000004,69.21000000000001,0,6,5,3,30
369.4690000000001,3.229000000000002,80.21000000000001,1,6,6,3,27
358.4860000000001,2.5823,70.39,2,4,5,2,26
413.5660000000002,2.3912000000000013,62.63000000000001,1,5,7,2,30
421.5670000000002,1.6082000000000005,96.33000000000001,2,5,8,2,29
448.5670000000002,3.999900000000003,87.46000000000001,2,4,8,3,33
419.57300000000015,3.8839000000000015,76.18,2,4,7,3,31
539.5750000000002,3.735100000000002,135.24,3,7,5,6,40
391.4750000000001,3.3918000000000017,83.88000000000001,1,4,2,3,29
391.4750000000001,3.3918000000000017,83.88,1,4,2,3,29
552.6140000000003,4.844800000000004,136.76999999999998,3,8,8,5,41
417.3870000000001,3.700680000000003,82.43,1,4,6,2,30
407.348,3.6012000000000013,107.44,2,4,6,3,29
385.37900000000013,5.259900000000005,32.34,1,2,5,1,25
281.44300000000004,4.985200000000004,12.03,1,1,5,2,21
415.9840000000001,6.023800000000006,36.95,2,3,7,2,29
397.9940000000001,5.884700000000006,36.95,2,3,7,2,28
380.44800000000015,2.8689999999999998,116.39,3,5,7,3,28
381.43600000000015,2.264,129.28,3,6,7,3,28
381.43600000000015,2.264,129.28,3,6,7,3,28
370.3230000000001,6.4835000000000065,3.24,0,1,4,3,25
398.4630000000002,3.466800000000002,92.76,0,6,8,2,29
457.62200000000024,5.087300000000004,73.91,2,4,8,3,34
439.6040000000003,3.746800000000003,74.5,1,6,9,2,32
472.63300000000027,4.9165000000000045,70.13,2,3,8,3,35
398.46300000000014,3.2943000000000016,92.76,0,6,8,2,29
329.487,5.4294000000000056,12.03,1,1,8,3,25
469.46300000000014,4.424700000000003,71.53,1,4,7,3,34
474.5310000000001,4.044900000000003,67.12,2,3,7,3,34
564.4900000000004,3.753200000000003,82.41999999999999,1,7,4,2,40
447.4900000000003,3.135880000000001,128.87,3,9,8,2,32
440.9260000000003,2.9764000000000017,83.3,2,6,5,2,30
306.291,3.572300000000001,46.5,1,2,4,3,22
351.332,2.297699999999999,68.76,1,4,6,3,25
338.749,2.8594,74.55,1,4,4,3,23
322.29400000000004,2.3450999999999995,74.55,1,4,4,3,23
572.6030000000003,8.082500000000007,53.18,2,5,9,5,40
591.5770000000002,8.188500000000005,50.38,1,5,9,5,41
572.6030000000003,8.082500000000007,53.18,2,5,9,5,40
288.301,3.433200000000001,46.5,1,2,4,3,21
468.4950000000002,4.029500000000003,50.6,0,4,7,2,33
454.56900000000013,4.107600000000003,60.08,2,5,8,3,33
422.93600000000015,2.6792000000000016,83.3,2,6,5,2,29
300.27300000000014,5.145400000000005,3.24,0,1,3,1,19
281.44300000000004,4.991800000000005,3.24,0,1,3,2,21
499.5430000000003,1.9974999999999996,128.04,3,8,9,2,36
299.374,1.4332,58.480000000000004,1,5,4,2,22
398.89800000000025,2.7864000000000013,99.93,3,5,4,3,28
382.4430000000002,2.2721,99.93,3,5,4,3,28
442.5450000000003,1.5365000000000006,134.07,3,7,5,3,31
364.4530000000002,2.133,99.93,3,5,4,3,27
365.4410000000002,1.5279999999999998,112.82000000000001,3,6,4,3,27
365.4410000000002,1.5279999999999998,112.82000000000001,3,6,4,3,27
483.49000000000007,4.639700000000004,71.53,1,4,8,3,35
486.5380000000002,4.663900000000004,70.13,2,3,7,3,35
599.0260000000002,3.5602000000000027,100.43,1,6,6,2,39
408.9040000000001,5.585400000000004,41.99,1,2,4,3,29
415.87100000000015,4.983500000000004,46.92,1,2,4,3,29
239.746,3.2993000000000023,29.1,1,2,3,1,16
533.359,7.150100000000004,58.56,2,3,6,2,34
510.35900000000015,6.039500000000004,101.7,2,5,7,2,33
465.36199999999997,6.131300000000003,58.56,2,3,6,2,30
398.25199999999995,5.672100000000003,49.33,2,2,4,1,25
454.492,4.776200000000005,45.59,1,4,4,3,33
436.51200000000017,3.9848000000000026,71.37,1,7,4,4,31
418.5220000000001,3.8457000000000026,71.37,1,7,4,4,30
528.5020000000001,5.548200000000004,78.52000000000001,1,5,10,4,38
419.51000000000016,3.240700000000002,84.26,1,8,4,4,30
377.46000000000015,2.764100000000001,69.81,1,5,6,2,27
389.47100000000023,2.7657000000000007,69.81,1,5,7,2,28
434.5960000000001,4.562800000000005,26.71,1,4,8,2,30
450.59500000000014,3.5783000000000023,49.769999999999996,1,4,8,2,31
420.94500000000016,1.7020000000000002,103.53000000000002,3,7,5,2,29
481.5530000000003,1.4454,116.26,3,8,7,2,35
382.456,4.882200000000004,54.37,1,3,5,3,27
289.737,4.476300000000002,25.16,1,1,2,3,20
455.2480000000001,1.9759999999999993,146.51,4,9,7,3,28
500.98300000000035,4.517400000000002,91.60000000000001,2,8,5,4,34
550.489,3.019800000000002,113.16000000000001,1,9,5,3,37
490.3430000000003,4.233300000000003,104.64,2,5,5,3,33
481.49600000000015,3.2537800000000017,90.71000000000001,0,6,5,2,33
499.48600000000016,3.3928800000000026,90.71000000000001,0,6,5,2,34
524.4830000000002,4.4009000000000045,66.92,0,5,5,2,35
542.4730000000002,4.5400000000000045,66.92,0,5,5,2,36
525.4710000000001,3.795900000000003,79.81,0,6,5,2,35
526.4590000000002,3.190900000000002,92.7,0,7,5,2,35
526.4590000000002,3.190900000000002,92.7,0,7,5,2,35
559.9160000000003,4.4493000000000045,79.81,0,6,5,2,36
543.4610000000002,3.935000000000003,79.81,0,6,5,2,36
526.4590000000002,3.190900000000002,92.7,0,7,5,2,35
468.78499999999997,4.748900000000003,86.19,2,5,5,3,31
244.3379999999999,2.4081,33.62,1,3,5,1,18
408.33500000000004,5.530180000000002,69.53999999999999,1,5,4,3,25
389.48000000000013,5.016300000000004,68.01,1,4,5,4,28
299.44300000000004,3.811200000000002,21.060000000000002,0,3,5,3,21
337.42700000000013,1.3929599999999998,97.15,1,5,3,1,25
413.5900000000001,5.939300000000005,18.509999999999998,1,4,3,3,30
499.58600000000024,6.908400000000007,64.53,0,6,8,5,37
428.41800000000006,3.644800000000002,91.62,1,4,5,4,31
403.44800000000015,4.519800000000004,26.79,0,2,5,2,29
328.456,4.691300000000004,16.130000000000003,0,3,5,3,23
352.4340000000001,2.8318000000000016,69.64,2,3,5,2,26
370.45200000000006,4.2611000000000026,49.410000000000004,1,2,5,3,28
339.439,2.684400000000001,55.81,2,4,5,2,25
350.4620000000001,3.9209000000000023,55.56,1,3,5,2,26
310.22400000000005,5.408300000000004,12.47,0,2,4,2,20
310.466,4.552200000000004,16.130000000000003,0,3,5,3,22
310.466,4.5522000000000045,16.130000000000003,0,3,5,3,22
317.43900000000014,2.7745000000000006,46.92,1,5,2,3,21
530.4630000000001,6.067500000000005,62.970000000000006,0,6,5,5,37
351.4500000000001,3.315900000000001,68.45,1,4,5,2,26
310.466,4.552200000000004,16.130000000000003,0,3,5,3,22
413.9020000000002,4.021900000000002,99.08,1,6,5,2,27
316.495,4.613700000000004,16.130000000000003,0,4,5,3,21
495.92800000000005,8.307000000000004,53.089999999999996,2,1,6,4,35
370.44800000000004,5.859100000000005,57.53,2,2,6,3,28
354.449,6.1535000000000055,37.3,1,1,6,3,27
371.524,5.9961000000000055,12.47,0,2,8,3,28
452.5800000000001,4.472100000000004,75.52000000000001,1,6,5,2,32
407.3010000000003,2.754500000000002,82.17,2,4,2,2,27
442.45000000000016,3.3649000000000013,91.85000000000001,1,7,1,3,33
411.3870000000001,3.8847800000000037,74.93,0,6,5,3,30
551.5290000000001,3.6069000000000013,127.74,2,7,5,4,40
579.583,4.387100000000002,127.74,2,7,5,4,42
581.555,3.5810000000000013,136.97,2,8,5,4,42
597.5729999999999,4.873800000000003,127.74,2,7,5,4,43
565.5559999999999,3.9970000000000017,127.74,2,7,5,4,41
469.4630000000002,4.210300000000003,71.53,1,4,7,3,34
447.9260000000001,5.031400000000004,95.0,2,5,4,4,32
447.9260000000002,5.031400000000004,95.0,2,5,4,4,32
413.3920000000001,4.327900000000003,59.31,1,4,2,3,28
395.4020000000001,4.030700000000003,59.31,1,4,3,3,27
430.4650000000001,1.72875,148.69,3,7,3,2,30
424.8140000000001,3.7757000000000014,98.72,2,5,3,3,29
390.3690000000001,3.122300000000001,98.72,2,5,3,3,28
438.8410000000001,4.165800000000003,98.72,2,5,4,3,30
472.8580000000002,4.288900000000003,98.72,2,5,3,4,33
438.4130000000001,3.6355000000000013,98.72,2,5,3,4,32
436.87800000000016,4.010700000000002,98.72,2,5,3,4,31
402.43300000000016,3.3573000000000013,98.72,2,5,3,4,30
1055.355,6.715700000000009,206.58999999999997,3,12,20,4,73
1041.328,6.325600000000008,206.58999999999997,3,12,19,4,72
1027.301,5.935500000000007,206.58999999999997,3,12,18,4,71
1013.274,5.545400000000008,206.58999999999997,3,12,17,4,70
1083.409,7.495900000000008,206.58999999999997,3,12,22,4,75
1125.4899999999998,8.666200000000005,206.58999999999997,3,12,25,4,78
1071.398,7.1857000000000095,206.58999999999997,3,12,21,4,74
458.4930000000003,4.559200000000003,91.85000000000001,1,7,2,3,34
458.4930000000002,4.559200000000003,91.85000000000001,1,7,2,3,34
446.59500000000014,4.366400000000003,71.69,1,5,3,2,33
431.37900000000025,4.732500000000004,41.57000000000001,1,3,5,1,28
391.5190000000001,4.338600000000002,86.72,3,5,4,3,29
519.8560000000002,6.865100000000005,71.45,2,4,4,3,34
573.8260000000001,7.407500000000005,71.45,2,4,4,3,37
541.8090000000001,6.721800000000004,71.45,2,4,5,3,35
517.8400000000003,6.619100000000005,71.45,2,4,4,3,34
573.8260000000001,7.407500000000005,71.45,2,4,5,3,37
505.8290000000002,6.476600000000005,71.45,2,4,5,3,33
366.5340000000001,5.079400000000004,49.84,2,5,3,3,26
360.5050000000001,5.017900000000004,49.84,2,4,3,3,27
360.5050000000001,5.0179000000000045,49.84,2,4,3,3,27
401.4360000000001,4.653100000000003,62.730000000000004,2,5,3,3,29
393.49100000000016,3.9273000000000016,95.95,3,6,4,3,29
393.49100000000016,3.722900000000002,85.09,2,6,4,3,29
475.5150000000002,4.997600000000004,76.3,1,6,5,3,34
355.482,3.3325000000000022,53.93,1,4,4,1,26
488.0360000000003,2.2359,112.40000000000002,3,7,6,2,34
476.6170000000002,4.031200000000003,78.87000000000002,2,5,5,2,35
496.58000000000015,4.957600000000004,74.33000000000001,2,6,8,3,33
483.00800000000027,5.117400000000004,70.08,1,4,4,2,34
410.51000000000016,3.7591000000000028,80.67,1,5,5,1,30
570.8180000000002,7.503480000000009,78.24000000000001,0,4,1,0,42
448.61100000000016,4.285800000000004,71.69,1,5,3,2,33
434.5840000000001,4.098600000000004,58.56,0,5,3,2,32
574.5260000000002,6.918700000000006,83.91000000000001,1,4,7,3,38
465.5710000000002,4.732700000000004,83.91000000000001,1,4,7,3,33
438.91500000000013,2.848300000000002,84.3,1,4,5,3,31
405.5020000000002,4.323500000000004,72.28,1,4,3,3,30
473.96400000000017,4.133780000000003,82.23,0,4,4,3,34
381.3580000000001,2.1675999999999997,78.74000000000001,2,4,1,2,27
381.3580000000001,2.1675999999999997,78.74000000000001,2,4,1,2,27
457.9810000000001,4.671400000000005,52.57,0,5,3,2,32
461.4970000000003,3.592100000000002,95.09,1,8,2,3,34
475.9800000000002,5.667500000000005,95.00000000000001,2,5,5,4,34
443.5070000000002,3.453000000000002,95.09,1,8,2,3,33
404.4490000000001,3.631800000000002,68.96000000000001,0,6,3,4,30
406.6650000000002,5.369000000000005,39.989999999999995,1,5,4,0,27
471.62700000000035,2.5782800000000003,98.56,1,7,4,1,33
431.37900000000025,4.732500000000004,41.57000000000001,1,3,5,1,28
641.8230000000001,8.340000000000003,71.45,2,4,5,3,41
577.8990000000002,8.284300000000004,79.9,2,4,4,5,39
577.8990000000002,8.284300000000004,79.9,2,4,4,5,39
552.8890000000001,7.990200000000005,77.24000000000001,2,4,4,4,37
553.8730000000002,8.113600000000005,71.45,2,4,4,4,37
527.8390000000003,7.131100000000004,79.9,2,4,4,4,35
567.9040000000001,7.619800000000005,79.9,2,4,4,4,38
577.8990000000002,8.284300000000004,79.9,2,4,4,5,39
375.944,4.482600000000004,26.79,0,2,4,1,26
431.37900000000025,4.732500000000004,41.57000000000001,1,3,5,1,28
434.5840000000002,3.8957000000000024,71.69,1,5,3,2,32
434.5840000000002,3.8957000000000024,71.69,1,5,3,2,32
419.56900000000013,4.313500000000004,45.67,0,4,3,2,31
490.54900000000026,4.7020000000000035,60.080000000000005,2,5,7,3,35
472.55900000000025,4.404800000000003,60.080000000000005,2,5,8,3,34
406.9390000000002,4.3038000000000025,96.25,4,4,3,2,27
348.42800000000017,2.4088000000000003,110.10000000000001,3,5,3,2,24
434.5840000000002,3.8957000000000024,71.69,1,5,3,2,32
434.5840000000002,3.8957000000000024,71.69,1,5,3,2,32
402.8320000000001,4.590200000000003,58.95,2,3,3,3,28
359.422,3.7855000000000025,59.31,1,4,2,3,25
443.55100000000016,5.119100000000004,94.23,1,6,4,3,33
567.6500000000003,4.558500000000004,138.53,3,11,8,4,42
458.4780000000002,3.821200000000001,135.29000000000002,3,10,7,4,34
378.51600000000013,3.905700000000003,32.78,0,3,4,2,28
639.7420000000003,3.822600000000003,134.11,0,11,7,1,46
470.56400000000014,4.445000000000004,71.69,1,5,3,2,34
415.9650000000002,4.567500000000004,39.52,0,4,3,2,29
459.03400000000033,4.068700000000002,65.54,1,5,5,2,32
445.99100000000027,4.059800000000004,59.75,1,5,4,2,31
403.8410000000003,3.2689000000000012,78.96000000000001,1,6,1,2,28
369.3960000000002,2.615500000000001,78.96000000000001,1,6,1,2,27
352.3940000000002,1.8713999999999995,91.85000000000001,1,7,1,2,26
368.46200000000016,2.588,82.62,1,7,1,2,26
353.2160000000001,2.1769,66.07000000000001,1,5,0,1,21
369.28400000000016,2.8935000000000004,56.84,1,5,0,1,21
454.95800000000025,3.965780000000003,80.38,0,5,2,2,32
459.9740000000003,3.586400000000002,76.82000000000001,1,5,3,2,32
497.9450000000002,5.112900000000005,56.59,0,4,2,2,34
461.96500000000026,4.563600000000004,56.59,0,4,3,2,32
459.9740000000003,3.586400000000002,76.82000000000001,1,5,3,2,32
415.9650000000002,4.567500000000004,39.52,0,4,3,2,29
440.97500000000025,4.439180000000004,63.31,0,5,3,2,31
445.99100000000027,4.059800000000004,59.75,1,5,4,2,31
445.99100000000027,4.059800000000004,59.75,1,5,4,2,31
401.93800000000016,4.594100000000004,50.38,1,4,2,2,28
401.93800000000016,4.594100000000004,50.38,1,4,2,2,28
399.5100000000002,4.053200000000003,39.52,0,4,3,2,29
429.5360000000003,3.5455000000000023,59.75,1,5,4,2,31
461.5260000000003,4.254180000000003,129.14000000000001,0,6,3,2,34
473.32700000000034,2.824200000000001,108.06,2,7,2,2,30
419.4410000000003,1.9333799999999997,131.85,2,8,2,2,31
428.8760000000003,2.7151000000000005,108.06,2,7,2,2,30
412.8770000000003,3.4787000000000017,98.83,2,6,2,2,29
428.8760000000003,2.7151000000000005,108.06,2,7,2,2,30
428.8760000000003,2.7151000000000005,108.06,2,7,2,2,30
412.4210000000003,2.2008,108.06,2,7,2,2,30
396.42200000000025,2.9644000000000004,98.83,2,6,2,2,29
429.42700000000025,3.1579000000000006,111.72,2,7,3,2,31
474.3150000000003,2.2192,120.95,2,8,2,2,30
446.8660000000003,2.8542000000000005,108.06,2,7,2,2,31
436.55600000000015,3.6895000000000016,80.92,1,6,3,2,32
394.4750000000002,4.099100000000003,110.69000000000001,2,6,4,2,29
514.7330000000003,2.662600000000003,150.62,5,5,13,0,35
387.9550000000001,4.482600000000004,26.79,0,2,4,1,27
367.45700000000016,2.1412,127.11999999999998,4,5,4,3,27
402.50200000000024,3.2897800000000013,122.22999999999998,3,5,4,3,30
403.49000000000024,2.68478,135.11999999999998,3,6,4,3,30
395.4820000000002,3.5572000000000017,98.43999999999998,3,4,4,3,29
396.4700000000002,2.9522000000000004,111.32999999999998,3,5,4,3,29
411.9370000000002,4.071500000000003,98.43999999999998,3,4,4,3,29
395.4820000000002,3.5572000000000017,98.43999999999998,3,4,4,3,29
377.4920000000002,3.4181000000000017,98.43999999999998,3,4,4,3,28
395.4820000000002,3.5572000000000017,98.43999999999998,3,4,4,3,29
378.4800000000002,2.8131000000000004,111.32999999999998,3,5,4,3,28
396.4700000000002,2.9522000000000013,111.32999999999998,3,5,4,3,29
378.4800000000002,2.8131000000000004,111.32999999999998,3,5,4,3,28
396.4700000000002,2.9522000000000013,111.32999999999998,3,5,4,3,29
396.4700000000002,2.9522000000000004,111.32999999999998,3,5,4,3,29
379.4680000000002,2.2081,124.21999999999998,3,6,4,3,28
375.94400000000013,4.340100000000004,26.79,0,2,4,1,26
483.6120000000002,4.630780000000004,89.35,2,5,3,3,36
467.61300000000017,5.5158800000000054,69.12,1,4,3,3,35
427.91100000000023,4.122200000000003,76.18,2,4,4,3,30
429.44600000000025,3.7470000000000017,76.18,2,4,4,3,31
411.45600000000024,3.6079000000000017,76.18,2,4,4,3,30
421.32800000000026,3.1446000000000014,82.17,2,4,3,2,28
366.29600000000016,3.597800000000002,81.06,2,5,3,2,24
398.36300000000017,4.0820000000000025,81.06,2,6,4,2,25
398.45800000000014,3.189000000000002,93.95,2,7,4,2,27
379.92100000000016,2.405800000000001,119.97,3,8,4,2,25
378.4840000000001,2.3974,99.85000000000001,2,7,3,3,28
522.6250000000003,3.508700000000003,83.92000000000002,0,8,6,2,38
496.58700000000044,2.9777000000000013,83.92000000000002,0,8,6,2,36
536.5830000000002,3.4357000000000024,113.25,2,7,8,3,39
373.28700000000003,3.310100000000002,88.65,0,6,5,2,26
430.46400000000017,3.2531000000000017,101.08000000000001,1,8,4,3,32
279.343,3.134800000000001,39.94,0,3,3,3,21
401.4700000000002,3.806400000000002,88.08000000000001,1,6,5,4,30
402.4580000000002,3.2014000000000005,100.97,1,7,5,4,30
352.2690000000001,3.350200000000001,81.06,2,5,2,2,23
384.33600000000024,3.8344000000000023,81.06,2,6,3,2,24
349.8910000000002,3.181000000000001,81.06,2,6,3,2,23
384.43100000000015,2.9414000000000007,93.95,2,7,3,2,26
377.27900000000017,3.644300000000002,83.72,2,5,2,3,25
540.4950000000002,5.319200000000006,66.62,0,5,5,3,37
524.4960000000003,6.080800000000006,52.57,0,5,5,3,36
440.3970000000002,2.0345000000000004,85.50999999999999,2,3,2,2,31
549.6790000000002,5.235400000000005,108.06,3,7,9,4,41
404.94600000000014,2.467200000000001,94.30000000000001,3,6,4,2,28
434.4960000000002,2.596700000000001,91.93,1,7,6,3,32
383.5360000000001,3.058480000000001,82.50999999999999,2,5,3,1,28
639.558,2.2243000000000004,152.27,4,8,9,3,42
458.5740000000004,4.406600000000004,59.08,0,4,8,1,33
421.48600000000016,2.10496,131.45999999999998,1,6,5,3,30
396.47600000000017,2.2332799999999997,107.67,1,5,5,3,28
608.667,7.554800000000007,32.78,0,3,4,2,43
643.6720000000001,7.401100000000008,43.86,0,3,5,3,46
678.1170000000001,8.054500000000008,43.86,0,3,5,3,47
415.4570000000002,3.151700000000001,109.23000000000002,3,6,5,4,31
429.48400000000026,3.7241000000000017,109.75,3,6,4,4,32
412.3560000000001,1.5904000000000003,110.07999999999998,1,6,5,3,30
369.32700000000006,2.4863800000000005,90.27000000000001,1,4,4,2,27
370.31500000000005,1.88138,103.16,1,5,4,2,27
429.3790000000002,2.571300000000001,96.02000000000001,1,5,5,2,31
437.4240000000002,1.9862000000000002,112.65,2,5,6,2,30
410.3230000000001,3.2161000000000017,75.71000000000001,1,4,6,2,29
422.40900000000016,2.0182,100.62,1,5,5,2,29
393.4650000000003,1.2503999999999997,126.63999999999999,2,5,5,1,27
427.89100000000013,1.6988000000000003,126.63999999999999,2,6,5,2,27
423.39700000000016,1.2621000000000002,126.63999999999999,2,5,5,2,29
421.4060000000002,0.8286000000000002,146.86999999999998,3,6,5,2,29
455.41400000000016,2.0027,126.63999999999999,2,5,5,2,31
471.4130000000002,1.8825,135.87,2,6,6,2,32
424.38500000000016,0.6571000000000001,139.53,2,6,5,2,29
300.7890000000001,3.957200000000003,47.61,1,3,2,2,21
326.403,3.7814000000000014,63.629999999999995,1,4,3,3,25
315.37600000000003,3.7192000000000007,60.5,1,4,2,3,24
284.388,2.8104000000000005,64.16,1,5,2,2,20
334.35400000000004,3.2533000000000003,73.39,1,5,2,3,25
316.36400000000003,3.1142000000000003,73.39,1,5,2,3,24
332.432,3.8275000000000015,64.16,1,5,2,3,24
350.5060000000001,4.1212000000000035,36.36,1,3,3,2,26
344.317,2.614700000000001,66.48,1,3,4,2,25
422.5070000000001,5.8476000000000035,56.5,3,2,3,5,32
412.5370000000002,5.086800000000003,65.73,3,3,3,4,31
478.67800000000034,3.5378000000000016,133.54999999999998,5,4,11,0,34
614.7110000000002,7.594000000000008,94.17000000000002,1,7,11,2,43
535.6440000000002,6.416900000000007,82.45,1,6,7,4,40
454.52300000000037,2.23262,96.38000000000002,1,7,4,1,33
454.52300000000037,2.2326200000000007,96.38,1,7,4,1,33
438.5240000000004,2.650220000000001,87.15,1,6,4,1,32
440.4960000000004,1.8441200000000002,96.38,1,7,4,1,32
367.514,5.424500000000005,21.700000000000003,0,4,6,2,26
399.51200000000006,4.106100000000003,55.84,0,5,6,2,28
461.5330000000002,5.442300000000006,62.16000000000001,2,5,7,3,34
262.305,1.3903999999999999,63.6,1,4,0,0,19
383.3580000000001,2.7581800000000003,113.39,2,6,4,2,28
264.332,2.753,63.629999999999995,1,4,2,2,20
344.3930000000001,3.9205000000000023,63.629999999999995,1,4,3,3,26
332.45100000000014,4.313400000000002,63.629999999999995,1,4,3,2,25
324.8150000000001,3.7965000000000027,63.629999999999995,1,4,3,2,23
500.6720000000003,4.968920000000005,68.43,0,7,6,3,36
442.47500000000014,4.564840000000005,114.59,3,6,5,3,33
341.41800000000006,3.370800000000001,76.52,1,5,4,3,26
401.5280000000001,3.8472000000000035,55.84,0,5,6,2,28
507.07800000000026,6.008500000000007,54.63,0,6,6,3,36
436.49300000000017,5.543100000000006,25.36,0,3,6,2,31
377.4440000000002,3.1861000000000015,93.36000000000001,1,4,4,2,28
419.6530000000002,6.631100000000008,23.47,1,2,8,2,31
366.9390000000001,4.737700000000004,41.129999999999995,2,3,2,2,23
321.85200000000003,3.456400000000002,26.79,0,2,4,1,22
321.85200000000015,3.313900000000002,26.79,0,2,4,1,22
322.4770000000001,4.990100000000004,16.130000000000003,0,3,4,3,23
306.40900000000005,4.521600000000004,29.270000000000003,0,3,4,3,23
322.4770000000001,4.990100000000004,16.130000000000003,0,3,4,3,23
347.37800000000004,2.9331000000000005,85.69,1,5,0,4,26
395.54700000000025,3.587500000000003,37.71000000000001,0,3,2,2,29
398.3730000000001,2.5423999999999998,88.93,1,6,0,4,29
380.3830000000001,2.4032999999999998,88.93,1,6,0,4,28
362.39300000000003,2.2641999999999998,88.93,1,6,0,4,27
396.31800000000015,4.040100000000003,47.36,0,4,6,2,26
361.8730000000001,3.386700000000002,47.36,0,4,6,2,25
379.8630000000001,3.525800000000002,47.36,0,4,6,2,26
363.40800000000013,3.0115000000000016,47.36,0,4,6,2,26
321.85200000000015,3.313900000000002,26.79,0,2,4,1,22
479.6490000000002,6.371800000000007,41.15,1,4,5,4,35
499.5480000000002,7.520900000000006,40.540000000000006,1,2,6,3,36
499.5480000000002,7.520900000000006,40.540000000000006,1,2,6,3,36
540.592,7.513900000000008,32.34,1,2,5,2,38
337.511,4.497900000000004,19.37,0,3,4,2,25
308.403,1.8938,75.27000000000001,2,4,4,1,21
349.3500000000001,2.2068000000000003,94.92000000000002,1,6,0,4,26
395.3560000000001,4.161100000000003,69.73,1,5,3,2,28
474.00900000000024,1.7995000000000008,103.61,2,7,5,2,33
495.5180000000002,3.523500000000002,109.66,1,6,4,5,37
500.5590000000002,4.190000000000003,96.77000000000001,1,6,4,5,36
536.4360000000001,4.115600000000003,96.77000000000001,1,5,4,4,38
312.8220000000001,2.4639000000000006,41.57000000000001,1,3,1,1,20
563.9350000000001,3.4461000000000013,112.80999999999999,2,4,5,1,35
278.35200000000003,1.5347999999999997,64.79,1,5,4,1,20
398.46300000000014,3.2943000000000024,92.75999999999999,0,6,8,2,29
460.0260000000003,2.272900000000001,86.54,2,7,6,2,32
379.4350000000002,3.360500000000001,68.45,1,4,4,3,28
365.4370000000002,1.9548999999999999,86.27000000000001,1,5,4,3,27
389.43400000000014,3.846700000000003,56.07000000000001,0,5,3,4,29
442.6250000000003,4.178300000000004,49.85,0,4,6,2,31
361.37300000000005,1.5439999999999998,75.00999999999999,1,5,2,2,26
400.41000000000014,1.85948,121.57999999999998,2,6,4,2,29
375.40000000000015,1.9656999999999998,97.78999999999999,2,5,3,2,27
428.46400000000017,2.51028,107.59,2,6,6,2,31
508.5500000000003,2.5532000000000004,107.73,2,8,5,3,37
508.5500000000003,2.5532000000000004,107.73,2,8,5,3,37
405.5420000000001,3.9234000000000036,45.67,0,4,3,2,30
528.0490000000001,4.6277000000000035,78.51,2,4,5,3,36
294.35800000000006,2.048,49.96,0,3,2,2,22
382.4790000000001,3.6547000000000027,32.78,0,3,4,2,28
389.49900000000014,3.3872800000000023,56.57,0,4,4,2,29
382.4790000000001,3.6547000000000027,32.78,0,3,4,2,28
330.4720000000001,2.719400000000001,32.78,0,3,4,1,24
302.41800000000006,1.9407999999999999,32.78,0,3,3,1,22
392.5430000000002,3.5537000000000027,32.78,0,3,6,2,29
410.5330000000002,3.6928000000000027,32.78,0,3,6,2,30
378.51600000000013,3.5112000000000023,32.78,0,3,5,2,28
364.4890000000001,3.5156000000000027,32.78,0,3,4,2,27
398.93400000000014,4.169000000000004,32.78,0,3,4,2,28
382.4790000000001,3.6547000000000027,32.78,0,3,4,2,28
433.4740000000001,3.929400000000003,45.67,0,4,4,2,31
433.4740000000001,3.929400000000003,45.67,0,4,4,2,31
383.4670000000001,3.0497000000000014,45.67,0,4,4,2,28
433.4740000000001,3.929400000000003,45.67,0,4,4,2,31
366.4650000000001,2.3056,58.56,0,5,4,2,27
433.4740000000001,3.929400000000003,45.67,0,4,4,2,31
383.4670000000001,3.0497000000000014,45.67,0,4,4,2,28
382.4790000000001,3.6547000000000027,32.78,0,3,4,2,28
365.4770000000001,2.9106000000000014,45.67,0,4,4,2,27
413.4810000000002,3.360480000000001,83.18,1,5,0,3,31
399.4780000000003,3.6144000000000016,77.84,2,3,11,0,28
363.4980000000002,3.369200000000002,77.84,2,3,11,0,26
309.45300000000003,4.292000000000004,20.310000000000002,0,2,7,2,23
522.6020000000003,3.8441000000000027,123.86000000000001,1,8,11,3,38
496.5830000000003,4.639000000000004,97.56,1,7,12,3,36
518.6580000000004,5.471200000000006,97.56,1,7,12,3,38
464.5660000000002,3.8316000000000026,108.3,2,6,11,3,34
477.6090000000002,4.282000000000004,100.21000000000001,2,6,12,3,35
478.59300000000025,4.5469000000000035,97.56,1,7,12,3,35
492.5760000000003,4.121400000000003,123.42000000000002,2,7,12,3,36
490.5640000000003,4.277000000000003,125.03,1,8,13,4,36
573.7820000000003,6.539320000000007,100.21000000000001,2,6,13,3,42
543.7560000000003,6.314520000000007,90.97999999999999,2,5,12,3,40
550.1470000000003,6.405520000000007,90.97999999999999,2,5,11,3,39
533.6920000000003,5.891220000000006,90.97999999999999,2,5,11,3,39
534.6760000000004,6.156120000000007,88.33,1,6,11,3,39
545.7280000000003,5.760720000000005,100.21000000000001,2,6,12,3,40
546.7120000000003,6.025620000000006,97.56,1,7,12,3,40
560.7140000000004,6.725100000000008,88.33,1,6,12,3,41
571.7660000000003,6.329700000000007,100.21000000000001,2,6,13,3,42
517.6740000000003,4.737000000000004,110.94999999999999,3,5,11,3,38
531.7010000000002,4.747400000000004,100.09,2,5,11,3,39
531.7010000000002,5.452300000000005,100.21000000000001,2,6,12,3,39
532.6850000000003,5.717200000000006,97.56,1,7,12,3,39
532.6890000000003,4.847300000000004,113.1,2,7,12,3,39
527.7130000000003,5.957500000000006,90.97999999999999,2,5,12,3,39
528.6970000000003,6.222400000000007,88.33,1,6,12,3,39
527.7130000000003,5.957500000000006,90.97999999999999,2,5,12,3,39
528.7010000000002,5.3525000000000045,103.87,2,6,12,3,39
531.7010000000004,4.747400000000004,100.09,2,5,11,3,39
531.7010000000004,4.747400000000004,100.09,2,5,11,3,39
568.7220000000003,6.098700000000006,117.00999999999999,2,7,12,4,42
567.7380000000003,5.629400000000006,108.80000000000001,2,6,12,4,42
515.7020000000003,5.752120000000006,90.97999999999999,2,5,11,3,38
541.7400000000004,6.321100000000007,90.97999999999999,2,5,12,3,40
529.7290000000004,6.006100000000006,90.97999999999999,2,5,12,3,39
570.7820000000004,6.043900000000006,94.22,2,6,12,3,42
531.7010000000004,5.4523000000000055,100.21000000000001,2,6,12,3,39
501.67500000000024,5.443700000000005,90.97999999999999,2,5,11,3,37
502.66300000000024,4.838700000000004,103.87,2,6,11,3,37
504.67900000000026,4.782200000000004,95.91,2,5,11,3,37
531.7010000000002,4.747400000000004,100.09,2,5,11,3,39
501.67500000000024,5.443700000000005,90.97999999999999,2,5,11,3,37
493.6520000000002,3.977400000000003,99.68,2,6,11,1,36
509.7200000000002,4.694000000000004,90.44999999999999,2,6,11,1,36
585.7930000000003,6.683420000000007,100.21000000000001,2,6,13,3,43
575.7540000000004,5.146100000000005,109.32000000000002,2,6,13,3,42
576.7380000000004,5.411000000000006,106.67000000000002,1,7,13,3,42
559.7550000000003,6.150820000000007,100.21000000000001,2,6,13,3,41
560.7390000000004,6.415720000000007,97.56,1,7,13,3,41
547.7000000000003,5.502300000000005,110.45,1,8,13,3,40
590.7650000000003,5.893900000000006,106.67000000000002,1,7,14,3,43
547.7000000000003,5.502300000000005,110.45,1,8,13,3,40
548.7320000000003,5.180900000000005,105.14000000000001,2,6,13,3,40
549.7160000000003,5.4458000000000055,102.49000000000001,1,7,13,3,40
546.7160000000002,5.2374000000000045,113.1,2,7,13,3,40
557.7390000000003,5.640900000000005,110.94999999999999,3,5,13,3,41
515.7020000000003,5.833800000000005,90.97999999999999,2,5,12,3,38
515.7020000000003,5.833800000000005,90.97999999999999,2,5,12,3,38
585.7930000000003,6.540920000000007,100.21000000000001,2,6,14,3,43
509.5570000000003,4.689320000000003,110.44,2,6,9,3,37
489.5820000000003,5.552400000000006,45.67,0,4,7,2,35
516.6080000000003,4.456400000000003,48.91000000000001,0,5,7,2,37
504.5970000000004,4.771400000000004,48.91000000000001,0,5,7,2,36
472.5520000000002,2.7811000000000012,69.14000000000001,1,6,7,1,33
456.55300000000017,3.6662000000000017,48.91000000000001,0,5,7,1,32
472.5520000000002,3.0467000000000013,58.140000000000015,0,6,9,1,33
486.57900000000024,3.4352000000000027,58.140000000000015,0,6,9,1,34
500.6060000000003,3.682800000000003,58.140000000000015,0,6,10,1,35
526.5220000000003,3.589100000000002,58.140000000000015,0,6,9,1,36
520.5960000000003,4.089200000000003,58.140000000000015,0,6,9,2,37
446.5170000000002,4.193800000000003,39.68000000000001,0,4,7,2,32
395.5220000000002,3.919100000000003,26.790000000000006,0,3,7,2,29
395.5220000000002,3.919100000000003,26.790000000000006,0,3,7,2,29
393.53100000000023,3.485600000000002,47.02000000000001,1,4,7,2,29
396.5100000000002,3.3141000000000016,39.68000000000001,0,4,7,2,29
434.6280000000003,3.711800000000002,30.03000000000001,0,4,7,2,32
518.6240000000004,4.989000000000004,48.91000000000001,0,5,7,2,37
490.57000000000033,4.210400000000003,48.91000000000001,0,5,7,2,35
421.5850000000003,3.7966000000000024,36.02000000000001,0,4,7,2,31
506.6380000000003,4.927000000000004,39.68000000000001,0,5,7,2,35
393.53100000000023,3.016400000000001,36.02000000000001,0,4,7,2,29
400.445,2.2978000000000005,57.7,1,5,5,1,28
296.41400000000004,3.330400000000001,32.34,1,2,4,2,22
336.47900000000004,4.136700000000004,23.550000000000004,0,2,6,2,25
481.03700000000026,2.7886000000000006,97.13000000000001,2,6,8,1,33
467.01000000000033,2.3985000000000003,97.13000000000001,2,6,7,1,32
370.3750000000001,2.4446700000000003,99.28,3,3,3,1,26
467.0100000000002,2.3985000000000003,97.13000000000001,2,6,7,1,32
452.68300000000033,5.786900000000006,32.78,0,3,6,1,33
450.4650000000002,2.884500000000002,83.48,1,7,5,2,32
495.64300000000026,4.060720000000003,70.47,1,4,7,2,36
452.5180000000003,4.667400000000004,114.93,1,7,5,3,34
434.60900000000015,4.174500000000004,48.470000000000006,1,5,6,3,31
434.60900000000015,4.174500000000004,48.470000000000006,1,5,6,3,31
452.98600000000005,3.631300000000002,67.23,1,4,8,3,32
478.0360000000002,4.635100000000004,63.13,2,3,7,3,34
632.2450000000002,7.725800000000009,71.11000000000001,1,5,11,3,45
513.9170000000001,2.3522,131.67000000000002,1,8,8,3,36
339.47900000000016,4.275500000000004,29.54,0,3,8,2,25
402.90300000000013,4.346220000000002,82.16,1,3,5,3,27
301.748,5.0157000000000025,22.0,0,1,3,3,21
483.0780000000003,3.199300000000002,80.06,2,6,7,1,32
333.479,5.235600000000004,41.57,1,2,7,3,25
384.54500000000013,4.0359000000000025,58.2,2,3,6,2,27
385.37900000000013,5.117400000000005,32.34,1,2,7,1,25
4186.636999999986,-20.60433000000032,1749.7499999999989,58,60,134,5,295
467.6290000000003,4.130200000000003,64.60000000000001,3,4,7,2,34
400.91,4.646500000000003,61.2,1,5,10,3,28
705.6470000000002,5.5773000000000055,104.70000000000002,0,9,11,5,49
783.8340000000002,8.882820000000008,106.56000000000002,2,7,21,3,54
362.4770000000001,4.552220000000003,80.89999999999999,2,4,7,3,27
362.4770000000001,4.552220000000003,80.89999999999999,2,4,7,3,27
362.4770000000001,4.552220000000003,80.89999999999999,2,4,7,3,27
378.4760000000001,3.7361000000000013,101.13,3,5,8,3,28
391.51500000000016,4.995200000000004,77.24,2,4,9,3,29
392.50300000000016,4.390200000000003,90.13,2,5,9,3,29
439.5810000000002,4.393400000000003,102.14999999999998,2,5,9,3,31
440.5690000000002,3.788400000000003,115.03999999999998,2,6,9,3,31
348.45000000000005,4.243800000000003,80.89999999999999,2,4,7,3,26
349.43800000000005,3.6388000000000016,93.78999999999999,2,5,7,3,26
348.45000000000005,4.243800000000003,80.89999999999999,2,4,7,3,26
349.43800000000005,3.6388000000000016,93.78999999999999,2,5,7,3,26
349.43800000000005,3.6388000000000016,93.78999999999999,2,5,7,3,26
351.45400000000006,3.582300000000002,85.82999999999998,2,4,7,3,26
296.374,3.0534800000000004,91.79999999999998,2,4,6,2,22
349.4340000000001,4.210700000000003,78.10000000000001,1,4,7,3,26
329.27100000000013,3.986100000000003,32.34,1,2,5,1,21
390.40900000000005,4.271480000000003,78.67,1,4,7,2,28
376.42600000000004,4.744880000000005,61.6,1,4,8,2,27
423.5230000000001,4.712200000000005,45.230000000000004,1,3,5,1,30
467.5510000000003,6.020200000000005,37.39,1,4,9,2,33
315.819,6.326600000000004,4.93,0,0,4,3,22
394.853,5.4108000000000045,44.870000000000005,0,3,8,3,27
478.53200000000015,3.4128000000000016,138.1,4,9,7,4,35
448.50600000000014,3.6679200000000014,117.87,3,8,6,4,33
474.54400000000015,4.236900000000003,117.87,3,8,7,4,35
464.50500000000017,2.8518,138.1,4,9,7,4,34
416.5870000000003,3.4296000000000024,69.64,2,4,9,2,29
412.9250000000002,3.1765000000000017,99.93,3,5,5,3,29
429.89800000000014,5.373600000000004,46.92,1,2,5,3,30
411.90800000000013,5.234500000000004,46.92,1,2,5,3,29
418.92800000000017,4.967080000000004,70.71000000000001,1,3,5,3,30
419.91600000000017,4.362080000000003,83.60000000000001,1,4,5,3,30
462.80800000000016,6.402200000000004,46.92,1,2,5,3,30
429.89800000000014,5.373600000000004,46.92,1,2,5,3,30
429.89800000000014,5.373600000000004,46.92,1,2,5,3,30
411.90800000000013,5.234500000000004,46.92,1,2,5,3,29
412.89600000000013,4.629500000000003,59.81,1,3,5,3,29
429.89800000000014,5.373600000000004,46.92,1,2,5,3,30
411.90800000000013,5.234500000000004,46.92,1,2,5,3,29
411.90800000000013,5.234500000000004,46.92,1,2,5,3,29
393.9180000000001,5.095400000000004,46.92,1,2,5,3,28
394.9060000000001,4.490400000000003,59.81,1,3,5,3,28
394.9060000000001,4.490400000000003,59.81,1,3,5,3,28
394.9060000000001,4.490400000000003,59.81,1,3,5,3,28
419.91600000000017,4.362080000000003,83.6,1,4,5,3,30
434.5270000000001,5.075200000000004,70.59,3,4,13,2,31
418.5280000000001,5.156940000000004,61.36,3,3,11,2,30
419.5160000000001,4.7787400000000035,73.39,4,4,11,2,30
420.50000000000006,4.745640000000003,70.59,3,4,11,2,30
463.0260000000002,2.872300000000001,103.53000000000002,3,7,7,2,32
331.81800000000004,5.430600000000003,25.16,1,1,4,3,23
488.5350000000002,5.069800000000003,71.25,1,5,6,4,34
474.50800000000015,4.7276000000000025,80.04,2,5,6,4,33
461.46500000000015,5.066200000000002,88.24000000000001,2,5,6,4,32
475.4920000000002,5.154600000000003,77.24000000000001,1,6,6,4,33
475.5360000000002,5.595400000000004,71.17,2,5,6,4,33
459.49300000000017,5.570600000000002,68.01,1,5,6,4,32
461.5090000000001,5.421300000000003,71.17,2,5,6,4,32
460.48100000000017,4.466900000000002,94.03,2,5,6,4,32
447.48200000000014,4.860300000000003,71.17,2,5,6,4,31
303.76400000000007,4.866400000000002,25.16,1,1,3,3,21
419.93100000000015,6.837000000000005,41.57,1,2,4,4,30
427.6140000000002,4.368800000000005,43.86000000000001,0,5,7,2,30
443.85900000000015,3.2696000000000005,104.37,3,4,4,2,29
373.42800000000017,2.6572200000000006,88.56,2,4,5,2,27
426.49200000000025,3.201800000000002,98.36000000000001,2,5,8,2,31
330.391,3.5043000000000015,73.39,1,5,3,3,25
232.23899999999995,0.7004,75.27000000000001,2,3,2,1,17
489.63800000000026,3.227400000000001,121.44,3,5,8,1,34
311.47299999999996,5.006120000000005,40.18,2,2,5,1,23
454.52300000000037,2.2342200000000005,96.38,1,7,5,1,33
511.78000000000026,6.403320000000007,63.050000000000004,1,5,9,2,36
282.434,3.027300000000001,32.34,1,3,2,1,18
496.61800000000017,4.348600000000004,57.7,1,5,6,1,35
451.00700000000035,3.481600000000003,62.239999999999995,1,6,7,1,31
837.058,2.2096000000000076,216.88999999999996,5,17,13,0,58
733.9370000000002,1.785600000000004,193.91,5,14,7,0,51
747.9640000000002,2.439700000000004,182.91,4,14,8,0,52
378.51600000000013,3.905700000000003,32.78,0,3,5,2,28
352.3940000000002,1.8713999999999995,91.85000000000001,1,7,2,2,26
353.2160000000001,2.1769,66.07000000000001,1,5,1,1,21
416.59400000000016,4.608400000000004,35.160000000000004,1,4,4,3,30
468.6010000000003,4.927700000000005,66.4,0,5,6,3,35
481.03700000000026,2.7886000000000006,97.13000000000001,2,6,8,1,33
509.6700000000003,4.450820000000004,70.47,1,4,8,2,37
448.63600000000014,4.564600000000004,48.470000000000006,1,5,7,3,32
448.63600000000014,4.564600000000004,48.470000000000006,1,5,7,3,32
467.0130000000001,4.021400000000003,67.23,1,4,9,3,33
527.9440000000002,2.742300000000001,131.67000000000002,1,8,9,3,37
226.276,1.1849999999999998,75.27000000000001,2,3,4,0,16
484.60400000000016,6.833720000000006,104.82,3,5,10,4,36
484.3850000000001,7.143100000000005,53.6,2,3,7,4,28
462.5330000000002,4.058020000000003,117.87,3,8,7,4,34
365.3040000000001,4.446500000000003,55.120000000000005,2,2,7,2,24
274.339,3.4120000000000017,44.89,2,2,4,2,20
286.202,4.098400000000003,29.1,1,2,4,1,18
266.7719999999999,3.0272000000000006,55.120000000000005,2,3,4,1,18
256.34899999999993,3.272900000000001,44.89,2,2,4,2,19
257.33699999999993,2.6679000000000004,57.78,2,3,4,2,19
476.6650000000002,5.066000000000004,71.69,1,5,6,2,35
492.64600000000036,0.9914000000000025,106.57999999999998,2,8,8,1,34
366.42100000000016,2.2615,91.85000000000001,1,7,3,2,27
281.319,2.7368000000000006,93.62,2,5,3,3,21
541.9710000000002,3.1324000000000014,131.67000000000002,1,8,10,3,38
341.45500000000004,2.6035000000000004,58.480000000000004,1,5,7,2,25
528.6190000000003,5.834200000000005,70.13,2,3,10,3,38
542.6460000000002,6.549500000000007,59.39,1,4,11,3,39
426.6080000000002,7.020700000000006,56.5,3,2,8,4,32
242.36599999999996,3.5892000000000017,27.82,2,1,4,2,18
428.5400000000001,4.777400000000004,87.13,1,5,7,3,32
310.50500000000005,5.154900000000004,3.88,0,0,8,1,23
369.509,3.383700000000002,58.480000000000004,1,5,9,2,27
282.4679999999999,6.1085000000000065,37.3,1,1,15,0,20
351.48700000000014,2.9577000000000018,78.79,3,4,13,1,25
477.6010000000004,7.636300000000008,68.98,0,5,11,3,35
422.7210000000004,8.275700000000008,3.88,0,0,16,1,31
407.57600000000014,5.675500000000006,58.59,0,4,20,0,27
430.7850000000004,9.4379,3.88,0,0,22,1,31
374.67700000000025,7.877500000000009,3.88,0,0,18,1,27
490.7360000000003,7.304600000000009,42.32000000000001,1,4,15,3,36
346.62300000000016,7.097300000000008,3.88,0,0,16,1,25
318.5690000000001,6.317100000000006,3.88,0,0,14,1,23
303.53400000000005,6.887600000000007,12.89,0,1,14,1,22
462.68200000000024,6.524400000000007,42.32000000000001,1,4,13,3,34
321.93600000000004,6.121100000000007,3.24,0,1,12,1,22
307.909,5.731000000000006,3.24,0,1,11,1,21
273.464,5.077600000000006,3.24,0,1,11,1,20
293.88200000000006,5.645500000000006,3.24,0,1,10,1,20
273.464,5.077600000000006,3.24,0,1,11,1,20
347.54600000000005,6.1142000000000065,3.24,0,1,10,2,26
299.502,5.2233200000000055,3.24,0,1,10,1,22
319.91999999999996,5.568300000000006,3.24,0,1,10,1,22
285.47499999999997,4.914900000000005,3.24,0,1,10,1,21
377.57200000000006,6.0883000000000065,12.47,0,2,12,2,28
335.919,5.152300000000006,12.47,0,2,11,1,23
321.89200000000005,5.014500000000005,12.47,0,2,10,1,22
285.475,4.833220000000005,3.24,0,1,9,1,21
305.89300000000003,5.178200000000006,3.24,0,1,9,1,21
271.448,4.524800000000004,3.24,0,1,9,1,20
271.448,4.638820000000004,3.24,0,1,8,1,20
291.866,4.983800000000005,3.24,0,1,8,1,20
384.58600000000007,4.164000000000003,69.64,2,4,14,1,26
323.952,6.3451000000000075,3.24,0,1,13,1,22
309.92499999999995,5.955000000000007,3.24,0,1,12,1,21
320.47700000000003,5.209800000000006,46.379999999999995,0,3,13,1,23
275.47999999999996,5.301600000000006,3.24,0,1,12,1,20
287.4470000000001,4.551700000000005,20.310000000000002,0,2,8,1,21
273.4640000000001,4.911500000000005,3.24,0,1,8,1,20
422.41300000000007,5.8658000000000055,45.15,2,3,9,2,29
422.41300000000007,5.8658000000000055,45.15,2,3,9,2,29
241.36,2.8269000000000006,72.03,2,5,7,1,16
336.971,6.265700000000007,0.0,0,0,12,1,23
320.928,5.518500000000006,0.0,0,0,9,1,22
338.98699999999997,6.489700000000008,0.0,0,0,13,1,23
318.3730000000001,3.441500000000002,96.23,2,4,8,2,23
290.515,5.5369000000000055,3.88,0,0,12,1,21
299.4140000000001,4.366000000000003,42.09,1,2,6,2,22
262.46099999999996,4.756700000000004,3.88,0,0,10,1,19
434.6280000000002,5.7442000000000055,42.32000000000001,1,4,11,3,32
524.6370000000002,5.841800000000004,114.53,4,5,14,3,38
394.35900000000004,5.085600000000005,45.15,2,3,7,2,27
394.35900000000004,5.085600000000005,45.15,2,3,7,2,27
690.8419999999999,4.021600000000004,152.69,2,8,13,2,50
292.423,2.4759,41.57,1,3,10,1,21
613.0760000000004,8.129100000000005,88.4,2,3,13,4,43
316.485,6.065700000000007,40.46,2,2,9,1,23
437.45200000000017,4.367900000000002,134.71,3,6,8,3,32
398.8980000000002,4.013500000000002,98.72,2,5,5,3,28
483.01200000000034,5.0453000000000054,68.62,1,6,8,3,34
453.59100000000035,2.970300000000001,103.35000000000002,2,8,10,3,33
346.49600000000004,3.382600000000002,49.410000000000004,1,3,6,2,24
279.85499999999996,4.9508000000000045,3.24,0,1,9,1,19
265.828,4.560700000000004,3.24,0,1,8,1,18
251.80100000000002,4.4752000000000045,3.24,0,1,7,1,17
273.80699999999996,3.816900000000003,3.24,0,1,5,1,19
257.42099999999994,4.053020000000004,3.24,0,1,7,1,19
277.83899999999994,4.398000000000004,3.24,0,1,7,1,19
335.49100000000004,4.918000000000005,12.47,0,2,9,2,25
293.83799999999997,3.9820000000000038,12.47,0,2,8,1,20
279.811,3.8442000000000034,12.47,0,2,7,1,19
243.39399999999998,3.6629200000000024,3.24,0,1,6,1,18
263.81199999999995,4.007900000000003,3.24,0,1,6,1,18
229.367,3.3545000000000025,3.24,0,1,6,1,17
281.8709999999999,5.174800000000006,3.24,0,1,10,1,19
528.9510000000001,9.151699999999998,23.47,1,2,10,3,35
500.43200000000013,8.644300000000001,23.47,1,2,10,3,33
489.46500000000026,4.449400000000003,78.87,2,5,13,2,31
441.57900000000024,4.206280000000004,65.16,0,4,10,3,33
332.469,2.9925000000000015,49.410000000000004,1,3,6,2,23
341.45500000000004,3.6387000000000027,39.52,0,4,5,2,25
288.43500000000006,3.8965400000000026,32.34,1,2,5,1,21
288.43500000000006,3.8965400000000026,32.34,1,2,5,1,21
288.43500000000006,3.8965400000000026,32.34,1,2,5,1,21
409.96100000000007,4.905200000000005,38.13,0,3,7,3,29
410.94900000000007,4.300200000000004,51.02,0,4,7,3,29
410.94900000000007,4.300200000000004,51.02,0,4,7,3,29
410.94900000000007,4.300200000000004,51.02,0,4,7,3,29
456.5530000000003,3.8103000000000025,48.91,0,5,8,1,32
384.90700000000004,4.556900000000004,49.410000000000004,1,2,7,2,27
356.44700000000006,3.3468000000000018,71.33,2,4,6,3,25
415.53800000000024,3.0851200000000008,113.6,3,7,12,2,30
424.5530000000003,2.8478200000000005,115.80000000000001,3,8,8,3,31
438.58000000000027,3.101800000000001,115.80000000000001,3,8,9,3,32
331.44500000000005,2.530800000000001,84.13999999999999,2,6,5,2,23
346.4600000000001,2.2342199999999997,97.02999999999999,2,7,5,2,24
409.5380000000003,3.144400000000001,102.91000000000001,3,7,8,3,30
409.5380000000003,3.3195000000000014,102.91000000000001,3,7,10,3,30
410.5260000000003,2.5394000000000005,115.80000000000001,3,8,8,3,30
189.262,2.7749000000000006,40.71,2,2,4,2,14
239.322,3.9281000000000024,40.71,2,2,4,3,18
676.815,3.6315000000000026,152.69,2,8,12,2,49
426.94400000000024,7.972000000000007,63.41000000000001,1,5,10,3,30
426.9440000000001,7.972000000000007,63.41,1,5,10,3,30
423.5570000000003,3.350800000000002,54.040000000000006,1,5,7,2,31
426.9440000000001,7.972000000000007,63.41,1,5,10,3,30
372.49,3.8678000000000026,71.19,2,3,9,3,26
278.39599999999996,2.0858,41.57,1,3,9,1,20
324.40200000000004,1.6506999999999998,86.71000000000001,2,4,6,1,22
450.60500000000025,1.431680000000002,94.90000000000002,1,7,12,1,31
267.354,2.1151,63.99,1,3,5,2,18
292.358,2.7042,84.06,3,5,7,2,21
389.52500000000015,2.671900000000001,104.37,3,7,8,2,27
404.5400000000002,2.3753200000000003,117.26,3,8,8,2,28
288.395,2.873520000000001,84.06,3,5,7,2,21
292.358,2.7042,84.06,3,5,7,2,21
304.394,2.5737000000000005,93.29,3,6,8,2,22
288.39500000000004,2.873520000000001,84.06,3,5,7,2,21
292.358,2.7042,84.06,3,5,7,2,21
304.39400000000006,2.5737000000000005,93.29,3,6,8,2,22
288.39500000000004,2.873520000000001,84.06,3,5,7,2,21
292.358,2.7042,84.06,3,5,7,2,21
274.368,2.5651,84.06,3,5,7,2,20
455.5650000000001,4.619100000000004,61.440000000000005,2,3,9,1,32
555.7640000000001,4.607940000000004,88.10000000000001,0,7,7,1,40
600.8480000000006,6.604200000000008,69.14,1,6,15,3,44
432.6300000000002,4.633900000000005,59.5,0,5,10,2,30
461.6720000000002,4.482300000000004,62.74,0,5,12,2,32
461.6720000000002,4.5286000000000035,71.53,1,5,12,2,32
501.73700000000036,5.452900000000005,71.53,1,5,12,2,35
475.69900000000024,4.776200000000004,71.53,1,5,13,2,33
447.6450000000002,4.140100000000003,71.53,1,5,12,2,31
461.67200000000025,4.530200000000003,71.53,1,5,13,2,32
433.61800000000017,3.7500000000000018,71.53,1,5,11,2,30
460.6840000000002,5.414100000000006,59.5,0,5,10,2,32
461.6720000000002,4.530200000000003,71.53,1,5,13,2,32
433.6180000000002,3.7500000000000027,71.53,1,5,11,2,30
446.6570000000002,5.024000000000005,59.5,0,5,9,2,31
432.63000000000017,4.633900000000004,59.5,0,5,10,2,30
418.6030000000002,4.245400000000004,59.5,0,5,10,2,29
432.6300000000002,4.635500000000005,59.5,0,5,11,2,30
461.6720000000002,4.5286000000000035,71.53,1,5,10,2,32
419.59100000000024,3.3599000000000023,71.53,1,5,10,2,29
404.5760000000002,3.8553000000000033,59.5,0,5,9,2,28
447.6450000000002,4.138500000000003,71.53,1,5,9,2,31
370.5180000000001,3.6909000000000027,58.2,2,3,7,2,26
438.5970000000002,4.153900000000004,78.09,2,4,8,3,31
532.1280000000002,8.438300000000007,39.519999999999996,0,4,14,4,38
288.34700000000004,2.5977200000000007,64.35,1,4,5,2,21
530.6250000000002,4.873500000000004,120.07999999999998,1,7,11,4,39
571.7470000000003,5.733600000000006,97.01999999999998,1,6,10,4,41
350.25300000000004,4.161500000000004,48.53,0,3,6,3,23
315.808,3.5081000000000024,48.53,0,3,6,3,22
349.36,3.9314000000000027,48.53,0,3,7,3,25
333.798,3.6472000000000024,48.53,0,3,6,3,23
384.87100000000015,3.623400000000002,98.72,2,5,4,3,27
556.7690000000005,7.0490000000000075,88.85,1,6,18,3,39
645.3190000000002,6.936200000000007,42.68,0,4,11,3,31
637.2930000000002,10.164079999999995,54.08,0,5,12,5,45
296.41400000000004,3.4440000000000017,32.34,1,2,4,2,22
301.2170000000001,3.2075000000000022,32.34,1,2,4,1,19
274.40799999999996,3.0241000000000007,32.34,1,2,5,1,20
278.421,2.6226000000000003,32.34,1,3,5,1,19
215.34,3.0784200000000013,3.24,0,1,4,1,16
354.5420000000002,4.722800000000005,32.260000000000005,0,4,11,2,26
382.59600000000023,5.503000000000006,32.260000000000005,0,4,13,2,28
414.5940000000002,3.4462000000000024,72.72000000000001,2,6,14,2,30
377.4600000000002,2.765700000000002,69.81,1,5,7,2,27
569.613,4.037700000000002,137.52,4,9,15,4,41
520.6340000000004,2.2816,130.92,4,9,11,4,38
377.48800000000006,4.141200000000002,68.36,3,3,9,3,28
475.43800000000016,4.059300000000003,78.87,2,5,12,2,30
360.397,4.703780000000004,44.1,0,2,6,3,26
413.47900000000004,4.235600000000004,54.45,0,3,7,3,28
336.375,4.227100000000003,33.2,0,2,6,3,24
326.336,3.8201000000000027,46.34,0,3,6,3,23
337.36300000000006,3.6221000000000023,46.09,0,3,6,3,24
428.5770000000003,3.4304000000000014,65.98,0,5,5,1,31
282.38700000000006,4.1491200000000035,29.270000000000003,0,3,4,2,21
442.5260000000003,3.420200000000002,48.91,0,5,7,1,31
221.29999999999998,2.1755000000000004,32.7,1,3,3,1,16
510.54500000000024,3.045600000000001,113.25,2,7,8,3,37
352.86900000000014,5.226800000000004,40.19,2,4,4,3,25
314.4980000000001,4.271100000000003,19.03,1,2,4,2,22
370.8800000000001,4.540200000000003,58.2,2,2,6,2,26
370.8800000000001,4.166800000000003,49.410000000000004,1,2,6,2,26
481.04000000000013,4.411500000000004,67.23,1,4,10,3,34
390.52700000000016,4.426900000000003,50.36,2,3,10,3,29
516.5240000000002,5.015500000000005,103.64000000000001,2,6,7,3,37
357.4500000000001,2.947000000000001,78.78999999999999,3,5,11,2,26
341.4510000000001,3.2414000000000023,58.559999999999995,2,4,11,2,25
394.49,4.3087000000000035,43.260000000000005,1,3,10,3,29
395.478,3.703700000000002,56.150000000000006,1,4,10,3,29
724.3180000000001,7.396820000000009,87.54,1,5,10,4,50
386.56100000000015,4.068700000000003,49.410000000000004,1,3,8,2,27
358.4860000000001,3.384120000000002,63.42,1,6,8,2,26
487.00800000000027,2.715100000000001,138.10000000000002,4,9,6,3,34
497.0360000000003,3.0085000000000006,106.36000000000001,2,7,8,1,34
274.191,3.680500000000003,21.259999999999998,1,2,5,1,17
255.361,3.526900000000002,21.259999999999998,1,2,5,2,19
486.5790000000003,3.4368000000000016,58.14,0,6,10,1,34
452.55900000000014,2.430600000000001,85.61,0,8,9,3,33
468.5580000000002,1.4030000000000005,105.84,1,9,10,3,34
482.58500000000026,1.7915000000000008,105.84,1,9,10,3,35
496.61200000000025,2.1800000000000006,105.84,1,9,10,3,36
424.5050000000001,1.6983000000000008,94.4,1,8,8,3,31
442.52000000000015,1.2825000000000006,123.42,3,9,13,3,32
470.5770000000001,6.227420000000005,104.82,3,5,9,4,35
446.54700000000014,6.745520000000005,87.66,3,3,9,3,33
633.5830000000002,7.520900000000009,77.19,1,7,12,5,42
655.5900000000001,5.581900000000005,108.29,1,10,14,4,43
655.5899999999999,5.5819000000000045,108.29000000000002,1,10,14,4,43
608.577,6.478120000000008,76.94000000000001,1,7,12,4,40
425.5770000000003,3.405000000000002,62.63,1,4,8,2,31
542.6840000000004,4.632420000000003,87.3,0,7,9,4,40
324.46800000000013,3.6644000000000014,24.5,1,3,7,2,24
451.43000000000023,5.086320000000004,55.56,1,4,6,2,27
384.4650000000001,2.0907799999999996,107.67,1,5,6,3,27
479.54000000000025,3.0001000000000015,69.72,1,4,7,1,32
453.6520000000003,3.5514000000000028,52.650000000000006,1,4,8,2,32
481.6620000000003,3.4681000000000024,69.72,1,4,8,2,34
473.6390000000004,3.248300000000002,71.85000000000001,0,5,5,2,33
487.66600000000045,3.6384000000000025,71.85000000000001,0,5,5,2,34
292.36000000000007,2.4488000000000003,64.35,1,5,5,2,20
419.59100000000024,4.337300000000003,82.53,2,5,8,1,29
345.4240000000001,2.7547000000000006,84.08000000000001,2,5,5,2,24
390.42100000000016,2.6629000000000005,127.22,2,7,6,2,27
453.59100000000035,3.334500000000001,112.14000000000001,3,8,10,3,33
473.5740000000003,2.3627200000000004,150.9,4,8,13,2,34
513.5610000000003,3.3785200000000017,133.83,4,8,14,2,36
495.57100000000025,3.0813200000000007,133.83,4,8,15,2,35
459.5910000000003,2.836120000000001,133.83,4,8,14,2,33
473.61800000000034,3.2262200000000014,133.83,4,8,15,2,34
509.5980000000003,3.471420000000002,133.83,4,8,16,2,36
515.6550000000004,3.2475200000000015,143.05999999999997,4,9,15,2,37
515.6550000000004,3.2475200000000015,143.05999999999997,4,9,15,2,37
278.331,2.3141,84.06,3,5,6,2,20
375.4980000000001,2.2817999999999996,104.37,3,7,7,2,26
390.51300000000015,1.9852199999999998,117.26,3,8,7,2,27
520.6780000000005,4.312700000000003,119.48000000000002,4,8,15,4,38
539.6840000000002,4.871400000000004,123.14000000000001,4,8,13,5,40
518.6620000000004,4.065100000000003,119.48000000000002,4,8,12,4,38
534.6610000000003,3.0359000000000016,139.71,5,9,12,4,39
534.6610000000003,3.0359000000000016,139.71,5,9,12,4,39
518.6620000000004,4.065100000000003,119.48000000000002,4,8,12,4,38
274.368,2.4834200000000006,84.06,3,5,6,2,20
278.331,2.3141,84.06,3,5,6,2,20
290.367,2.1836,93.29,3,6,7,2,21
274.368,2.4834200000000006,84.06,3,5,6,2,20
278.331,2.3141,84.06,3,5,6,2,20
274.36800000000005,2.4834200000000006,84.06,3,5,6,2,20
278.331,2.3141,84.06,3,5,6,2,20
260.341,2.175,84.06,3,5,6,2,19
504.63900000000035,3.236600000000001,136.03,4,9,11,4,37
453.5910000000003,2.6884000000000006,123.14,4,8,11,3,33
471.5810000000003,2.8275000000000006,123.14,4,8,11,3,34
519.5970000000003,3.2898000000000014,132.37,4,9,13,3,37
483.61700000000036,2.697000000000001,132.37,4,9,12,3,35
454.5790000000003,2.0833999999999997,136.03,4,9,11,3,33
484.60500000000036,2.091999999999999,145.26,4,10,12,3,35
534.7090000000004,4.101100000000002,127.24,3,9,11,3,39
576.7460000000004,3.8717000000000024,136.47,3,10,11,3,42
492.6280000000004,2.9803000000000006,136.03,4,9,10,3,36
550.7080000000004,3.181800000000001,136.47,3,10,11,3,40
466.5900000000003,2.2904,136.03,4,9,10,3,34
536.7250000000004,4.1914000000000025,127.24,3,9,11,3,39
494.6440000000004,3.0705999999999998,136.03,4,9,10,3,36
496.66000000000037,3.411200000000001,127.24,3,9,11,3,36
468.60600000000034,2.6326,127.24,3,9,10,3,34
551.7400000000004,3.0970000000000013,130.48,3,10,11,3,40
537.7130000000004,2.7548000000000004,139.26999999999998,4,10,11,3,39
538.6970000000005,3.181800000000001,136.47,3,10,11,3,39
493.6160000000004,2.5263799999999996,151.02999999999997,3,10,11,3,36
498.6320000000004,1.995099999999999,147.46999999999997,4,10,12,3,36
454.5790000000003,2.2904,136.03,4,9,10,3,33
484.60500000000036,2.091999999999999,145.26,4,10,12,3,35
500.6470000000004,4.691100000000004,124.24000000000001,4,7,9,4,37
584.7650000000004,5.501000000000006,119.48000000000002,4,8,11,4,43
519.6500000000004,3.4601000000000024,132.37,4,9,11,4,38
505.6230000000004,3.070000000000002,132.37,4,9,11,4,37
520.6340000000004,2.6458000000000004,139.71,5,9,11,4,38
504.6350000000004,3.6750000000000025,119.48000000000002,4,8,11,4,37
505.6230000000004,3.070000000000002,132.37,4,9,11,4,37
518.6620000000004,4.063500000000003,119.48000000000002,4,8,12,4,38
469.5900000000003,2.3068999999999997,132.37,4,9,11,3,34
553.6700000000001,4.855100000000004,93.78,3,4,9,1,39
491.6020000000001,5.339000000000006,61.36,1,5,7,2,35
441.53800000000007,4.229000000000002,61.440000000000005,2,3,8,1,31
1205.5949999999993,1.3254999999999941,321.89,6,13,18,0,85
402.4480000000001,4.693780000000004,61.07,1,4,5,3,30
386.4560000000001,3.2413200000000018,76.80000000000001,0,6,4,3,27
458.55300000000017,3.6204000000000027,69.56,1,5,5,2,33
538.6970000000005,3.181800000000001,136.47,3,10,11,3,39
520.6340000000004,2.6458000000000004,139.71,5,9,11,4,38
329.4480000000001,1.9463,63.050000000000004,1,5,5,2,24
352.50000000000006,2.16868,79.55000000000001,1,5,12,1,24
476.4510000000001,4.784400000000004,92.87,1,5,9,3,34
362.355,3.688380000000003,69.88,0,4,4,2,26
419.451,3.620180000000003,73.12,0,5,7,2,30
438.45300000000003,5.258780000000004,69.88,0,4,6,3,32
495.54900000000004,5.190580000000006,73.12,0,5,9,3,36
366.799,4.528800000000003,55.73,1,3,7,3,25
334.34499999999997,4.350700000000003,46.5,1,2,6,3,24
369.47300000000007,2.3484,131.83999999999997,4,7,7,2,27
287.76500000000004,5.375500000000003,4.93,0,0,3,3,20
488.6140000000004,2.07042,112.9,1,7,8,3,34
345.4070000000001,1.0458000000000003,141.07,4,8,9,2,25
399.49900000000014,2.3569999999999993,141.07,4,8,8,2,29
526.7100000000002,6.015420000000006,72.87,0,7,8,5,38
420.5170000000001,1.9524,94.22,2,6,6,3,31
454.9620000000001,2.6058000000000003,94.22,2,6,6,3,32
438.5070000000001,2.0915,94.22,2,6,6,3,32
391.51500000000027,4.202900000000004,47.36000000000001,0,4,8,3,29
413.5220000000003,2.43072,84.59,0,7,6,2,30
530.5800000000003,4.053400000000003,92.93,0,8,6,4,37
508.57400000000035,3.5170400000000024,92.93,0,8,6,3,35
336.226,3.7714000000000034,48.53,0,3,5,3,22
301.781,3.118000000000001,48.53,0,3,5,3,21
335.33299999999997,3.5413000000000023,48.53,0,3,6,3,24
319.771,3.257100000000002,48.53,0,3,5,3,22
302.769,2.513,61.42,0,4,5,3,21
302.769,2.513,61.42,0,4,5,3,21
370.8440000000001,3.2333000000000016,98.72,2,5,3,3,26
474.5870000000004,1.6109,113.41999999999999,1,7,7,3,33
405.54200000000003,4.728300000000004,47.36,0,4,8,3,30
486.70400000000035,5.774660000000006,31.720000000000006,0,3,9,3,36
513.5130000000003,6.122420000000007,40.510000000000005,1,3,9,3,35
514.5010000000003,5.517420000000006,53.400000000000006,1,4,9,3,35
486.4540000000002,3.1300000000000017,99.72999999999999,1,5,6,4,35
447.131,3.2891000000000012,76.23,1,5,4,2,23
435.12,3.640200000000002,99.01,2,5,7,2,22
383.51700000000017,3.265600000000002,77.97999999999999,1,4,5,2,27
484.51600000000025,3.917300000000002,124.04,2,5,7,5,36
610.8030000000003,4.8954800000000045,101.63999999999999,2,6,10,3,45
517.7140000000004,5.129300000000005,61.88,1,4,11,2,38
604.839,2.6541000000000023,98.31,0,7,11,2,41
620.8350000000002,5.038200000000005,64.17,0,6,11,3,44
602.8450000000001,4.899100000000005,64.17,0,6,11,3,43
631.9050000000001,4.407840000000004,95.07,0,6,11,2,43
672.741,5.097800000000006,95.07,0,6,11,2,43
656.2860000000001,4.583500000000004,95.07,0,6,11,2,43
639.831,4.069200000000003,95.07,0,6,11,2,43
640.8190000000001,2.9323000000000015,98.31,0,7,11,2,43
671.848,4.8098000000000045,95.07,0,6,11,2,45
638.296,4.444400000000004,95.07,0,6,11,2,42
621.841,3.930100000000003,95.07,0,6,11,2,42
633.8770000000001,3.7996000000000034,104.29999999999998,0,7,12,2,43
657.8210000000001,4.6810000000000045,95.07,0,6,11,2,44
603.8510000000001,3.791000000000003,95.07,0,6,11,2,41
658.8090000000002,3.544100000000003,98.31,0,7,11,2,44
672.8360000000001,3.5866000000000025,98.31,0,7,12,2,45
632.7950000000003,4.8494000000000055,91.83000000000001,0,6,11,3,43
482.56800000000027,4.164500000000004,57.690000000000005,0,4,7,2,33
575.7290000000004,5.533600000000006,78.87,0,6,7,2,42
497.6590000000005,5.226800000000005,61.80000000000001,0,6,7,2,36
495.64300000000054,4.980800000000005,61.80000000000001,0,6,8,2,36
523.6970000000006,5.761000000000006,61.80000000000001,0,6,8,2,38
630.831,4.678800000000004,107.97,1,8,11,2,44
542.6590000000004,5.252580000000005,85.59,0,7,8,3,40
495.64300000000054,4.980800000000005,61.80000000000001,0,6,8,2,36
496.63100000000054,4.375800000000004,74.69,0,7,8,2,36
528.6980000000004,4.471300000000004,74.69,0,8,9,2,37
287.19,2.817400000000001,32.34,1,2,3,1,18
310.3970000000001,3.302900000000001,41.57,1,3,5,2,23
373.43800000000005,2.663500000000001,89.35,1,6,5,3,26
301.39,3.307900000000002,45.67,0,4,4,2,22
499.63000000000017,5.973900000000006,52.650000000000006,1,3,7,3,37
492.66400000000044,3.8705000000000034,65.12,1,5,11,2,36
531.7260000000005,4.799120000000005,68.78,1,6,9,3,38
525.6970000000005,4.819300000000005,68.78,1,5,9,3,39
507.6600000000003,4.320500000000004,78.01,1,7,8,3,36
429.5680000000002,3.4757000000000025,52.57000000000001,0,5,7,3,32
429.5680000000002,3.4757000000000025,52.57000000000001,0,5,7,3,32
435.5970000000002,3.537200000000003,52.57000000000001,0,6,7,3,31
262.33099999999996,-1.1514999999999995,85.52000000000001,3,7,2,0,17
518.7100000000004,3.5052400000000024,84.11000000000001,1,6,7,3,38
342.51200000000006,3.889870000000002,42.36,2,4,6,2,24
439.4970000000002,4.875800000000004,28.6,0,4,7,2,31
313.78800000000007,3.4952000000000023,38.13,0,3,3,3,22
314.77600000000007,2.890200000000001,51.02,0,4,3,3,22
437.5840000000004,3.4505000000000017,63.57000000000001,1,3,6,2,32
454.5490000000001,2.9744200000000003,102.84000000000002,2,7,8,2,30
752.803,5.049800000000005,184.70000000000002,0,15,19,3,53
532.651,5.205200000000005,48.790000000000006,0,3,8,2,38
422.5480000000001,4.271500000000003,41.370000000000005,0,3,7,3,31
428.5360000000002,4.508300000000003,68.44,2,2,4,3,32
380.49200000000013,3.0992000000000015,71.69,1,5,4,2,28
246.35399999999998,1.7713999999999999,46.33,1,2,5,1,18
382.52900000000005,4.176400000000003,41.57000000000001,1,4,4,2,27
529.6560000000003,6.583900000000007,61.88000000000001,1,4,8,3,39
513.6570000000003,6.364000000000006,52.650000000000006,1,3,8,3,38
474.59500000000014,6.544700000000007,23.550000000000004,0,2,7,3,35
529.6560000000003,6.583900000000007,61.88000000000001,1,4,8,3,39
513.6570000000003,6.364000000000007,52.650000000000006,1,3,8,3,38
529.6560000000003,6.583900000000007,61.88000000000001,1,4,8,3,39
457.59300000000013,5.8006000000000055,36.440000000000005,0,3,7,3,34
457.59300000000013,5.8006000000000055,36.440000000000005,0,3,7,3,34
446.6200000000001,5.118000000000005,49.330000000000005,0,5,7,3,32
366.48,4.493000000000004,32.34,1,2,5,2,27
349.478,3.7489000000000026,45.230000000000004,1,3,5,2,26
376.5000000000001,4.114900000000003,41.57000000000001,1,3,4,2,28
390.52700000000016,4.5050000000000034,41.57000000000001,1,3,4,2,29
418.53700000000015,4.373800000000004,49.85000000000001,0,3,4,2,31
390.52700000000016,4.457100000000004,32.78,0,3,4,2,29
362.47300000000007,3.7248000000000028,41.57000000000001,1,3,4,2,27
392.49900000000014,3.8205000000000027,61.80000000000001,2,4,4,2,29
392.49900000000014,3.8205000000000027,61.80000000000001,2,4,4,2,29
392.49900000000014,3.8205000000000027,61.80000000000001,2,4,4,2,29
392.49900000000014,3.8205000000000027,61.80000000000001,2,4,4,2,29
390.52700000000016,4.423320000000004,41.57000000000001,1,3,4,2,29
394.4900000000001,4.254000000000003,41.57000000000001,1,3,4,2,29
392.49900000000014,3.8205000000000027,61.80000000000001,2,4,4,2,29
376.5000000000001,4.114900000000003,41.57000000000001,1,3,4,2,28
390.52700000000016,4.423320000000004,41.57000000000001,1,3,4,2,29
394.4900000000001,4.254000000000003,41.57000000000001,1,3,4,2,29
392.49900000000014,3.820500000000003,61.80000000000001,2,4,4,2,29
377.4880000000001,3.509900000000002,54.46000000000001,1,4,4,2,28
377.4880000000001,3.509900000000002,54.46000000000001,1,4,4,2,28
366.4610000000001,3.707900000000002,54.71000000000001,1,4,4,2,27
382.5290000000001,4.176400000000003,41.57000000000001,1,4,4,2,27
378.5160000000001,4.205200000000003,41.57000000000001,1,3,4,2,28
378.5160000000001,4.205200000000003,41.57000000000001,1,3,4,2,28
492.66400000000044,3.8705000000000034,65.12,1,5,11,2,36
542.6990000000003,5.563400000000006,55.89000000000001,1,4,10,3,40
525.6970000000005,4.819300000000005,68.78,1,5,10,3,39
515.6580000000004,4.649100000000004,78.01,1,6,9,3,38
521.6870000000004,4.710600000000004,78.01,1,7,9,3,37
378.5160000000001,4.205200000000003,41.57000000000001,1,3,4,2,28
376.5000000000001,4.114900000000003,41.57000000000001,1,3,4,2,28
376.50000000000017,4.114900000000003,41.57000000000001,1,3,4,2,28
378.4760000000001,2.9049000000000014,67.35000000000001,1,5,4,2,28
345.262,2.8142000000000014,41.57000000000001,1,3,4,1,19
410.3930000000001,5.317900000000004,53.08,2,5,11,2,27
347.46200000000005,3.795600000000003,49.25,1,4,7,3,26
476.62500000000034,4.828400000000005,87.39,1,6,7,3,35
357.4940000000002,3.342900000000002,49.769999999999996,1,4,7,1,26
612.5590000000001,6.343400000000006,61.440000000000005,2,3,10,3,40
234.343,2.5837400000000006,32.34,1,2,5,1,17
319.88000000000005,4.810600000000004,28.16,1,3,8,2,22
425.50800000000015,4.661900000000004,83.29,2,6,11,3,31
425.6460000000002,6.020920000000006,53.08,2,6,9,3,30
411.48100000000017,4.2718000000000025,83.29,2,6,10,3,30
618.2090000000002,5.997800000000006,54.040000000000006,1,5,14,2,43
405.54200000000014,4.194500000000003,37.71,0,4,10,3,30
295.814,2.923800000000001,26.79,0,2,6,1,20
398.48200000000014,3.3349400000000013,77.23,3,3,7,2,29
235.33100000000002,1.3403999999999996,58.36,2,3,6,1,17
277.368,1.7165999999999995,61.440000000000005,2,3,7,1,20
388.4710000000001,3.0725000000000007,66.71000000000001,1,4,6,4,29
420.54200000000014,3.591400000000002,75.42,1,6,8,4,30
391.5150000000001,4.170200000000003,46.5,1,4,10,3,29
411.61900000000014,5.630820000000005,53.08,2,6,8,3,29
309.4940000000001,4.402200000000004,29.54,0,3,7,0,22
265.441,3.727300000000003,12.47,0,2,8,0,19
450.3950000000002,5.245880000000004,77.83,1,6,8,3,29
507.44700000000023,4.362080000000002,106.92999999999998,2,7,10,3,33
392.4990000000001,4.137100000000004,43.7,0,4,10,3,29
405.96900000000005,6.562600000000006,12.47,0,2,9,3,29
440.96000000000015,4.464160000000003,101.61999999999999,1,7,8,3,30
450.3950000000001,5.245880000000004,77.83,1,6,8,3,29
436.5560000000001,4.7816000000000045,56.489999999999995,0,4,7,4,31
572.5780000000002,6.652200000000007,94.44000000000001,3,5,9,4,41
449.58000000000015,4.424700000000004,88.75,2,6,8,4,32
355.8690000000001,5.179200000000004,48.39,2,4,6,3,25
452.5550000000001,4.447700000000004,67.57000000000001,0,5,7,4,32
355.8690000000001,5.179200000000004,48.39,2,4,6,3,25
425.6610000000004,4.500300000000005,26.79,0,3,8,1,31
429.6740000000003,3.8156000000000025,26.79,0,4,8,1,30
454.0580000000003,4.426000000000004,26.79,0,3,8,2,32
437.60300000000024,3.9117000000000033,26.79,0,3,8,2,32
487.61000000000024,4.791400000000005,26.79,0,3,8,2,35
418.0060000000002,5.686600000000006,30.29,0,4,7,3,28
401.55100000000016,5.172300000000005,30.29,0,4,7,3,28
437.5250000000002,3.1472000000000016,97.19,1,5,6,4,31
742.9250000000003,7.288400000000006,139.55,3,7,12,5,55
505.64800000000025,3.160800000000002,98.89,2,8,9,4,36
519.6750000000003,3.8149000000000024,87.89,1,8,10,4,37
434.56900000000013,3.9799000000000024,75.42,1,6,8,4,31
453.5240000000002,5.265900000000006,28.6,0,4,8,2,32
419.49100000000004,4.171000000000003,44.370000000000005,2,3,7,2,30
481.63700000000034,5.132000000000005,71.11000000000001,1,5,9,2,35
333.482,3.7211000000000016,44.37,2,4,5,2,22
638.7880000000001,6.262800000000007,95.64,2,7,13,5,47
465.63800000000043,4.230700000000004,63.57000000000001,1,3,8,2,34
469.62600000000043,3.060600000000001,83.80000000000003,2,4,9,2,34
377.4600000000002,2.765700000000002,69.81,1,5,7,2,27
427.54200000000026,2.5689000000000015,86.88000000000001,1,6,9,2,29
413.51500000000027,2.180400000000001,86.88000000000001,1,6,9,2,28
409.55200000000025,2.4298000000000006,86.88000000000001,1,6,9,2,28
428.53000000000026,1.5114999999999998,90.12,1,7,9,2,29
380.4640000000002,0.6439000000000012,91.06,3,6,7,1,27
422.50100000000026,0.8213,94.14000000000001,3,6,8,1,30
395.47500000000025,1.3315999999999995,74.27000000000001,2,6,8,1,28
361.46100000000024,2.717300000000001,59.57000000000001,2,3,7,2,26
361.4610000000002,2.7157000000000013,59.57000000000001,2,3,6,2,26
397.51600000000025,2.1304000000000003,76.64,2,4,8,2,27
343.4710000000002,2.5766000000000004,59.57000000000001,2,3,6,2,25
343.47100000000023,2.578200000000001,59.57000000000001,2,3,7,2,25
343.4710000000002,2.5766000000000004,59.57000000000001,2,3,6,2,25
343.4710000000002,2.5766000000000004,59.57000000000001,2,3,6,2,25
379.52600000000024,1.9913000000000003,76.64,2,4,8,2,26
362.4490000000002,2.1107,72.46,2,4,6,2,26
377.46000000000015,2.6840200000000007,69.81,1,5,6,2,27
413.5150000000002,2.0987200000000006,86.88000000000001,1,6,8,2,28
391.48700000000025,3.0133000000000014,69.81,1,5,7,2,28
377.4600000000002,2.765700000000001,69.81,1,5,6,2,27
377.4600000000002,2.623200000000001,69.81,1,5,7,2,27
363.43300000000016,2.375600000000001,69.81,1,5,6,2,26
399.4130000000002,2.622400000000001,69.81,1,5,7,2,28
391.4870000000002,3.011700000000001,69.81,1,5,7,2,28
417.40300000000013,2.9180000000000015,69.81,1,5,6,2,29
435.4960000000003,2.3088999999999995,96.11,1,7,9,2,31
375.44400000000024,2.5197000000000003,69.81,1,5,6,2,27
460.5500000000004,2.3682,90.12,1,6,6,2,33
418.5130000000003,2.1092999999999993,81.84,2,6,6,2,30
404.4860000000003,1.7191999999999996,81.84,2,6,6,2,29
419.49700000000036,2.5363000000000007,79.04,1,6,6,2,30
389.47100000000023,2.7657000000000007,69.81,1,5,6,2,28
417.5250000000003,3.5459000000000023,69.81,1,5,6,2,30
417.5250000000003,3.5459000000000027,69.81,1,5,6,2,30
460.55000000000035,2.2241000000000004,90.12000000000002,1,6,6,2,33
418.51300000000026,1.9172999999999996,73.05000000000001,1,6,6,2,30
432.5400000000003,2.307400000000001,73.05000000000001,1,6,6,2,31
404.4860000000002,1.5750999999999997,81.84,2,6,6,2,29
418.51300000000026,1.9651999999999998,81.84,2,6,6,2,30
377.4600000000002,2.765700000000001,69.81,1,5,7,2,27
363.4330000000002,2.3772000000000006,69.81,1,5,7,2,26
349.4060000000002,1.9871000000000003,69.81,1,5,6,2,25
363.43300000000016,2.375600000000001,69.81,1,5,6,2,26
363.43300000000016,2.375600000000001,69.81,1,5,6,2,26
417.5250000000003,3.5459000000000023,69.81,1,5,6,2,30
417.5250000000003,3.5459000000000023,69.81,1,5,6,2,30
399.4880000000002,1.7902999999999998,86.88000000000001,1,6,8,2,27
359.4700000000002,2.5449200000000007,69.81,1,5,6,2,26
395.52500000000026,1.9596199999999997,86.88000000000001,1,6,8,2,27
363.43300000000016,2.375600000000001,69.81,1,5,6,2,26
345.44300000000015,2.236500000000001,69.81,1,5,6,2,25
381.4980000000002,1.6511999999999998,86.88000000000001,1,6,8,2,26
361.4610000000002,2.6466000000000007,48.71,1,3,6,2,26
362.44900000000024,2.0431999999999992,61.60000000000001,1,4,7,2,26
362.4490000000002,2.0415999999999994,61.60000000000001,1,4,6,2,26
362.4490000000002,2.0415999999999994,61.60000000000001,1,4,6,2,26
412.53100000000023,1.8447999999999993,78.67,1,5,8,2,28
398.50400000000025,1.4562999999999993,78.67,1,5,8,2,27
364.4210000000002,1.3181999999999996,73.05,1,6,6,2,26
346.4310000000002,1.1790999999999998,73.05,1,6,6,2,25
359.51800000000014,2.3618999999999994,46.42,0,5,6,1,26
338.4070000000001,3.069300000000001,54.18000000000001,1,3,6,3,25
339.3950000000001,2.4643000000000006,67.07000000000001,1,4,6,3,25
377.36600000000004,3.4745000000000017,57.84,1,3,5,3,27
323.3960000000001,2.764120000000001,57.84,1,3,5,3,24
335.8790000000001,3.783000000000002,48.39,2,4,9,2,23
507.57000000000016,3.499900000000001,128.29000000000002,4,8,13,4,37
434.0050000000002,4.659000000000004,50.519999999999996,1,5,8,3,29
359.38200000000006,3.4464000000000024,98.75,0,6,10,2,26
363.46100000000007,3.751100000000002,68.36,3,3,8,3,27
461.4110000000002,3.6692000000000027,78.87,2,5,11,2,29
501.50100000000026,6.166800000000006,76.07000000000001,1,4,9,3,36
492.6390000000003,5.785500000000005,54.63,0,6,9,3,36
380.5170000000002,3.640500000000002,71.25,2,5,5,3,27
349.4600000000002,1.7848,100.14999999999999,2,4,3,1,24
342.85200000000015,2.3218000000000005,74.13,1,3,3,1,22
342.85200000000015,2.3218000000000005,74.13,1,3,4,1,22
383.90500000000026,1.6654,86.16,2,4,3,1,25
390.89600000000013,3.4270000000000023,74.13,1,3,4,2,26
336.3590000000001,1.4105199999999996,112.58,2,7,3,3,25
430.5520000000002,3.653220000000002,48.910000000000004,0,5,5,3,32
445.5260000000004,3.6528000000000027,53.09,0,4,4,0,31
453.5050000000004,4.143600000000003,53.09,0,4,4,1,32
439.4780000000004,3.8976000000000024,53.09,0,4,3,1,31
425.45100000000036,3.507500000000002,53.09,0,4,3,1,30
457.4680000000004,3.8472000000000026,53.09,0,4,4,1,32
439.4780000000004,3.7551000000000023,53.09,0,4,4,1,31
487.54400000000044,3.1533000000000015,78.0,0,5,4,1,33
411.54600000000033,3.6137000000000024,53.09,0,4,5,1,30
487.6070000000003,5.015600000000005,53.730000000000004,0,4,5,4,37
352.4250000000002,2.6091000000000006,32.78,0,3,4,1,25
352.4250000000002,2.6091000000000006,32.78,0,3,4,1,25
334.4350000000001,2.4700000000000006,32.78,0,3,4,1,24
352.4250000000002,2.6091000000000006,32.78,0,3,4,1,25
334.4350000000001,2.4700000000000006,32.78,0,3,4,1,24
352.4250000000002,2.6091000000000006,32.78,0,3,4,1,25
316.4450000000001,2.3309000000000006,32.78,0,3,4,1,23
316.4450000000001,2.3309000000000006,32.78,0,3,4,1,23
334.4350000000001,2.4700000000000006,32.78,0,3,4,1,24
659.8530000000002,4.693100000000004,104.19,1,6,7,3,47
576.1370000000002,5.721400000000005,82.11,2,5,9,3,41
389.90200000000016,4.679600000000004,35.58,1,2,5,2,27
390.89000000000016,4.074600000000003,48.47,1,3,5,2,27
546.6700000000001,5.6418200000000045,75.0,1,7,6,4,40
447.97000000000014,4.870500000000004,73.05,3,4,5,3,32
490.38400000000024,4.7401000000000035,98.74000000000001,3,5,5,2,31
404.55400000000014,4.847200000000005,32.78,0,3,5,2,30
399.3660000000002,3.8748000000000022,38.82,1,3,4,1,26
521.4920000000003,6.196300000000006,50.160000000000004,1,3,8,4,36
413.34900000000016,3.4014000000000024,55.89000000000001,1,3,3,1,27
399.3660000000002,3.8748000000000022,38.82,1,3,4,1,26
380.41400000000004,4.072620000000002,61.28,2,5,4,2,27
818.055,5.376700000000005,149.39,3,9,16,3,57
434.54400000000027,3.619200000000002,75.52,1,5,4,3,32
582.7260000000002,5.240500000000005,78.26,1,8,6,5,42
506.6050000000003,4.936920000000004,75.0,1,7,7,4,37
518.6160000000003,4.728900000000003,75.0,1,7,6,4,38
569.6370000000001,4.787200000000004,96.03000000000002,2,7,7,4,42
440.5510000000002,3.5922800000000015,98.28,2,6,6,3,33
429.5680000000002,4.029020000000003,74.49,2,5,6,3,32
449.9860000000002,4.374000000000002,74.49,2,5,6,3,32
433.5310000000002,3.859700000000002,74.49,2,5,6,3,32
402.92600000000016,3.6903000000000024,69.30000000000001,1,5,4,2,28
441.5760000000003,3.5008200000000027,90.56,2,6,5,2,32
461.99400000000026,3.8458000000000023,90.56,2,6,5,2,32
418.96900000000016,3.872200000000003,72.46000000000001,2,5,4,2,29
418.96900000000016,3.872200000000003,72.46000000000001,2,5,4,2,29
432.9960000000002,4.262300000000003,72.46000000000001,2,5,5,2,30
366.96200000000016,4.637300000000004,35.16,1,4,3,2,24
452.0240000000002,4.117500000000002,73.49,2,6,5,2,30
450.05200000000025,4.145200000000003,64.26,2,5,5,2,30
464.0790000000003,4.629900000000004,55.47,1,5,5,2,31
476.0900000000004,4.7740000000000045,55.47,1,5,5,2,32
466.0510000000003,4.507600000000004,73.49,2,6,5,2,31
450.05200000000025,4.287700000000003,64.25999999999999,2,5,5,2,30
486.1070000000003,3.700800000000002,81.33,2,6,6,2,31
471.0920000000003,4.196200000000004,69.30000000000001,1,6,5,2,30
475.06200000000035,5.258220000000005,74.08,1,7,5,3,32
475.06200000000035,5.258220000000005,74.08,1,7,5,3,32
461.0350000000003,4.949800000000004,74.08,1,7,5,3,31
475.06600000000026,4.090300000000003,78.76,1,7,5,3,32
475.06600000000026,4.090300000000004,78.76,1,7,5,3,32
466.0510000000003,4.507600000000004,73.49,2,6,5,2,31
440.63100000000014,5.868520000000006,26.71,1,3,8,3,33
487.57900000000024,4.022400000000002,81.33,2,5,5,4,36
577.6110000000001,5.4611000000000045,102.49000000000001,3,6,6,4,42
508.6730000000003,4.615300000000002,90.46,2,8,7,4,35
370.88800000000015,3.1340200000000014,50.080000000000005,0,5,3,3,26
338.48000000000013,3.808620000000002,32.260000000000005,0,5,3,3,24
400.35400000000016,2.4366000000000003,50.85,2,4,4,1,26
414.3370000000002,1.9632000000000005,67.92,2,4,3,1,27
415.32100000000014,2.390200000000001,65.12,1,4,3,1,27
401.3380000000002,2.8636000000000017,48.050000000000004,1,4,4,1,26
496.51800000000026,2.655500000000001,113.25,2,7,7,3,36
378.88500000000016,3.522400000000001,87.46000000000001,3,4,4,2,25
374.48400000000004,3.6511000000000022,41.57,1,3,2,2,28
247.36699999999996,2.2990000000000004,42.150000000000006,1,4,1,2,17
406.2880000000002,4.631580000000004,47.34,0,3,5,2,27
298.25700000000006,4.756900000000005,3.24,0,1,2,1,19
496.57400000000024,2.4791,66.93,1,6,5,1,35
422.4510000000001,3.158800000000002,50.6,0,4,7,2,30
397.54400000000015,3.3407800000000023,73.2,1,4,6,2,28
465.6410000000002,2.840600000000001,95.58000000000001,2,5,8,2,31
298.25700000000006,4.756900000000005,3.24,0,1,2,1,19
438.46900000000016,3.950700000000003,41.370000000000005,0,3,5,2,31
436.4780000000002,3.6914000000000025,50.6,0,4,6,2,31
384.54500000000013,4.204000000000003,49.410000000000004,1,3,6,2,27
283.35600000000005,4.294900000000002,57.31,2,3,2,2,20
347.46300000000014,2.6153700000000004,106.11000000000001,5,3,6,1,25
395.5070000000002,3.4071700000000016,106.11000000000001,5,3,7,2,29
417.5350000000002,3.2779700000000016,123.18,5,4,7,2,29
369.49100000000016,1.7753699999999997,123.18,5,4,7,1,25
262.35699999999997,2.47717,77.01,4,2,4,1,19
469.62600000000043,3.059000000000001,83.8,2,4,8,2,34
376.5000000000001,4.036800000000003,50.36,2,3,9,3,28
464.56200000000024,4.203740000000003,89.79,2,5,8,3,34
423.90400000000017,3.6560200000000025,81.39999999999999,1,5,5,3,30
589.7580000000002,3.929300000000003,101.78,1,6,4,2,42
429.5650000000003,2.8332000000000015,78.01,1,5,4,1,31
504.66000000000025,4.666400000000003,103.59,3,6,5,3,36
502.4970000000003,4.6254000000000035,103.64000000000001,2,6,6,3,36
498.6270000000003,4.744680000000004,95.32000000000002,1,5,4,2,37
769.811,7.310920000000008,110.39000000000001,3,7,20,3,53
459.5720000000002,2.6736000000000013,113.52000000000001,2,7,4,2,32
438.57600000000025,3.276600000000002,82.62,2,6,5,2,32
452.5590000000003,2.2670000000000003,91.85000000000001,2,7,5,2,33
417.55700000000013,4.049320000000003,60.50000000000001,2,4,6,3,31
486.54200000000026,4.758900000000004,72.53,3,5,6,3,35
437.50000000000017,1.8778999999999997,109.47000000000001,2,5,6,3,32
466.6660000000004,4.727200000000004,58.64000000000001,1,4,7,1,34
452.6830000000004,5.548200000000006,41.57,1,3,7,1,33
482.7090000000004,5.173100000000005,50.800000000000004,1,4,8,1,35
360.4210000000001,2.698900000000001,88.49,2,4,5,4,27
491.5630000000002,5.058940000000004,96.35,3,4,6,4,36
391.5150000000002,3.197400000000002,52.650000000000006,1,3,6,2,29
405.5420000000002,3.585900000000003,52.650000000000006,1,3,6,2,30
486.6230000000002,2.6379,130.31,3,8,8,3,33
348.44599999999997,3.3826000000000027,50.36,2,3,3,2,26
420.51700000000017,1.9524,94.22000000000001,2,6,6,3,31
351.41,2.514220000000001,81.92999999999999,1,5,6,3,26
450.6270000000003,3.759020000000003,69.87,2,4,5,2,33
491.6360000000003,3.3243000000000027,91.87,2,5,6,3,36
398.5510000000002,3.2670200000000023,69.87,2,4,5,2,29
412.5780000000002,3.5130200000000027,69.87,2,4,5,2,30
414.5500000000002,2.3593200000000003,79.10000000000001,2,5,5,2,30
377.44800000000015,3.0012800000000013,98.12,2,5,4,2,28
400.5230000000003,2.4113999999999995,90.36,3,4,5,2,29
442.9470000000001,3.103200000000002,90.36,3,4,6,3,31
505.66300000000047,3.7298000000000027,92.39,2,5,6,3,37
448.5580000000004,4.301700000000004,70.39,2,4,6,2,32
398.55100000000033,3.426520000000002,70.39,2,4,5,2,29
412.5780000000003,3.6725200000000022,70.39,2,4,5,2,30
488.41300000000007,2.779700000000001,106.78000000000002,2,6,7,2,34
406.8730000000002,4.092320000000003,79.78,2,3,4,4,29
510.4290000000002,4.223100000000004,101.96000000000001,2,6,6,4,35
448.5710000000003,4.096100000000003,96.18,2,6,6,3,33
271.151,2.5921000000000003,48.78,2,3,2,1,17
232.30499999999998,-0.4644999999999999,74.08000000000001,3,6,2,0,15
250.295,-0.5165000000000002,74.08000000000001,3,6,2,0,16
232.30499999999998,-0.4661000000000002,74.08000000000001,3,6,1,0,15
250.29499999999996,-0.5165000000000002,74.08000000000001,3,6,2,0,16
248.30399999999997,-1.4936999999999994,94.31000000000002,4,7,2,0,16
262.33099999999996,-0.8396000000000001,83.31000000000002,3,7,3,0,17
262.33099999999996,-0.8395999999999992,83.31000000000002,3,7,3,0,17
262.33099999999996,-0.8395999999999992,83.31000000000002,3,7,3,0,17
250.295,-0.5164999999999996,74.08000000000001,3,6,2,0,16
232.30499999999998,-0.46449999999999986,74.08000000000001,3,6,2,0,15
114.19200000000001,-0.04219999999999996,24.06,2,2,2,0,8
504.68300000000045,3.1630400000000014,92.9,2,6,7,3,37
328.48500000000007,3.547670000000002,51.15,3,4,6,2,23
217.23399999999995,2.857400000000001,12.03,1,1,4,1,15
538.5700000000003,5.174200000000004,92.35,3,5,7,3,39
327.81500000000005,4.446900000000003,57.18000000000001,3,4,5,3,23
514.0260000000003,4.573600000000003,83.4,2,8,7,4,35
710.2910000000002,7.006720000000008,87.54,1,5,9,4,49
372.53400000000016,3.678600000000002,49.410000000000004,1,3,7,2,26
540.0570000000001,5.726000000000005,80.32,2,6,9,3,35
437.9750000000003,4.497600000000004,64.86,1,5,5,3,31
366.53400000000016,5.302570000000004,63.7,4,3,5,3,26
423.52100000000024,2.4698599999999997,101.11000000000001,2,7,7,3,31
366.53400000000016,5.302570000000004,63.7,4,3,5,3,26
425.47000000000014,4.851500000000004,37.39,1,4,7,2,30
344.4590000000001,2.9940200000000017,63.42,1,6,7,2,25
299.41800000000006,4.390400000000003,46.18,2,4,7,2,22
337.38900000000007,5.400600000000004,36.95,2,3,6,2,24
269.39199999999994,4.381800000000003,36.95,2,3,6,2,20
437.4220000000001,2.4234,110.43999999999998,2,6,7,2,31
379.4240000000001,2.3634200000000005,100.28,1,8,4,3,28
442.95500000000015,2.832700000000001,117.87,3,8,4,3,31
481.51800000000003,5.309300000000006,46.95,0,5,6,3,35
494.54200000000037,3.8689000000000027,68.95,0,6,6,3,36
482.5060000000003,4.704300000000004,59.84,0,6,6,3,35
494.54200000000037,3.8689000000000027,68.95,0,6,6,3,36
425.5330000000001,3.7715000000000023,93.28,1,6,11,2,31
447.56100000000004,2.6503000000000005,110.35,1,7,11,2,31
473.5990000000001,2.9667000000000012,110.35,1,7,10,2,33
393.5560000000001,5.351970000000005,49.21,1,5,6,3,28
565.6020000000002,3.411800000000002,133.79000000000002,2,10,9,3,41
629.6360000000001,4.266300000000002,133.79000000000002,2,10,12,3,45
395.4840000000001,3.8125000000000018,107.44,3,6,6,3,28
366.50500000000017,3.8872000000000035,32.78,0,4,7,2,27
579.6290000000002,3.6294000000000013,133.79000000000002,2,10,9,3,42
247.33799999999994,2.2131,29.54,0,3,3,1,18
360.36600000000004,2.5657000000000005,107.77000000000001,1,7,5,1,26
411.3140000000002,3.3169000000000013,89.6,2,7,5,2,26
581.4640000000002,3.517000000000002,113.35,2,9,7,2,36
581.4640000000002,3.517000000000002,113.35,2,9,7,2,36
573.3910000000001,3.747200000000003,104.12,2,8,7,2,35
537.4110000000001,3.5020000000000016,104.12,2,8,7,2,33
551.4380000000001,3.892100000000003,104.12,2,8,7,2,34
566.4530000000001,2.653600000000001,107.36,2,9,7,2,35
619.1190000000003,3.3765000000000027,127.67,2,9,9,2,42
605.0920000000002,2.9864000000000024,127.67,2,9,9,2,41
553.4100000000001,2.738400000000002,113.35,2,9,7,2,34
567.4370000000001,3.1285000000000016,113.35,2,9,8,2,35
581.4640000000002,3.518600000000002,113.35,2,9,9,2,36
539.4270000000001,2.6461000000000015,96.28,2,9,7,2,33
503.37200000000007,3.223700000000002,76.05,1,7,6,2,32
508.41300000000007,3.8902000000000028,63.16,1,7,6,2,31
567.4370000000001,2.912300000000001,113.35,2,9,8,2,35
581.4640000000002,3.000700000000002,102.35,1,10,8,2,36
539.4270000000001,3.293800000000001,85.28,1,9,7,2,33
506.3760000000001,2.5622000000000007,80.98,1,7,6,2,32
481.4050000000001,3.690400000000002,76.05,1,8,6,2,31
506.6030000000001,4.189700000000003,76.05,1,8,7,3,36
509.40100000000007,3.2852000000000015,76.05,1,8,6,2,31
464.95000000000005,3.176100000000001,76.05,1,8,6,2,31
446.96000000000004,3.0370000000000017,76.05,1,8,6,2,30
457.5120000000001,2.2918000000000003,119.19,1,10,7,2,32
509.40100000000007,3.2852000000000015,76.05,1,8,6,2,31
509.40100000000007,3.2852000000000015,76.05,1,8,6,2,31
510.38900000000007,2.680200000000001,88.94,1,9,6,2,31
493.33700000000005,1.8777000000000004,93.87,1,8,5,2,31
494.32500000000005,1.2727000000000004,106.76,1,9,5,2,31
566.4530000000001,2.399800000000001,105.14999999999999,2,9,7,2,35
630.5180000000001,1.7296000000000011,139.29,2,11,8,2,38
553.4100000000001,2.738400000000002,113.35,2,9,7,2,34
508.9590000000002,2.6293000000000015,113.35,2,9,7,2,34
595.4910000000001,3.605400000000003,102.35,1,10,8,2,37
567.4370000000001,2.8268000000000013,102.35,1,10,7,2,35
552.4260000000002,2.139100000000001,119.13999999999999,2,9,7,2,34
567.4370000000001,3.1285000000000007,113.35,2,9,8,2,35
581.464,3.518600000000002,113.35,2,9,9,2,36
511.43100000000015,3.051300000000002,96.28,2,9,7,2,33
525.4140000000002,3.143600000000001,113.35,2,9,7,2,34
525.4140000000002,3.143600000000001,113.35,2,9,7,2,34
581.464,3.518600000000002,113.35,2,9,9,2,36
525.4140000000002,3.143600000000001,113.35,2,9,7,2,34
553.4100000000001,2.738400000000002,113.35,2,9,7,2,34
508.9590000000002,2.6293000000000015,113.35,2,9,7,2,34
525.4140000000002,3.143600000000001,113.35,2,9,7,2,34
525.4140000000002,3.143600000000001,113.35,2,9,7,2,34
553.4100000000001,2.738400000000002,113.35,2,9,7,2,34
581.464,3.518600000000002,113.35,2,9,9,2,36
539.4270000000001,2.6461000000000015,96.28,2,9,7,2,33
581.4640000000002,3.518600000000002,113.35,2,9,9,2,36
567.4370000000001,3.126900000000001,113.35,2,9,7,2,35
567.4370000000001,3.126900000000001,113.35,2,9,7,2,35
581.4640000000002,3.518600000000002,113.35,2,9,9,2,36
557.4670000000001,2.6834000000000007,100.96,1,9,6,2,33
541.4680000000001,3.0173000000000005,89.88,1,8,6,2,32
619.1190000000001,3.517400000000001,127.67,2,9,7,2,42
577.0380000000001,2.348700000000002,127.67,2,9,7,2,39
603.0760000000001,2.8813000000000013,127.67,2,9,8,2,41
587.4710000000002,4.238500000000003,112.91,3,8,10,3,37
334.3710000000001,3.4764200000000027,60.440000000000005,0,4,4,2,25
350.462,4.148300000000003,34.47,0,3,3,2,26
678.7990000000001,8.353880000000006,111.25,0,10,7,5,49
317.3850000000001,2.2578000000000005,55.84,0,5,4,1,23
568.461,5.493470000000005,124.48,3,6,7,3,39
616.4770000000001,5.641170000000005,133.71000000000004,3,7,8,3,42
568.461,5.493470000000005,124.48,3,6,7,3,39
450.5790000000001,3.4986000000000015,78.87,2,5,7,2,33
503.62100000000015,3.6311000000000027,114.03999999999999,2,7,11,2,35
384.4980000000001,1.7681,98.92999999999998,1,6,9,1,26
489.59400000000016,3.2410000000000023,114.03999999999999,2,7,10,2,34
370.4710000000001,1.3780000000000008,98.92999999999998,1,6,8,1,25
475.5670000000002,2.850900000000001,114.03999999999999,2,7,9,2,33
356.44400000000013,0.9879000000000006,98.92999999999998,1,6,7,1,24
607.111,4.9146700000000045,136.95,3,8,9,3,43
456.5500000000002,4.851420000000004,96.03,2,7,6,4,34
446.9830000000003,2.895500000000001,100.37,2,7,6,2,31
593.6560000000002,4.021100000000002,133.79000000000002,2,10,12,3,43
474.6010000000002,4.557780000000004,91.58000000000001,2,6,12,3,35
413.4740000000002,2.1922999999999995,98.66000000000001,2,5,8,2,30
402.49500000000023,2.5372200000000005,89.72,1,8,9,2,29
377.4840000000001,4.4638000000000035,47.56,1,4,9,3,28
523.9770000000002,4.068470000000002,133.70999999999998,3,7,9,3,37
565.6020000000003,3.2409000000000017,133.79000000000002,2,10,10,3,41
454.6550000000005,4.669300000000004,42.010000000000005,0,5,5,1,33
329.4470000000001,2.1078,80.32000000000001,2,6,4,1,21
383.8820000000001,3.0289,80.32000000000001,2,6,5,2,24
537.6360000000003,2.934140000000001,96.76999999999998,1,7,10,3,39
537.6360000000003,2.934140000000001,96.76999999999998,1,7,10,3,39
324.42400000000015,3.6740000000000013,41.57,1,3,5,2,24
270.33200000000005,2.530120000000001,42.43,0,3,1,1,20
382.89100000000025,4.887800000000005,42.43,0,3,1,2,27
450.60500000000013,2.453400000000001,83.05,0,6,4,1,31
385.5080000000002,2.9086000000000007,53.09,0,4,4,1,28
466.0510000000004,4.461300000000004,64.7,1,6,5,2,31
400.52300000000014,2.6502000000000008,65.98,0,5,3,1,29
414.5500000000002,3.040300000000001,65.98,0,5,4,1,30
386.4960000000001,2.6259000000000006,74.77000000000001,1,5,3,1,28
429.56500000000017,2.785300000000001,69.22,0,5,3,1,31
457.61900000000026,3.565500000000002,69.22,0,5,5,1,33
415.5380000000001,2.4431000000000003,78.01,1,5,3,1,30
401.51100000000014,2.1823999999999995,92.00000000000001,1,5,3,1,29
436.57800000000015,2.0633,83.05,0,6,4,1,30
402.4950000000001,2.8276000000000012,75.21000000000001,0,6,3,1,29
388.4680000000001,2.803300000000001,84.0,1,6,3,1,28
371.48100000000017,2.5185000000000004,53.09,0,4,4,1,27
483.00900000000036,2.6184000000000003,106.36000000000001,2,7,7,1,33
495.60100000000034,4.299720000000003,104.81,2,5,6,3,35
387.4800000000002,1.6334,73.32,1,5,4,1,28
371.41200000000003,3.6208000000000027,71.53,1,4,4,2,27
437.5440000000004,2.502700000000001,92.0,1,6,4,2,32
473.59500000000025,3.1839400000000024,87.22999999999999,0,5,6,2,33
427.33200000000016,3.6404200000000024,59.830000000000005,0,5,6,2,28
350.8060000000001,2.6641000000000012,71.7,0,6,4,2,24
368.79600000000016,2.8032000000000012,71.7,0,6,4,2,25
350.80600000000015,2.6641000000000012,71.7,0,6,4,2,24
368.7960000000001,2.8032000000000012,71.7,0,6,4,2,25
499.61100000000033,5.171680000000006,92.52000000000001,0,6,4,2,37
397.5190000000002,3.049500000000001,53.09,0,4,4,1,29
451.5260000000003,2.6712000000000016,121.87999999999998,2,7,6,2,30
376.4190000000001,2.891400000000001,110.28,2,8,4,3,25
494.0350000000003,4.855000000000004,72.36,2,4,7,3,35
535.7140000000004,5.100700000000006,78.01,1,7,10,3,38
518.6620000000004,4.285620000000003,93.8,2,6,9,3,38
518.6620000000004,4.285620000000003,93.80000000000001,2,6,9,3,38
535.7140000000003,5.100700000000005,78.01,1,7,10,3,38
513.6420000000004,4.403100000000004,78.01,1,6,8,3,38
529.6850000000002,5.039200000000005,78.01,1,6,10,3,39
535.7140000000002,5.100700000000005,78.01,1,7,10,3,38
544.6420000000002,6.579400000000006,54.56,1,4,9,4,40
381.53800000000007,3.294200000000002,63.68,0,5,8,1,26
448.5630000000001,2.9644000000000013,78.87,2,5,7,2,33
441.52800000000025,2.923000000000002,89.86999999999999,1,5,8,2,32
556.6289999999999,4.261300000000004,83.03,2,6,8,2,40
467.4920000000002,2.9159000000000006,99.35,3,6,7,2,33
510.5170000000003,2.3160999999999996,131.58,3,7,7,2,36
481.51900000000023,2.9263000000000003,88.49000000000001,2,6,7,2,34
535.6110000000002,4.504400000000003,88.49000000000001,2,6,8,2,38
549.516,3.9516000000000018,88.49000000000001,2,6,8,2,38
495.5460000000003,3.409200000000002,88.49000000000001,2,6,8,2,35
545.584,2.196999999999999,122.63,2,8,8,2,37
468.4760000000002,3.1808000000000014,96.7,2,7,7,2,33
546.0490000000002,2.673070000000001,126.86999999999999,2,6,7,3,37
767.791,7.800920000000009,95.56000000000002,1,8,19,3,53
448.5630000000001,2.9644000000000013,78.87,2,5,7,2,33
290.38800000000003,3.240000000000001,55.56,1,5,4,2,20
291.32800000000003,2.9027000000000003,70.78,1,6,3,2,20
393.4870000000002,4.401720000000004,68.46000000000001,0,6,6,3,29
507.38500000000005,4.1776000000000035,77.44,0,8,6,3,31
609.63,7.921980000000009,54.7,1,5,9,4,39
552.5340000000002,7.860380000000007,51.46,1,4,7,4,35
505.47800000000024,5.793840000000006,54.7,1,5,7,3,31
595.603,7.6135600000000085,54.7,1,5,9,4,38
538.5070000000002,7.5519600000000064,51.46,1,4,7,4,34
574.5400000000002,8.396740000000001,51.46,1,4,7,5,37
477.4240000000002,5.177000000000005,54.7,1,5,7,3,29
514.4160000000002,6.765800000000005,51.46,1,4,7,4,32
547.6120000000003,3.345200000000002,133.79000000000002,2,10,9,3,40
379.4600000000001,4.093300000000004,68.46000000000001,0,6,6,3,28
367.48900000000015,4.785100000000005,38.77,0,4,8,2,27
411.50200000000007,3.1743000000000015,75.92,0,6,9,2,30
561.6210000000002,5.181200000000004,113.50999999999998,3,6,6,6,42
561.6210000000002,5.181200000000004,113.50999999999998,3,6,6,6,42
561.6210000000002,5.181200000000004,113.50999999999998,3,6,6,6,42
561.6210000000002,5.181200000000004,113.50999999999998,3,6,6,6,42
561.6210000000002,5.181200000000004,113.50999999999999,3,6,6,6,42
561.6210000000002,5.181200000000004,113.50999999999999,3,6,6,6,42
618.7380000000002,6.037220000000006,129.47,2,9,10,4,46
561.6210000000002,5.181200000000004,113.50999999999999,3,6,6,6,42
561.6210000000002,5.181200000000004,113.50999999999999,3,6,6,6,42
497.5990000000003,4.162720000000004,72.72,0,7,6,4,37
517.6140000000001,6.252000000000006,93.16,0,7,6,5,38
538.0320000000003,6.596980000000006,93.16,0,7,6,5,38
503.5870000000002,5.943580000000005,93.16,0,7,6,5,37
349.43700000000007,2.755020000000001,80.32000000000001,2,6,4,2,23
400.4090000000003,1.52382,129.59,1,11,8,1,27
449.5360000000003,4.431740000000003,105.14999999999999,1,8,6,4,32
378.90600000000006,4.7093200000000035,52.08,1,6,4,3,24
463.5780000000004,3.4836000000000027,75.03,0,7,9,2,34
410.4800000000001,4.105300000000003,94.07000000000001,1,8,4,4,28
430.55200000000013,4.713300000000003,74.96000000000001,3,4,8,4,32
472.5520000000003,3.0467000000000013,58.14,0,6,9,1,33
287.407,2.8820000000000014,30.29,0,3,5,2,21
355.526,4.584900000000005,30.29,0,3,6,2,26
357.49800000000005,3.4312000000000022,39.519999999999996,0,4,6,2,26
302.422,2.2131,33.53,0,4,6,2,22
287.407,2.8820000000000014,30.29,0,3,5,2,21
357.49800000000005,3.4312000000000022,39.519999999999996,0,4,6,2,26
287.407,2.8820000000000014,30.29,0,3,5,2,21
410.5260000000002,2.782140000000001,101.81,3,8,8,3,30
453.54700000000025,3.1732200000000006,118.29,2,8,9,3,33
488.67300000000034,3.502100000000002,92.79,2,6,12,1,35
504.6720000000003,2.4729000000000023,113.02000000000001,3,7,12,1,36
488.6730000000004,3.3312000000000017,92.79,2,6,13,1,35
504.67200000000037,2.302000000000002,113.02000000000001,3,7,13,1,36
563.7550000000002,4.652900000000004,89.13000000000001,2,6,16,1,40
546.7530000000002,3.908800000000003,102.02000000000001,2,7,16,1,39
604.7640000000001,3.6547000000000027,109.44,2,7,14,1,43
546.7530000000002,3.908800000000003,102.02000000000001,2,7,16,1,39
458.6470000000003,3.4935000000000027,83.56,2,5,11,1,33
474.64600000000024,2.464300000000003,103.79,3,6,11,1,34
453.8900000000001,2.9899200000000006,116.94,1,8,8,4,32
464.87300000000016,2.5531800000000002,140.73000000000002,1,9,8,4,33
453.89000000000016,2.9899200000000015,116.94000000000001,1,8,8,4,32
474.30800000000016,3.334900000000002,116.94000000000001,1,8,8,4,32
457.8530000000001,2.8206000000000007,116.94000000000001,1,8,8,4,32
439.8630000000001,2.6815000000000007,116.94000000000001,1,8,8,4,31
454.87800000000016,2.38492,129.83,1,9,8,4,32
467.53600000000023,3.399700000000002,71.42000000000002,2,5,8,2,33
286.202,3.116900000000001,21.259999999999998,1,2,4,1,18
535.5630000000002,5.0872000000000055,64.43,0,4,6,3,37
443.91000000000014,3.7778000000000027,65.30000000000001,0,6,7,3,31
513.5420000000003,4.288200000000003,101.17,0,9,6,2,35
607.6220000000002,5.104500000000004,152.23999999999998,1,11,15,3,41
612.6630000000001,5.771000000000007,139.35,1,11,15,3,40
571.5710000000003,5.179400000000005,134.10999999999999,1,9,13,3,40
571.5710000000003,5.179400000000005,134.10999999999999,1,9,13,3,40
572.5590000000003,4.574400000000004,146.99999999999997,1,10,13,3,40
593.6390000000001,6.120600000000006,135.04999999999998,1,9,14,3,40
606.6380000000001,5.332900000000005,138.29,1,9,14,3,41
565.5850000000002,5.342000000000005,135.04999999999998,1,9,13,3,38
601.5650000000002,5.2412000000000045,135.04999999999998,1,9,15,3,40
583.5750000000002,5.291600000000005,135.04999999999998,1,9,14,3,39
581.5840000000002,4.314400000000004,155.28,2,10,14,3,39
595.6110000000002,4.968500000000004,144.28,1,10,15,3,40
595.6110000000002,4.704500000000004,155.28,2,10,15,3,40
566.5730000000002,4.7370000000000045,147.93999999999997,1,10,13,3,38
567.5610000000001,4.132000000000003,160.82999999999996,1,11,13,3,38
560.5480000000002,4.4303000000000035,147.0,1,10,13,3,39
572.5590000000003,4.574400000000004,147.0,1,10,13,3,40
572.5590000000003,4.574400000000004,147.0,1,10,13,3,40
546.5210000000002,4.0881000000000025,155.79,2,10,13,3,38
532.4940000000003,3.8274000000000026,169.78,2,10,13,3,37
567.5610000000001,4.132000000000003,160.83,1,11,13,3,38
567.5610000000001,4.132000000000003,160.83,1,11,13,3,38
310.38000000000005,5.715600000000004,26.3,0,4,6,2,19
761.8380000000001,8.670600000000004,166.20999999999995,4,10,13,5,53
512.6170000000003,3.7275000000000027,66.93,1,6,7,1,36
559.6770000000002,4.815540000000005,61.800000000000004,0,6,5,2,40
439.48200000000026,3.141700000000002,82.28,3,5,7,2,31
517.5920000000002,4.367100000000003,70.67,2,4,8,2,37
547.6180000000004,3.7795200000000024,90.9,3,5,8,2,39
577.6000000000005,3.1998000000000015,109.36000000000001,3,7,8,2,41
533.5910000000003,3.4711000000000016,90.9,3,5,8,2,38
512.6170000000003,3.7275000000000027,66.93,1,6,7,1,36
565.5850000000002,4.646800000000003,135.05,1,9,13,3,38
432.88700000000017,3.120920000000001,107.95000000000002,2,6,5,3,30
554.695,5.282200000000005,81.25,1,7,6,3,41
594.5940000000002,5.7199000000000035,144.73000000000002,3,7,7,4,43
669.617,5.970400000000006,108.29000000000002,1,10,14,4,44
669.617,5.970400000000005,108.29000000000002,1,10,14,4,44
466.5380000000003,1.7153999999999996,119.15,2,9,8,2,34
521.5930000000003,4.006120000000002,107.49000000000001,2,8,8,3,38
419.52500000000026,3.0301800000000014,65.80000000000001,0,6,8,2,31
580.7660000000004,6.603000000000008,59.08,0,5,10,3,41
507.6020000000003,6.279300000000006,68.23,1,5,11,3,37
514.6410000000003,7.129300000000008,43.82000000000001,0,5,10,4,38
554.6340000000005,6.413100000000006,80.26,2,6,12,3,40
524.6080000000004,6.404500000000007,71.03,2,5,11,3,38
525.5920000000003,6.371400000000007,68.23,1,5,11,3,38
450.9880000000003,3.5366000000000026,75.71000000000001,1,5,7,2,30
491.60700000000037,5.387920000000006,63.69,1,5,9,3,36
473.95700000000033,5.053300000000005,97.06,2,7,9,3,33
456.5180000000003,3.939700000000002,102.85,2,7,9,3,33
473.59500000000037,4.1052000000000035,93.9,1,8,9,3,33
460.5560000000003,2.9590000000000014,119.91999999999999,2,8,8,3,32
429.9040000000002,4.654600000000004,87.83,2,6,7,3,30
381.4760000000002,4.311600000000003,59.760000000000005,1,6,7,3,28
517.6200000000003,7.198900000000007,50.379999999999995,1,4,9,4,38
546.6390000000004,6.007400000000007,79.31,1,5,9,3,40
535.6310000000003,6.569600000000007,48.0,0,5,9,3,39
567.7270000000003,5.752000000000007,71.97,0,6,9,3,40
441.5030000000002,3.464100000000002,79.9,2,5,7,2,32
559.6380000000005,6.594500000000006,97.06,2,7,10,4,41
354.3810000000001,4.656200000000004,72.31,1,4,5,3,26
391.47200000000026,2.2856000000000005,88.91,2,7,5,3,27
421.9000000000002,3.0908000000000015,76.82,2,5,7,2,29
467.5450000000004,4.814600000000004,92.52,2,7,10,3,34
509.64500000000027,5.255400000000005,56.42,2,5,10,3,37
401.37700000000007,2.5515999999999996,113.77000000000001,3,7,7,4,29
598.6949999999999,4.709500000000005,84.44999999999999,1,10,11,3,43
619.5560000000003,7.130800000000009,77.19,1,7,11,5,41
633.5830000000002,7.520900000000009,77.19,1,7,12,5,42
565.6700000000003,6.239980000000005,100.98,1,8,11,5,42
579.6970000000002,6.630080000000007,100.98,1,8,12,5,43
600.7200000000003,4.358380000000003,126.09,1,11,13,4,44
615.7310000000003,5.079580000000004,132.08,1,11,14,4,45
669.6170000000001,5.970400000000005,108.29000000000002,1,10,14,4,44
626.5670000000001,6.617220000000006,76.94000000000001,1,7,12,4,41
628.5390000000001,5.927300000000006,86.17000000000002,1,8,12,4,41
642.566,6.317400000000006,86.17000000000002,1,8,13,4,42
654.602,6.186900000000006,95.40000000000002,1,9,14,4,43
652.5859999999999,5.940900000000005,95.40000000000002,1,9,12,4,43
669.617,5.970400000000005,108.29000000000002,1,10,14,4,44
641.563,5.191800000000004,108.29000000000002,1,10,13,4,42
572.6810000000002,5.726400000000006,100.73,1,8,12,4,42
598.7000000000002,5.050080000000005,119.19000000000001,1,10,12,4,44
666.661,6.410900000000007,93.07000000000001,1,9,15,4,44
594.5500000000001,6.088020000000007,76.94000000000001,1,7,11,4,39
428.4390000000001,4.1384000000000025,77.75000000000001,1,5,6,3,31
437.51900000000023,3.675320000000003,83.72,2,6,6,3,32
440.49400000000026,4.563400000000003,80.48,2,5,6,3,32
442.46600000000024,3.715300000000002,100.71000000000001,3,6,6,3,32
455.5090000000003,3.8961000000000023,83.72,2,6,6,3,33
455.46500000000026,3.0326000000000013,100.78999999999999,2,6,6,3,33
441.48200000000026,3.506000000000002,83.72,2,6,6,3,32
471.5080000000003,2.868500000000001,103.95,3,7,8,3,34
473.40400000000034,5.592000000000005,80.48,2,5,6,3,32
474.39200000000034,4.534600000000004,83.72,2,6,6,3,32
402.5200000000002,4.289240000000003,96.97,2,6,5,3,28
491.5480000000003,4.613120000000003,120.48000000000002,2,8,10,4,36
422.53300000000013,3.2118,120.56,3,6,6,3,31
400.8620000000001,4.888500000000004,62.70000000000002,0,6,7,3,28
509.55800000000033,3.568240000000002,89.27,0,8,6,3,35
409.4860000000003,3.379500000000002,103.63000000000001,2,7,7,3,30
509.5450000000002,4.4863000000000035,107.71000000000002,1,7,7,5,38
458.4970000000001,3.938100000000003,94.82000000000001,1,6,7,4,34
637.6690000000001,4.140600000000003,132.60999999999999,2,9,10,5,45
371.4160000000001,2.8051400000000006,65.3,0,6,5,3,27
442.56700000000023,4.611420000000004,68.96000000000001,0,6,7,4,33
461.49700000000024,3.5429000000000013,93.49000000000001,1,8,6,4,34
433.5300000000002,2.5795000000000003,88.18,1,5,9,2,30
604.811,6.425900000000007,70.83000000000001,1,5,13,3,44
437.5650000000001,5.294300000000005,80.32,2,5,8,3,31
368.4770000000001,4.479220000000003,67.42999999999999,2,3,7,2,27
383.4920000000001,4.212500000000003,79.46,3,4,8,2,28
420.4560000000001,4.772200000000004,76.66,2,4,9,2,30
385.4640000000001,3.5744000000000025,89.55,2,5,8,2,28
406.4290000000001,4.2112000000000025,76.66,2,4,9,2,29
360.3810000000001,3.9685000000000032,53.99000000000001,0,5,6,2,26
520.5520000000002,2.859700000000001,103.79,3,6,8,2,37
534.5790000000002,3.2498000000000022,103.79,3,6,8,2,38
362.4290000000001,5.051300000000004,72.31,1,4,5,3,27
534.5230000000003,3.331800000000002,96.41000000000003,0,7,6,5,39
393.4390000000001,3.838320000000003,77.77,1,5,7,3,29
381.907,5.566900000000004,36.86,1,4,3,2,27
352.4380000000001,3.5381,96.16,2,4,4,3,26
353.4260000000001,2.9330999999999996,109.05,2,5,4,3,26
382.4640000000001,2.9006,116.38999999999999,3,5,7,3,28
383.4520000000001,2.2955999999999994,129.27999999999997,3,6,7,3,28
383.4520000000001,2.2955999999999994,129.27999999999997,3,6,7,3,28
368.4370000000001,2.5104999999999995,116.38999999999999,3,5,6,3,27
369.4250000000001,1.9054999999999993,129.27999999999997,3,6,6,3,27
369.4250000000001,1.9054999999999995,129.27999999999997,3,6,6,3,27
339.39900000000006,2.7589999999999995,109.05,2,5,5,3,25
368.4370000000001,2.7264999999999997,116.38999999999999,3,5,7,3,27
369.4250000000001,2.1214999999999993,129.27999999999997,3,6,7,3,27
369.4250000000001,2.1214999999999993,129.27999999999997,3,6,7,3,27
379.46400000000006,3.6833,109.05,2,5,5,3,28
382.4640000000001,2.8016000000000005,116.38999999999999,3,5,7,3,28
383.4520000000001,2.1966,129.27999999999997,3,6,7,3,28
378.4360000000001,2.7932999999999995,111.97,2,7,5,4,28
361.44900000000007,4.283400000000002,78.85,1,5,5,4,27
350.422,3.1931000000000003,96.16,2,4,6,3,26
444.5390000000002,3.885900000000002,99.16,1,6,5,4,33
444.5830000000002,4.747800000000003,82.09,1,6,6,4,33
416.52900000000017,3.9692000000000016,82.09,1,6,5,4,31
417.51700000000017,3.364200000000001,94.98,1,7,5,4,31
403.4860000000001,4.054000000000002,88.08,1,6,5,4,30
404.4740000000001,3.4490000000000007,100.97,1,7,5,4,30
416.4850000000002,3.1057000000000006,99.16,1,6,5,4,31
388.4750000000001,3.189000000000001,82.09,1,6,5,4,29
374.4480000000001,2.8468,90.88,2,6,5,4,28
444.3100000000001,5.568700000000002,80.74000000000001,1,7,5,4,27
365.4140000000001,4.806200000000002,80.74000000000001,1,7,5,4,26
415.927,4.6106000000000025,54.46,1,5,4,3,27
381.482,3.957200000000003,54.46,1,5,4,3,26
507.5660000000003,3.697700000000002,107.49000000000001,2,8,8,3,37
427.5040000000002,4.5896000000000035,73.22,1,4,6,4,32
528.6570000000005,4.242320000000002,87.3,0,7,8,4,39
347.44000000000017,2.3367000000000004,84.66,2,6,4,1,24
352.4340000000002,4.466300000000003,67.43,2,3,6,2,26
388.471,4.559200000000003,83.06,3,5,8,4,29
302.418,2.6895000000000007,41.57,1,3,6,1,22
310.4410000000001,3.274300000000001,24.5,1,3,6,2,23
381.49500000000006,4.460500000000004,31.5,1,3,7,3,28
341.363,2.874500000000001,81.7,1,5,8,2,25
290.344,2.8051000000000004,63.5,2,4,4,2,20
460.5090000000003,4.147900000000003,80.6,1,7,6,4,34
464.53700000000015,4.968320000000004,88.52,2,4,10,3,34
407.4300000000002,2.6433,108.35000000000001,1,8,7,3,30
351.4060000000001,2.860100000000001,78.96000000000001,1,6,3,2,26
461.4970000000003,3.542900000000002,93.49000000000001,1,8,6,4,34
374.42200000000014,1.26768,135.17,2,7,6,2,26
297.3180000000001,1.25918,113.91999999999999,2,6,5,2,22
416.55100000000033,2.6649000000000003,101.8,2,8,6,3,29
625.7010000000004,6.219700000000005,135.43999999999997,3,6,10,4,46
639.7280000000003,6.838720000000007,135.43999999999997,3,6,10,4,47
397.4350000000001,2.5812,101.6,2,7,6,3,29
546.5750000000003,3.644000000000003,91.76,0,8,6,3,38
548.5470000000003,3.6628000000000034,106.59,0,9,6,4,38
515.9490000000002,3.6048000000000027,89.27000000000001,0,8,6,3,34
549.5010000000001,3.9702000000000037,89.27000000000001,0,8,6,3,37
495.5310000000003,3.259820000000002,89.27000000000001,0,8,6,3,34
531.5640000000003,4.104600000000003,89.27000000000001,0,8,6,4,37
531.5640000000003,4.104600000000003,89.27000000000001,0,8,6,4,37
481.50400000000025,2.9514000000000022,89.27000000000001,0,8,6,3,33
550.4890000000001,3.3652000000000024,102.16000000000001,0,9,6,3,37
531.5640000000003,4.104600000000003,89.27000000000001,0,8,6,4,37
532.5520000000002,3.4996000000000027,102.16000000000001,0,9,6,4,37
509.55800000000033,3.568240000000003,89.27000000000001,0,8,6,3,35
510.54600000000033,2.9632400000000017,102.16000000000001,0,9,6,3,35
532.5520000000002,3.4996000000000027,102.16000000000001,0,9,6,4,37
495.5310000000003,3.259820000000002,89.27000000000001,0,8,6,3,34
506.5090000000002,4.809000000000004,78.71000000000001,0,7,6,4,37
480.96000000000015,3.9669000000000025,102.47,1,7,6,4,34
470.6350000000002,3.122600000000002,86.71000000000001,2,5,7,2,33
539.7420000000002,3.996500000000002,86.78999999999999,1,5,9,2,38
531.6410000000002,3.348300000000002,86.78999999999999,1,5,8,1,36
409.47500000000014,1.8183600000000002,131.45999999999998,1,6,5,3,29
385.4530000000001,1.34168,120.55999999999999,1,6,5,3,27
395.4480000000001,1.5723600000000002,131.45999999999998,1,6,5,3,28
404.8830000000001,2.3540800000000006,107.67,1,5,5,3,27
388.42800000000005,1.83978,107.67,1,5,5,3,27
384.46500000000015,2.0091,107.67,1,5,5,3,27
404.8830000000001,2.3540800000000006,107.67,1,5,5,3,27
370.4380000000001,1.7006800000000002,107.67,1,5,5,3,26
395.44800000000015,1.5723600000000002,131.45999999999998,1,6,5,3,28
394.4600000000001,2.17736,118.57,1,5,5,3,28
547.9960000000002,2.499900000000001,130.47,2,6,7,3,37
428.4930000000001,3.5429400000000024,105.56,2,5,5,4,30
552.6600000000002,4.851700000000004,114.67000000000002,2,5,7,6,40
530.5000000000001,3.303700000000001,132.97,2,8,6,2,36
515.5290000000001,3.798300000000002,126.14,3,5,8,3,35
497.5390000000001,3.659200000000002,126.14,3,5,8,3,34
408.40500000000003,3.600200000000002,98.83,1,6,4,3,28
554.5090000000001,3.993000000000002,103.78000000000002,2,5,8,2,37
549.4930000000002,4.411400000000003,101.29,2,5,8,3,37
567.508,3.783500000000002,125.46000000000001,3,6,9,2,38
603.5410000000002,4.226100000000002,125.46000000000001,3,6,9,3,41
604.5290000000002,3.621100000000001,138.35,3,7,9,3,41
610.5580000000002,3.6826000000000008,138.35,3,8,9,3,40
543.442,3.223200000000001,134.69,3,7,7,2,36
527.443,3.003300000000001,125.46000000000001,3,6,7,2,35
531.4610000000002,6.2940800000000054,96.25999999999999,1,5,8,3,35
520.6190000000004,3.2109200000000016,145.51,1,10,8,4,37
546.6570000000003,3.6010200000000028,145.51,1,10,9,4,39
546.6570000000003,3.6010200000000028,145.51,1,10,9,4,39
536.6180000000003,2.911100000000001,154.74,1,11,9,4,38
590.5880000000003,3.453500000000002,154.74,1,11,9,4,41
562.6560000000003,3.3012000000000024,154.74,1,11,10,4,40
562.6560000000003,3.3012000000000024,154.74,1,11,10,4,40
511.49700000000024,4.290600000000004,81.50000000000001,0,5,6,3,35
508.5220000000003,3.8549200000000035,94.39000000000001,0,6,6,3,35
512.4850000000002,3.6856000000000027,94.39000000000001,0,6,6,3,35
540.4820000000001,3.650800000000002,112.57000000000001,3,5,8,2,36
526.455,3.6083000000000016,112.57000000000001,3,5,7,2,35
540.4820000000001,3.650800000000002,112.57000000000001,3,5,8,2,36
580.5030000000003,3.6033000000000017,113.01,2,6,6,2,39
538.4660000000001,3.8343000000000025,103.78000000000002,2,5,5,2,36
538.4660000000001,3.8343000000000025,103.78000000000002,2,5,5,2,36
538.4660000000001,3.8343000000000025,103.78000000000002,2,5,5,2,36
529.6190000000004,1.1857000000000009,130.17000000000002,2,9,8,2,37
320.4580000000001,3.5374000000000025,51.96,0,3,4,2,22
547.6450000000003,2.9960200000000015,158.39999999999998,1,11,9,4,39
514.6040000000004,1.80152,130.0,1,9,6,2,36
459.6120000000004,2.858200000000001,71.85000000000001,0,5,4,2,32
473.63900000000046,3.248300000000002,71.85000000000001,0,5,4,2,33
412.4620000000001,1.5322,90.45,1,6,4,2,28
670.6740000000001,5.9625000000000075,93.07000000000001,1,10,13,4,43
674.702,7.744000000000009,67.71000000000001,1,8,13,4,42
670.6949999999999,7.325000000000006,76.94000000000001,1,9,12,4,42
670.6739999999999,5.9625000000000075,93.07000000000001,1,10,13,4,43
687.7259999999999,7.008500000000008,89.83000000000001,1,10,14,4,43
604.8170000000001,7.153000000000006,82.27,1,8,12,4,42
620.8160000000001,6.853180000000006,91.5,1,9,13,4,43
616.8090000000001,6.434180000000006,100.73,1,10,12,4,43
633.84,6.117680000000006,113.62,1,11,14,4,44
626.6859999999999,7.596300000000007,58.480000000000004,1,7,12,4,39
584.5550000000003,6.623400000000007,58.480000000000004,1,6,10,4,37
318.48600000000005,3.402800000000002,32.34,1,3,6,1,22
355.4670000000001,3.0520000000000014,58.290000000000006,0,7,5,3,25
460.56300000000016,2.840980000000001,103.91,1,7,8,3,33
604.2350000000004,7.761200000000009,45.25000000000001,0,5,10,3,43
585.7680000000003,5.898880000000006,85.38999999999999,1,5,11,3,43
632.8650000000004,7.204500000000009,70.83000000000001,1,5,12,3,46
620.8100000000003,6.044400000000007,80.06,1,6,13,3,45
630.8490000000004,6.958500000000009,70.83000000000001,1,5,13,3,46
550.6450000000002,3.3012000000000024,154.74,1,11,10,4,39
362.90500000000003,4.309600000000003,72.94,2,3,6,2,25
520.6340000000004,2.6458000000000004,139.71,5,9,11,4,38
469.5900000000003,2.3068999999999997,132.37,4,9,11,3,34
403.4480000000001,4.298600000000003,46.92,1,2,5,2,29
518.4580000000002,4.480100000000004,76.46000000000001,1,4,5,2,36
454.9580000000002,4.048980000000004,87.36000000000001,1,4,5,2,32
497.94500000000016,5.196100000000005,63.57000000000001,1,3,5,2,34
463.50000000000017,4.542700000000004,63.57000000000001,1,3,5,2,33
464.48800000000017,3.937700000000003,76.46000000000001,1,4,5,2,33
464.39300000000026,4.830700000000005,63.57000000000001,1,3,5,2,31
395.50300000000016,3.523900000000003,63.57000000000001,1,3,5,2,29
460.9620000000002,3.5809000000000024,85.69000000000001,1,5,6,2,32
517.5230000000003,5.548300000000005,72.36,2,3,7,3,37
518.5110000000003,4.943300000000004,85.25,2,4,7,3,37
476.5770000000003,4.1841000000000035,94.48,2,5,9,3,35
445.5630000000002,4.780500000000004,72.36,2,3,8,3,33
409.49300000000017,4.185360000000003,94.5,1,4,5,3,31
420.46300000000014,4.591880000000003,70.71000000000001,1,3,5,3,31
418.92800000000017,4.967080000000005,70.71000000000001,1,3,5,3,30
447.8880000000001,5.512700000000004,46.92,1,2,5,3,31
425.9350000000002,5.542920000000004,46.92,1,2,5,3,30
429.89800000000014,5.373600000000004,46.92,1,2,5,3,30
418.92800000000017,4.967080000000004,70.71000000000001,1,3,5,3,30
428.3630000000001,5.748800000000004,46.92,1,2,5,3,29
411.90800000000013,5.234500000000004,46.92,1,2,5,3,29
433.49900000000014,4.913800000000005,73.34,1,5,8,2,31
440.4780000000001,5.558100000000004,98.9,2,5,6,4,33
459.9120000000002,5.303780000000003,104.69,2,5,6,4,33
377.4600000000001,2.7657000000000007,69.81,1,5,7,2,27
503.5130000000002,4.406500000000003,113.74,1,7,6,5,37
558.1270000000001,3.8906000000000027,97.30000000000001,2,9,9,2,39
523.6820000000004,3.2372000000000014,97.30000000000001,2,9,9,2,38
561.6910000000001,3.578100000000002,124.78,2,11,8,3,41
547.6640000000002,3.1880000000000006,124.78,2,11,8,3,40
521.6660000000004,3.5568000000000017,102.92999999999999,2,8,7,2,38
472.5780000000002,3.5585000000000013,95.83000000000001,1,7,5,5,34
388.42100000000005,4.303680000000003,61.07,1,4,4,3,29
383.5570000000003,5.555700000000005,21.700000000000003,0,4,7,2,27
372.4290000000001,2.8512200000000014,76.80000000000001,0,6,3,3,26
478.4710000000001,4.6060000000000025,94.03,2,5,6,4,33
534.7010000000002,2.8111000000000015,98.82,2,4,7,2,39
548.7280000000003,3.201200000000002,98.82,2,4,8,2,40
636.8560000000001,7.694200000000009,61.6,1,4,12,4,47
602.8390000000003,7.150600000000009,61.6,1,4,12,3,44
620.8100000000003,6.044400000000007,80.06,1,6,13,3,45
630.8490000000004,6.958500000000009,70.83000000000001,1,5,13,3,46
658.7810000000001,6.968300000000008,70.83000000000001,1,5,13,3,47
560.7580000000003,6.027200000000007,61.6,1,4,11,3,41
1242.4879999999991,-4.048930000000006,460.78999999999985,17,17,32,1,88
451.50200000000024,3.3195000000000014,98.14,2,5,7,3,33
411.90800000000013,5.234500000000004,46.92,1,2,5,3,29
453.4990000000002,3.239200000000002,106.84,1,6,6,4,32
575.6770000000006,3.9191800000000026,168.84,3,9,8,4,43
591.6760000000005,3.1555800000000014,178.07,3,10,8,4,44
353.50600000000003,4.654600000000005,29.54,0,3,8,2,26
442.4900000000002,5.865800000000004,70.5,1,3,7,4,33
404.94600000000014,2.731200000000001,83.3,2,6,5,2,28
384.4760000000002,2.7002000000000006,67.87,1,5,4,1,28
310.44100000000003,3.936600000000003,28.259999999999998,1,2,2,2,23
811.9739999999998,3.0694000000000035,201.38999999999996,3,15,7,2,58
811.9739999999998,3.0694000000000035,201.38999999999996,3,15,7,2,58
795.9749999999998,3.3638000000000057,181.16,2,14,7,2,57
795.9749999999998,3.3638000000000057,181.16,2,14,7,2,57
810.0019999999998,3.9248000000000047,181.16,2,14,7,2,58
812.0179999999997,4.929200000000005,171.85,1,13,11,2,58
819.0870000000002,3.1555000000000084,194.94,5,14,11,0,57
764.0070000000003,2.3560000000000048,197.07,6,14,8,0,53
835.0860000000001,2.126300000000007,215.17,6,15,11,0,58
733.9370000000002,1.785600000000004,193.91,5,14,7,0,51
734.9690000000002,1.5438000000000058,202.86,6,14,7,0,51
747.9640000000002,2.439700000000004,182.91,4,14,8,0,52
316.4450000000001,2.3309000000000006,32.78,0,3,4,1,23
326.44,1.5545,46.94,2,4,1,1,24
438.47400000000016,4.607480000000006,83.21,1,5,4,2,32
337.38300000000004,1.9187999999999996,99.08,2,6,3,3,25
307.357,1.9101999999999995,89.85,2,5,2,3,23
308.345,1.3051999999999997,102.74000000000001,2,6,2,3,23
479.4550000000001,5.205300000000002,88.24000000000001,2,5,6,4,33
478.4710000000001,4.6060000000000025,94.03,2,5,6,4,33
478.4710000000001,4.6060000000000025,94.03,2,5,6,4,33
460.48100000000017,4.466900000000002,94.03,2,5,6,4,32
465.5290000000002,3.527700000000001,134.25,4,7,5,3,34
376.5000000000001,2.524800000000001,66.56,2,3,5,2,28
426.5820000000002,2.7974000000000014,69.64,2,4,6,2,30
410.5830000000002,3.6825000000000028,49.410000000000004,1,3,6,2,29
420.61900000000037,3.7429000000000032,69.64,2,4,8,1,29
393.9200000000002,3.6670000000000007,84.22,3,3,4,2,26
379.8930000000002,3.624500000000001,84.22,3,3,4,2,25
314.38900000000007,2.19372,79.04,3,4,4,2,23
352.772,4.138700000000003,55.730000000000004,1,3,6,3,24
334.34499999999997,4.134700000000003,46.5,1,2,5,3,24
320.318,3.960600000000003,46.5,1,2,5,3,23
336.31699999999995,3.6244000000000023,55.730000000000004,1,3,6,3,24
384.50500000000005,2.6475999999999997,72.2,2,5,4,3,27
563.2870000000003,5.359600000000004,90.52000000000001,1,5,6,4,34
310.4010000000001,3.747620000000002,69.28,3,2,3,2,23
311.3850000000001,4.174620000000003,66.47999999999999,2,3,3,2,23
460.53800000000024,1.8244999999999996,93.45000000000002,0,7,7,3,34
535.6200000000003,4.178420000000003,107.49000000000001,2,8,8,3,39
413.92800000000005,4.833720000000004,55.63,1,4,6,3,29
505.56400000000025,4.588200000000004,76.10000000000001,1,6,7,3,36
517.5750000000003,4.732300000000004,76.10000000000001,1,6,7,3,37
464.9610000000003,4.130600000000003,93.24000000000001,1,6,5,4,33
339.43899999999996,4.439000000000004,55.620000000000005,1,3,4,2,25
320.318,3.960600000000003,46.5,1,2,5,3,23
336.31699999999995,3.6244000000000023,55.730000000000004,1,3,6,3,24
451.45200000000017,5.724300000000005,64.86,1,5,4,4,33
358.48800000000006,3.6640000000000015,73.05,1,5,5,3,24
362.4800000000001,2.3975,90.86999999999999,1,6,5,3,24
362.4800000000001,2.3975,90.87,1,6,5,3,24
451.5460000000001,4.978300000000004,83.28999999999999,2,6,9,3,33
462.6230000000001,4.5423000000000044,75.42,1,6,9,4,33
555.893,7.693500000000006,79.9,2,4,5,4,37
405.5630000000001,4.994420000000003,63.32000000000001,2,3,8,3,29
420.4730000000001,2.43668,123.19999999999999,1,7,6,3,31
352.772,4.138700000000003,55.73,1,3,6,3,24
320.318,3.960600000000002,46.5,1,2,5,3,23
453.56200000000035,4.340540000000003,76.31,1,7,5,3,33
470.42300000000023,1.6012999999999993,94.74000000000001,2,4,3,2,33
430.48000000000025,1.4473999999999998,94.74000000000001,2,4,3,2,31
518.4960000000003,2.2860199999999997,124.43,2,6,4,3,37
474.6010000000004,4.271400000000003,62.239999999999995,1,5,10,2,35
434.5360000000003,3.491200000000002,62.239999999999995,1,5,9,2,32
448.56300000000033,4.145300000000003,51.239999999999995,0,5,10,2,33
572.7940000000006,5.824000000000007,69.14,1,6,13,3,42
520.7030000000002,4.583400000000004,104.45,2,7,4,3,37
451.5460000000004,4.978300000000004,83.28999999999999,2,6,9,3,33
363.4140000000001,3.398600000000001,95.08000000000001,3,4,5,3,25
378.4290000000001,2.8553000000000006,98.32,3,4,5,3,26
310.22400000000005,5.0675000000000034,21.259999999999998,1,2,5,2,20
293.769,4.553200000000003,21.259999999999998,1,2,5,2,20
482.62800000000027,4.773280000000004,72.36,1,5,3,3,36
512.6540000000003,4.135780000000003,92.59,2,6,4,3,38
535.5760000000002,2.2867999999999995,127.60000000000001,3,8,6,3,39
269.413,3.966000000000003,3.24,0,2,1,2,19
404.5140000000001,2.7723000000000004,68.44,2,4,5,3,30
405.5020000000001,2.1673,81.32999999999998,2,5,5,3,30
419.52900000000017,2.47572,81.32999999999998,2,5,5,3,31
406.4900000000001,1.5622999999999998,94.22,2,6,5,3,30
383.4420000000001,3.690900000000002,39.34,1,3,4,3,28
419.52900000000017,2.47572,81.32999999999998,2,5,5,3,31
406.4900000000001,1.5622999999999998,94.22,2,6,5,3,30
406.4900000000001,1.5622999999999998,94.22,2,6,5,3,30
365.4810000000001,2.4546200000000002,57.160000000000004,1,4,4,3,27
406.4900000000001,1.5622999999999998,94.22,2,6,5,3,30
440.9350000000002,2.2157,94.22,2,6,5,3,31
424.48000000000013,1.7013999999999998,94.22,2,6,5,3,31
406.4900000000001,1.5622999999999998,94.22,2,6,5,3,30
474.48700000000014,2.5811,94.22,2,6,5,3,34
456.4970000000001,2.4999000000000002,94.22,2,6,6,3,33
420.51700000000017,1.8707199999999997,94.22,2,6,5,3,31
440.9350000000002,2.2157,94.22,2,6,5,3,31
424.48000000000013,1.7013999999999998,94.22,2,6,5,3,31
386.52100000000013,4.452940000000003,87.74000000000001,2,5,4,3,27
506.6910000000004,5.684200000000006,63.00000000000001,1,7,11,3,37
621.6700000000001,4.304300000000003,123.38,2,8,9,5,44
359.21900000000005,3.9734000000000025,54.370000000000005,1,3,4,2,22
370.43000000000006,2.7998000000000003,85.36,1,6,7,2,26
544.6520000000004,3.2818000000000014,93.23,1,7,11,3,40
547.6520000000004,2.8874000000000004,104.59,2,8,11,3,40
547.6520000000004,2.8874000000000004,104.59,2,8,11,3,40
511.7800000000003,6.329620000000007,63.050000000000004,1,5,9,2,36
434.49200000000025,3.478500000000002,81.01,1,6,5,3,32
257.341,1.1823999999999997,67.07,2,5,3,2,19
257.34099999999995,1.1839999999999995,67.07,2,5,2,2,19
271.368,1.5724999999999996,67.07,2,5,3,2,20
365.90799999999996,5.730600000000004,27.63,1,3,2,2,26
331.46299999999997,5.077200000000004,27.63,1,3,2,2,25
287.344,3.407420000000002,68.02000000000001,1,5,3,3,20
272.3519999999999,2.0696,45.400000000000006,0,5,2,2,20
727.9140000000001,5.954200000000006,114.86000000000001,2,8,9,5,54
255.365,3.9917000000000025,36.95,2,3,5,2,19
471.5130000000002,3.8305000000000016,121.38,3,5,9,4,35
467.5730000000002,5.876460000000005,84.15,1,5,4,4,35
492.5790000000003,6.000320000000006,76.58000000000001,1,5,4,4,37
475.5560000000002,4.9333000000000045,107.69,1,6,4,4,36
474.5680000000002,5.538300000000005,94.8,1,5,4,4,36
450.54600000000016,5.061620000000004,83.9,1,5,4,4,34
381.8630000000001,4.756400000000003,63.13,2,2,5,3,27
355.4460000000001,1.958299999999999,131.83999999999997,4,7,6,2,26
411.6150000000002,5.595600000000006,30.290000000000003,0,4,8,3,29
409.59900000000016,5.349600000000006,30.290000000000003,0,4,6,3,29
286.4189999999999,2.853200000000001,32.34,1,2,5,1,21
270.376,3.806320000000002,25.36,0,3,5,2,20
338.278,4.592400000000004,32.26,2,2,6,2,22
563.528,3.4964000000000026,100.27000000000001,1,8,7,3,38
549.5010000000001,3.1063000000000023,100.27000000000001,1,8,6,3,37
465.6420000000004,3.214900000000002,53.32000000000001,0,5,5,2,34
522.6940000000004,2.4589000000000008,96.41000000000001,1,6,7,2,38
273.738,4.985400000000002,4.93,0,0,2,3,19
470.6610000000003,6.052700000000006,59.81,1,3,4,2,35
471.6490000000003,5.4477000000000055,72.7,1,4,4,2,35
504.6750000000004,4.501200000000004,78.79,1,6,8,2,37
466.60100000000034,4.274500000000004,58.56000000000001,0,5,9,2,34
258.329,0.5773999999999996,79.96000000000001,2,6,3,2,19
272.356,0.9212,71.17,1,6,2,2,20
272.356,0.9675,79.96000000000001,2,6,3,2,20
335.4070000000001,3.0238000000000014,69.73,1,5,2,2,25
415.5630000000002,2.3328800000000003,89.33,1,6,5,1,29
266.304,3.0701600000000013,85.49,1,4,4,2,20
255.32099999999997,3.5069000000000026,61.699999999999996,1,3,4,2,19
275.739,3.851880000000002,61.699999999999996,1,3,4,2,19
445.5270000000002,3.307000000000002,99.75,1,6,10,4,33
421.4420000000002,4.450100000000003,59.45,1,4,3,3,30
403.45200000000017,4.368900000000003,59.45,1,4,3,3,29
405.4240000000002,3.3919000000000015,68.67999999999999,1,5,4,3,29
405.42400000000015,3.562800000000002,68.67999999999999,1,5,3,3,29
447.4610000000003,3.7608000000000024,77.91,1,6,5,3,32
447.46100000000024,3.9752000000000027,77.91,1,6,4,3,32
421.4230000000002,3.4426000000000014,77.91,1,6,4,3,30
486.60500000000025,3.730800000000003,95.83000000000001,1,7,5,5,35
434.5440000000002,2.124699999999999,94.22,2,6,6,3,32
444.0190000000001,5.4649200000000056,50.38,1,4,3,2,31
416.5290000000002,3.392640000000002,67.80000000000001,0,5,3,4,31
548.517,3.8373200000000027,92.93,0,8,5,3,37
548.517,3.837320000000002,92.93,0,8,5,3,37
584.7170000000003,5.756800000000006,95.44,1,6,9,3,43
509.5490000000002,3.949900000000002,126.13,3,7,5,6,38
431.62800000000027,4.698040000000004,37.190000000000005,0,4,7,3,32
431.62800000000027,4.538540000000004,36.67,0,4,7,3,32
588.7130000000002,3.4324000000000012,104.24000000000001,1,9,7,4,42
427.50400000000025,3.911400000000003,84.22,2,4,7,4,32
512.6830000000002,5.625320000000006,72.87,0,7,7,5,37
452.5840000000002,4.065120000000003,86.00999999999999,0,8,7,4,32
449.48200000000026,4.030100000000003,88.58,1,6,5,4,33
442.47000000000014,1.8405,94.22,2,6,5,3,32
605.606,6.776320000000007,72.87,0,7,7,5,39
605.6060000000001,6.777920000000008,72.87,0,7,8,5,39
591.5790000000001,6.387820000000008,72.87,0,7,7,5,38
577.552,5.997720000000006,72.87,0,7,6,5,37
540.737,6.322240000000007,72.87,0,7,7,5,39
540.737,6.323840000000007,72.87,0,7,8,5,39
526.71,5.9337400000000065,72.87,0,7,7,5,38
512.6830000000002,5.543640000000005,72.87,0,7,6,5,37
515.605,5.787500000000006,59.980000000000004,0,6,7,4,36
483.58800000000014,5.046900000000004,59.980000000000004,0,6,7,4,34
512.6830000000002,5.625320000000006,72.87,0,7,7,5,37
448.5960000000001,4.163700000000003,72.87,0,7,7,4,32
452.5840000000002,4.065120000000003,86.00999999999999,0,8,7,4,32
528.7510000000001,6.093820000000007,59.730000000000004,0,7,7,5,37
468.6520000000002,4.5336200000000035,72.87,0,8,7,4,32
573.6980000000001,4.181380000000003,101.0,1,8,7,4,41
548.6880000000002,4.309700000000004,77.21,1,7,7,4,39
449.4820000000002,4.030100000000003,88.58,1,6,5,4,33
406.4900000000001,1.5622999999999998,94.22,2,6,5,3,30
474.48700000000014,2.5811,94.22,2,6,5,3,34
456.4970000000001,2.4999000000000002,94.22,2,6,6,3,33
420.51700000000017,1.8707199999999997,94.22,2,6,5,3,31
440.9350000000002,2.2157,94.22,2,6,5,3,31
458.9250000000002,2.3548,94.22,2,6,5,3,32
442.47000000000014,1.8404999999999998,94.22,2,6,5,3,32
424.48000000000013,1.7013999999999998,94.22,2,6,5,3,31
367.4280000000001,2.3418,65.12,1,5,4,3,27
381.45500000000015,2.65022,65.12,1,5,4,3,28
381.45500000000015,2.65022,65.12,1,5,4,3,28
574.6860000000001,3.1239800000000013,104.24000000000001,1,9,7,4,41
549.6760000000003,3.2523000000000017,80.45,1,8,7,4,39
528.7510000000001,6.093820000000007,59.730000000000004,0,7,7,5,37
468.6520000000002,4.5336200000000035,72.87,0,8,7,4,32
377.4880000000002,3.812800000000003,47.36000000000001,0,4,7,3,28
673.6100000000002,8.507820000000004,101.85000000000001,1,6,8,4,48
453.5870000000004,3.2109200000000016,84.59,0,7,5,2,33
397.52300000000025,3.194320000000002,75.36000000000001,0,6,5,2,29
426.5650000000003,2.3459200000000004,78.60000000000001,0,7,5,2,31
413.5220000000003,2.43072,84.59,0,7,5,2,30
399.49500000000023,2.0406199999999997,84.59,0,7,5,2,29
413.5220000000003,2.43072,84.59,0,7,6,2,30
385.5120000000002,2.5140200000000013,67.52000000000001,0,7,6,2,28
494.5470000000003,3.126940000000001,92.93,0,8,5,3,34
520.6250000000002,4.549700000000003,75.08000000000001,2,6,7,3,36
510.58200000000016,3.084900000000002,94.56,3,6,7,2,35
337.76099999999997,3.6655000000000024,48.53,0,3,5,3,23
301.781,3.0363200000000017,48.53,0,3,4,3,21
322.199,3.381300000000002,48.53,0,3,4,3,21
353.76,3.3293000000000017,57.760000000000005,0,4,6,3,24
287.754,2.727900000000001,48.53,0,3,4,3,20
321.306,3.151200000000002,48.53,0,3,5,3,23
305.744,2.867000000000001,48.53,0,3,4,3,21
337.305,2.9731000000000014,57.760000000000005,0,4,5,3,24
445.4980000000003,3.7066000000000026,84.26,1,7,5,4,33
564.516,2.8914000000000013,113.16000000000001,1,9,7,3,38
550.489,2.501300000000001,113.16000000000001,1,9,6,3,37
534.49,3.528900000000002,92.93,0,8,5,3,36
564.516,2.8914000000000013,113.16000000000001,1,9,7,3,38
550.489,2.501300000000001,113.16000000000001,1,9,6,3,37
288.742,2.1228999999999996,61.42,0,4,4,3,20
534.4900000000001,3.528900000000002,92.93,0,8,5,3,36
288.742,2.1228999999999996,61.42,0,4,4,3,20
525.7260000000001,5.3708200000000055,64.66,0,6,7,5,38
405.4330000000001,4.042100000000002,92.93,2,5,6,4,30
464.9610000000001,4.130600000000003,93.24,1,6,5,4,33
451.4570000000002,1.9107999999999996,105.91,2,9,8,3,32
465.4840000000002,2.2992999999999997,105.91,2,9,8,3,33
416.52900000000017,4.016340000000002,81.14,1,6,5,4,31
417.51700000000017,2.958940000000001,84.38,1,7,5,4,31
431.62800000000027,4.538540000000004,36.67,0,4,7,3,32
463.6260000000003,2.48334,77.13000000000001,2,6,9,3,34
403.5300000000002,2.9443400000000004,62.53,1,4,6,3,30
403.5300000000002,2.9443400000000004,62.53,1,4,6,3,30
405.5460000000002,2.863740000000001,62.53000000000001,1,4,6,3,30
406.5740000000002,3.7924400000000027,62.45,2,4,7,3,30
448.6550000000003,5.057340000000005,53.660000000000004,1,4,8,3,33
406.57400000000024,3.9365400000000026,62.45,2,4,7,3,30
433.6440000000003,4.457940000000004,36.67,0,4,8,3,32
406.53000000000003,3.868400000000002,69.87,2,4,9,3,30
487.6100000000002,5.440580000000003,100.79000000000002,1,8,8,4,34
472.5890000000001,3.514300000000002,91.49000000000001,2,6,7,3,35
509.54900000000015,3.949900000000002,126.13000000000001,3,7,5,6,38
534.4900000000001,3.528900000000002,92.93,0,8,5,3,36
420.4980000000001,3.836000000000003,89.94000000000001,0,7,4,4,30
356.36100000000005,2.246600000000001,89.94000000000001,0,6,3,3,26
512.6830000000002,5.625320000000006,72.87,0,7,7,5,37
372.42900000000003,2.7151000000000005,76.80000000000001,0,6,3,3,26
358.44200000000006,2.520620000000001,80.49,1,6,6,2,26
358.48600000000005,3.382520000000002,63.42,1,6,7,2,26
330.432,2.6039200000000005,63.42,1,6,6,2,24
355.44200000000006,2.497700000000001,87.21,1,7,7,2,26
398.42900000000003,3.5364200000000023,63.42,1,6,7,2,28
369.4690000000001,2.8878000000000013,87.21,1,7,8,2,27
374.4850000000001,2.620520000000001,72.65,1,7,9,2,27
373.4820000000001,3.0048000000000012,87.21,1,8,7,2,26
448.03200000000015,4.831300000000007,50.519999999999996,1,5,8,3,30
462.0590000000002,5.221400000000007,50.519999999999996,1,5,9,3,31
476.0860000000002,5.609900000000008,50.519999999999996,1,5,9,3,32
572.175,6.814120000000007,88.61,2,8,10,3,39
811.0659999999997,5.610300000000005,134.16,2,11,7,4,58
391.515,4.338200000000004,47.36,0,4,7,3,29
475.5320000000002,3.1786200000000013,123.4,2,8,6,4,35
392.4670000000002,2.03442,101.72,1,7,5,3,29
400.46400000000017,1.1610199999999997,99.21,1,6,5,4,28
403.42100000000016,2.7904999999999998,107.41,2,5,4,5,30
483.9060000000001,4.377120000000003,81.28999999999999,1,4,5,4,34
465.9160000000001,4.238020000000003,81.28999999999999,1,4,5,4,33
380.3760000000001,1.8889199999999993,90.00999999999999,1,6,4,3,26
356.46600000000007,3.6982200000000027,64.35000000000001,1,4,4,2,26
434.49600000000027,2.2107799999999997,109.29,2,6,6,3,32
460.5090000000003,3.535800000000002,80.47999999999999,1,6,5,4,34
436.4870000000002,3.4212200000000017,82.04999999999998,1,4,5,4,32
518.8550000000001,3.019020000000001,124.16,2,7,7,3,35
548.8810000000002,3.0276200000000015,133.39,2,8,8,3,37
461.1580000000001,3.807000000000002,90.22,1,5,3,2,24
447.131,3.416900000000002,90.22,1,5,3,2,23
447.131,3.416900000000002,90.22,1,5,3,2,23
513.234,4.509980000000004,74.39,0,5,2,2,28
447.087,2.425600000000001,93.3,1,5,3,2,23
433.10400000000004,2.899000000000001,76.23,1,5,3,2,22
447.1310000000001,3.2875000000000014,76.23,1,5,3,2,23
447.13100000000003,3.6533000000000024,85.02,2,5,5,2,23
407.06600000000003,2.8600000000000003,99.01,2,5,5,2,20
447.13100000000003,3.6533000000000024,85.02,2,5,4,2,23
288.332,3.079900000000001,79.31,1,5,2,2,20
424.4080000000001,2.776180000000001,113.56,1,6,5,3,29
396.47600000000017,2.634780000000001,113.56,1,6,6,3,28
377.40400000000017,1.8661,111.17999999999999,1,5,5,3,28
351.353,1.7959,74.57000000000001,2,4,3,2,25
467.9320000000002,4.224000000000003,76.3,1,6,5,4,33
456.4960000000002,4.527620000000003,73.27000000000001,1,4,4,4,34
439.49400000000026,3.783520000000002,86.16,1,5,4,4,33
525.5480000000002,3.174100000000001,135.24,3,7,5,6,39
525.5480000000002,3.174100000000001,135.24,3,7,5,6,39
366.799,4.264000000000004,44.870000000000005,0,3,7,3,25
421.5090000000002,1.7953999999999994,102.63,1,8,5,4,31
536.5710000000003,4.370380000000003,147.67,3,8,7,5,40
553.6020000000002,4.218000000000003,135.24,3,7,6,6,41
525.5480000000002,3.174100000000001,135.24,3,7,5,6,39
569.5570000000001,2.7217000000000002,172.53999999999996,4,8,7,6,42
568.5730000000002,2.1224,178.32999999999998,4,8,7,6,42
539.5750000000002,3.657000000000002,135.24,3,7,6,6,40
565.6130000000002,4.047100000000002,135.24,3,7,7,6,42
582.6440000000001,3.1987000000000005,138.48000000000002,3,8,8,6,43
509.5490000000002,4.178820000000002,126.13000000000001,3,7,5,6,38
538.5910000000002,3.9364000000000026,129.37,3,8,6,6,40
524.5640000000002,3.9121000000000024,138.15999999999997,4,8,6,6,39
511.5210000000002,3.5760000000000014,146.36,4,8,5,6,38
527.5890000000002,4.159100000000002,126.13000000000001,4,8,5,6,38
541.6160000000002,4.5923000000000025,126.13000000000001,3,8,6,6,39
509.5490000000002,4.178820000000002,126.13000000000001,3,7,5,6,38
425.5070000000002,4.088020000000003,60.38,1,3,3,3,32
515.9760000000002,4.627220000000003,102.37,2,5,5,4,37
475.48400000000015,3.579220000000002,115.13000000000001,1,7,6,4,35
352.772,4.069600000000003,44.870000000000005,0,3,6,3,24
320.318,3.8915000000000033,35.64,0,2,5,3,23
464.5220000000003,3.5531000000000024,105.92000000000002,2,6,9,3,34
525.6900000000005,3.356700000000001,82.03,1,6,14,2,38
417.4440000000002,3.9135000000000026,73.14000000000001,0,5,4,4,31
440.5000000000002,4.121500000000003,86.97,0,6,6,4,31
449.5150000000003,2.700900000000001,114.36000000000001,2,9,8,4,33
336.77299999999997,4.405800000000003,35.64,0,2,5,3,23
286.766,3.468200000000002,35.64,0,2,4,3,20
284.33799999999997,3.2623200000000017,35.64,0,2,4,3,21
469.4390000000002,3.8388000000000027,97.19000000000003,1,6,6,3,33
581.4560000000002,7.193520000000006,111.97000000000001,1,7,9,4,40
424.5490000000001,5.700820000000005,60.56,1,5,5,4,30
449.46200000000016,4.686620000000003,82.68,1,7,6,4,31
495.9420000000003,3.5842000000000027,93.37,1,7,5,4,35
873.9799999999993,3.0341400000000034,251.52999999999997,4,11,16,7,64
849.9539999999994,2.347940000000003,253.04999999999995,4,10,16,6,62
879.9799999999996,4.696640000000004,272.45000000000005,5,12,18,6,64
435.55700000000013,4.719320000000004,82.68,1,7,7,4,31
636.8560000000003,7.694200000000009,61.60000000000001,1,4,10,4,47
662.8940000000002,8.228400000000008,61.60000000000001,1,4,11,4,49
585.7680000000003,5.898880000000006,85.39,1,5,9,3,43
616.8660000000003,7.324700000000009,61.60000000000001,1,4,9,3,45
618.8380000000003,6.814400000000008,70.83,1,5,11,3,45
644.7540000000002,6.925800000000008,70.83,1,5,10,3,46
620.8100000000003,6.044400000000007,80.06,1,6,11,3,45
630.8490000000003,6.958500000000008,70.83,1,5,11,3,46
560.7580000000002,6.027200000000007,61.60000000000001,1,4,9,3,41
546.7310000000001,5.6371000000000056,61.60000000000001,1,4,10,3,40
466.53800000000035,1.79452,104.97,1,7,5,2,34
525.5480000000002,3.174100000000001,135.24,3,7,5,6,39
421.5300000000002,4.156520000000003,82.68,1,7,6,4,30
435.55700000000024,4.546620000000003,82.68,1,7,6,4,31
489.6240000000002,2.047699999999999,99.41000000000001,2,7,8,3,36
524.6650000000004,5.798400000000006,88.32,1,4,6,4,39
476.5730000000003,3.0897000000000014,86.38000000000001,2,6,5,2,35
476.5730000000003,3.0897000000000014,86.38000000000001,2,6,5,2,35
476.5730000000003,3.0897000000000014,86.38000000000001,2,6,5,2,35
502.7030000000003,6.7609000000000075,71.16,1,5,8,2,37
476.47800000000024,3.4857000000000022,67.15,0,5,6,3,34
458.4880000000002,3.3466000000000014,67.15,0,5,6,3,33
459.4760000000002,2.741600000000001,80.04,0,6,6,3,33
459.4760000000002,2.741600000000001,80.04,0,6,6,3,33
451.6000000000004,2.6631,80.04,0,7,6,3,32
465.5580000000003,3.076600000000001,80.04,0,7,6,4,33
476.4780000000002,3.2946000000000017,67.15,0,5,6,3,34
477.4660000000002,2.6896000000000004,80.04,0,6,6,3,34
477.4660000000002,2.6896000000000004,80.04,0,6,6,3,34
483.54800000000023,3.0246000000000013,80.04,0,7,6,4,34
476.4780000000002,3.2946000000000017,67.15,0,5,6,3,34
486.53100000000023,3.9135000000000035,57.690000000000005,0,4,6,2,33
468.5410000000002,3.7744000000000035,57.690000000000005,0,4,6,2,32
486.5310000000002,3.722400000000003,57.690000000000005,0,4,6,2,33
493.6010000000002,3.4524000000000026,70.58000000000001,0,6,6,3,33
475.6110000000002,3.3133000000000026,70.58000000000001,0,6,6,3,32
486.53100000000023,3.9135000000000035,57.690000000000005,0,4,6,2,33
390.44900000000007,4.370900000000003,23.550000000000004,0,2,5,2,28
413.4680000000002,3.914500000000003,55.81,2,3,3,2,30
467.5600000000003,4.2302000000000035,47.02,1,3,5,2,34
473.53900000000027,4.037300000000004,47.02,1,3,6,2,34
427.4950000000002,3.3554000000000013,55.81,2,3,4,2,31
397.46900000000016,4.208900000000003,35.580000000000005,1,2,3,2,29
327.33099999999996,1.9707999999999999,63.69000000000001,1,4,2,1,23
627.1510000000003,6.931000000000009,47.10000000000001,0,3,8,3,44
641.1780000000002,7.323900000000009,55.89000000000001,1,3,8,3,45
500.61800000000045,4.318500000000003,69.88,1,3,5,3,37
324.42800000000017,2.5711000000000004,41.370000000000005,0,3,4,2,24
487.6160000000004,3.0086000000000013,83.80000000000001,2,4,9,2,35
296.37000000000006,2.9128000000000007,41.57,1,3,4,2,22
369.42400000000004,4.485400000000004,55.32000000000001,0,4,5,4,28
294.3950000000001,3.1049000000000015,32.34,1,2,2,1,20
493.9510000000001,4.143770000000003,135.48000000000002,4,5,8,3,35
474.32300000000015,4.919070000000003,98.18,3,4,5,3,32
571.4650000000004,5.080970000000004,138.72,4,6,10,3,39
583.4760000000002,5.080970000000004,138.72,4,6,7,3,40
583.4760000000003,5.080970000000004,138.72,4,6,7,3,40
539.4670000000002,5.770270000000005,101.42,3,5,6,3,37
583.4760000000003,5.223470000000004,138.72,4,6,7,3,40
456.33300000000014,4.779970000000004,98.18,3,4,5,3,31
495.9230000000002,3.589970000000002,144.71000000000004,4,6,8,3,35
557.9940000000001,5.6170700000000044,144.71000000000004,4,6,8,4,40
601.1320000000002,5.979570000000005,118.49,3,6,8,4,42
574.0620000000002,5.975970000000004,135.48000000000002,4,6,8,4,40
530.0530000000002,6.277770000000004,98.18,3,5,7,4,37
517.9950000000002,2.1945699999999997,137.86999999999998,3,5,6,3,35
436.6000000000002,3.3220800000000015,82.59,1,5,4,1,32
459.4780000000001,0.7895999999999987,124.84,2,6,4,2,33
433.4400000000001,-0.005499999999999783,133.63000000000002,3,6,5,2,31
379.4350000000001,3.505600000000001,76.28999999999999,1,3,4,3,28
477.0480000000002,5.088000000000005,43.78,1,3,7,3,34
510.65400000000034,1.9507999999999999,67.33000000000001,1,5,9,2,37
394.50000000000006,3.337600000000001,101.44999999999999,3,5,5,3,28
469.9770000000002,2.2448000000000006,120.24000000000001,3,6,6,3,33
406.5300000000002,3.382900000000002,50.60000000000001,0,4,7,3,30
394.49400000000014,3.4913000000000025,41.370000000000005,0,3,5,3,29
304.4190000000001,1.3672999999999988,62.46000000000001,1,5,2,2,21
328.40299999999996,2.7211000000000007,41.57000000000001,1,3,10,1,23
346.393,2.670700000000001,41.57000000000001,1,3,11,1,24
332.36599999999993,2.6282000000000005,41.57000000000001,1,3,9,1,23
346.393,3.0183000000000018,41.57000000000001,1,3,10,1,24
469.56600000000014,4.606900000000004,67.45,1,5,6,4,34
384.38300000000004,2.570500000000001,60.13,0,4,3,3,26
378.35400000000004,2.5090000000000003,60.13,0,3,3,3,27
347.34000000000003,3.8103000000000025,38.13,0,2,3,3,25
353.369,3.871800000000002,38.13,0,3,3,3,24
319.81700000000006,3.506400000000002,38.13,0,3,3,3,21
347.34000000000003,3.8682000000000025,38.13,0,2,4,3,25
331.7780000000001,3.5840000000000023,38.13,0,2,3,3,23
315.32300000000004,3.069700000000001,38.13,0,2,3,3,23
347.34000000000003,3.8103000000000025,38.13,0,2,3,3,25
348.32800000000003,3.205300000000001,51.02,0,3,3,3,25
313.78800000000007,3.4449000000000014,38.13,0,2,3,3,22
347.34000000000003,3.8103000000000025,38.13,0,2,3,3,25
348.32800000000003,3.205300000000001,51.02,0,3,3,3,25
348.32800000000003,3.205300000000001,51.02,0,3,3,3,25
385.4580000000002,3.9798000000000027,49.57000000000001,1,2,5,2,28
435.46500000000015,4.613500000000004,49.57000000000001,1,2,6,2,31
435.46500000000015,4.613500000000004,49.57000000000001,1,2,6,2,31
344.36100000000005,3.7923000000000027,43.78,1,2,2,2,25
386.44600000000014,3.6906000000000025,61.93000000000001,1,3,5,2,28
442.6040000000002,3.3798000000000004,87.9,2,4,7,1,32
428.5770000000002,2.9897,87.9,2,4,6,1,31
427.4200000000002,4.335500000000003,38.82000000000001,1,3,5,1,28
442.6040000000002,3.3798000000000004,87.9,2,4,7,1,32
428.5770000000002,2.9897,87.9,2,4,6,1,31
451.59300000000036,1.5669000000000008,124.83999999999999,3,5,6,1,31
258.237,1.7536800000000001,91.72,0,6,2,2,19
477.9970000000002,2.0194,112.84000000000002,2,8,6,2,33
464.5570000000003,2.0585999999999998,86.95,1,4,6,1,33
448.5180000000003,1.9024,96.83,1,5,5,2,32
401.45700000000016,2.5622000000000007,66.64,1,3,5,2,29
442.4700000000002,1.763,96.83,1,5,5,3,32
424.4800000000002,1.4658,96.83,1,5,5,3,31
442.4700000000002,1.7629999999999995,96.83,1,5,5,3,32
442.4700000000002,1.763,96.83,1,5,5,3,32
426.4960000000002,0.8414000000000007,94.27,2,6,5,1,31
458.5090000000002,2.1718,86.95,1,4,6,2,33
513.6570000000003,5.174800000000005,43.86000000000001,0,3,6,3,38
350.4660000000001,2.7775000000000007,62.46000000000001,1,4,2,2,26
460.5250000000001,3.461000000000001,78.68,1,5,5,2,33
412.9460000000001,4.478400000000004,51.02,0,4,5,3,28
404.43600000000004,3.437100000000001,71.58,1,4,4,2,29
422.48100000000034,3.435100000000002,86.38000000000001,2,6,4,3,31
467.4970000000003,2.8695000000000013,75.46000000000001,0,7,4,3,34
391.427,3.166300000000002,95.67,2,5,4,3,29
409.5050000000002,3.2886000000000024,43.86000000000001,0,3,5,2,30
391.5150000000002,3.1495000000000024,43.86000000000001,0,3,5,2,29
418.5660000000001,4.337800000000004,49.330000000000005,0,5,5,3,30
522.9680000000003,3.4994000000000023,104.57000000000001,1,8,5,4,37
348.44599999999997,3.3347000000000024,41.57000000000001,1,3,2,2,26
380.5170000000001,3.1811000000000016,62.46000000000001,1,5,3,3,27
421.4610000000002,1.8464999999999998,119.59,1,9,5,3,31
445.48300000000023,2.7456000000000005,109.36000000000001,1,8,5,4,33
427.4900000000002,1.9079999999999997,119.59,1,10,5,3,30
425.50700000000006,5.359100000000005,46.09,0,3,6,4,32
407.51700000000005,5.220000000000005,46.09,0,3,6,4,31
442.4980000000001,3.731300000000002,97.89,1,6,6,4,33
380.5170000000001,3.1811000000000016,62.46000000000001,1,5,3,3,27
424.58500000000015,4.998300000000005,53.010000000000005,1,4,6,2,31
436.47400000000005,4.719600000000006,53.010000000000005,1,4,6,2,31
628.4820000000004,6.372000000000004,52.57000000000001,2,3,8,3,43
555.6110000000003,1.9452,138.02,3,9,9,2,40
319.408,3.0154000000000014,49.25,1,4,5,3,24
542.562,4.540300000000003,94.85000000000001,1,7,8,3,39
441.8940000000001,4.009100000000002,70.59,1,6,5,3,31
485.94700000000023,4.389900000000002,88.61000000000001,2,7,8,3,34
448.5710000000003,4.048200000000003,87.39,1,6,5,3,33
344.5430000000001,4.529200000000004,15.71,0,3,7,1,25
464.56900000000024,5.580700000000005,53.989999999999995,0,4,4,5,35
465.55700000000024,4.975700000000004,66.88,0,5,4,5,35
352.4570000000001,3.754100000000003,24.3,0,3,4,3,26
460.58200000000033,3.7586800000000027,105.12,2,5,6,2,34
527.5570000000002,1.1666000000000005,138.02,3,9,9,2,38
486.5230000000002,4.049680000000003,111.45000000000002,1,7,8,2,35
431.5440000000002,3.7527000000000017,94.98,1,7,7,4,32
467.53000000000026,1.3622799999999995,154.70999999999998,4,9,8,2,34
319.44800000000004,4.392700000000003,23.47,1,2,5,3,24
418.4970000000002,2.6887,72.52000000000001,1,5,8,4,31
263.381,2.7326000000000006,43.7,2,3,4,1,19
279.383,3.9624000000000033,12.47,0,2,3,2,21
493.5680000000003,1.5306799999999994,145.92,3,9,6,2,36
426.46700000000016,2.9097999999999997,77.23,3,3,6,3,31
455.99400000000014,2.7182000000000013,103.17000000000002,3,6,7,3,32
317.35999999999996,3.6262000000000025,30.930000000000003,0,4,6,2,23
343.3790000000001,3.2158000000000015,49.39,0,6,6,2,25
317.35999999999996,3.6262000000000025,30.930000000000003,0,4,6,2,23
319.246,3.9277000000000024,16.130000000000003,0,2,5,2,19
274.795,3.8186000000000027,16.130000000000003,0,2,5,2,19
313.8320000000001,3.6341000000000028,29.020000000000003,0,3,5,2,22
297.3770000000001,3.1198000000000015,29.020000000000003,0,3,5,2,22
279.3870000000001,2.9807000000000015,29.020000000000003,0,3,5,2,21
313.8320000000001,3.6341000000000028,29.020000000000003,0,3,5,2,22
297.3770000000001,3.1198000000000015,29.020000000000003,0,3,5,2,22
279.3870000000001,2.9807000000000015,29.020000000000003,0,3,5,2,21
279.38700000000006,2.9807000000000015,29.020000000000003,0,3,5,2,21
551.7760000000002,5.463800000000004,86.80000000000001,2,6,9,2,40
565.8030000000002,5.711400000000005,86.80000000000001,2,6,10,2,41
277.411,4.168600000000003,3.24,0,1,3,2,21
470.0210000000002,3.1083000000000016,103.17000000000002,3,6,8,3,33
324.39900000000006,3.812980000000003,36.26,0,3,5,2,24
508.45700000000016,5.149400000000005,57.5,2,4,9,3,31
233.399,3.868400000000003,3.24,0,1,5,1,17
247.38199999999998,2.8588000000000013,12.47,0,2,6,1,18
280.415,3.8750000000000027,6.48,0,2,4,2,21
318.8730000000001,4.894400000000004,6.48,0,3,4,2,21
495.4540000000001,5.663700000000006,50.160000000000004,1,3,9,4,34
374.44400000000013,2.6824000000000003,66.71000000000001,1,4,5,4,28
479.5560000000003,3.7713000000000028,74.41,0,6,7,4,35
461.5660000000003,3.6322000000000028,74.41,0,6,7,4,34
433.5120000000002,2.852000000000001,74.41,0,6,7,4,32
461.5660000000003,3.6322000000000028,74.41,0,6,7,4,34
461.5660000000003,3.6322000000000028,74.41,0,6,7,4,34
447.5390000000002,2.9765000000000015,85.41000000000001,1,6,7,4,33
499.5580000000003,3.796100000000002,75.02000000000001,1,6,9,3,36
412.49300000000017,3.6415000000000015,70.13,2,3,6,4,31
485.5390000000002,4.056000000000003,100.96000000000001,2,6,8,4,35
501.53800000000024,3.0284000000000013,121.19000000000001,3,7,10,4,36
539.6390000000002,5.652300000000005,72.16,1,4,7,6,41
490.56700000000023,3.8941000000000026,85.05000000000001,1,5,7,5,37
540.6270000000003,5.047300000000004,85.05000000000001,1,5,7,6,41
540.6270000000003,5.047300000000004,85.05000000000001,1,5,7,6,41
402.4980000000001,3.717900000000002,52.29,0,4,8,4,30
469.5640000000002,4.686680000000004,62.94,0,5,7,3,35
409.5530000000002,3.685900000000003,27.54,0,4,7,3,30
523.464,4.814100000000005,65.00999999999999,1,4,8,3,36
399.52900000000017,4.200800000000003,18.509999999999998,1,3,7,2,29
400.51300000000015,4.627800000000004,15.71,0,3,7,2,29
679.877,5.602100000000006,106.09,1,10,10,6,51
680.8649999999999,4.997100000000005,118.98000000000002,1,11,10,6,51
695.876,4.840500000000005,120.14000000000001,1,10,10,6,52
695.876,4.895400000000004,126.06,2,10,10,6,52
694.8919999999998,5.184300000000005,132.11,2,11,10,6,52
679.877,5.602100000000006,106.09,1,10,10,6,51
680.8649999999999,4.997100000000005,118.98000000000002,1,11,10,6,51
390.48700000000014,2.283999999999999,77.23,3,3,6,3,29
390.48700000000014,2.283999999999999,77.23,3,3,6,3,29
360.41700000000014,2.2923,66.71000000000001,1,4,4,4,27
448.5460000000001,3.5607000000000015,89.1,4,6,10,4,33
255.36100000000002,3.3542000000000023,12.47,0,2,6,2,19
470.52200000000033,3.550600000000001,121.47,3,8,12,3,34
364.44500000000005,3.356900000000002,43.7,0,4,8,3,27
417.54900000000004,5.064200000000006,52.93000000000001,2,4,10,3,31
504.5660000000003,3.084600000000001,96.73,1,9,8,4,37
317.35999999999996,3.6262000000000025,30.930000000000003,0,4,6,2,23
455.99400000000014,2.7182000000000013,103.17000000000002,3,6,7,3,32
317.35999999999996,3.6262000000000025,30.930000000000003,0,4,6,2,23
454.3610000000001,4.935200000000004,63.050000000000004,1,5,6,4,31
571.5980000000002,5.8319000000000045,76.10000000000001,1,6,7,4,41
502.5200000000003,3.8974800000000016,99.89000000000001,1,7,6,3,36
520.5350000000003,3.1247,119.19,2,7,7,3,37
517.5750000000003,4.9032000000000036,76.10000000000001,1,6,7,3,37
497.64300000000037,4.2973000000000035,60.82000000000001,1,3,5,3,37
435.4500000000001,3.4914000000000023,83.28,2,5,6,3,31
388.4710000000001,3.3278000000000016,52.29,0,4,7,4,29
462.6450000000003,2.9320000000000004,104.44999999999999,2,7,4,2,31
304.437,4.185000000000003,29.259999999999998,1,2,5,3,23
305.421,4.218600000000003,23.47,1,2,5,3,23
311.45,4.280100000000004,23.47,1,3,5,3,22
349.474,4.235200000000003,32.7,1,3,8,3,26
362.8640000000001,4.802500000000004,33.95,0,3,4,4,26
385.47500000000014,3.5787000000000013,67.56,1,4,4,5,29
538.5700000000003,5.126300000000004,83.56,2,5,6,3,39
419.57300000000004,4.689800000000004,53.52,1,6,9,3,31
400.9130000000001,5.888800000000004,36.85,1,2,4,5,29
364.1940000000001,5.866100000000003,12.47,0,2,4,2,23
295.346,2.7206,66.93,1,5,5,3,22
427.34600000000006,3.595900000000003,41.37,0,3,3,3,27
381.9070000000001,4.091800000000004,28.48,0,2,3,3,27
433.9830000000001,5.093100000000005,36.44,0,3,5,3,31
433.9830000000001,5.093100000000005,36.44,0,3,5,3,31
433.9830000000001,5.093100000000005,36.44,0,3,5,3,31
416.5400000000001,5.183800000000005,23.55,0,2,5,3,31
417.5280000000001,4.578800000000004,36.44,0,3,5,3,31
417.5280000000001,4.578800000000004,36.44,0,3,5,3,31
399.53800000000007,4.439700000000004,36.44,0,3,5,3,30
399.53800000000007,4.439700000000004,36.44,0,3,5,3,30
512.6290000000002,7.683100000000007,66.49000000000001,2,4,7,4,38
296.197,4.847300000000003,12.47,0,2,4,2,19
296.197,4.847300000000003,12.47,0,2,4,2,19
393.4910000000002,2.842900000000001,83.14,2,5,6,3,29
302.78000000000003,4.484600000000003,8.17,0,1,3,3,21
393.49100000000027,2.842900000000001,83.14,2,5,6,3,29
371.44800000000015,3.363900000000002,67.56,1,4,4,5,28
442.5270000000002,3.0657000000000014,87.87,1,5,5,5,33
449.5400000000002,2.767400000000001,101.7,1,6,5,5,32
500.5780000000004,4.478000000000003,83.79,2,6,6,4,37
453.49600000000015,0.5911,124.84,2,6,6,2,31
385.4530000000001,1.15738,110.91000000000001,1,5,5,3,27
409.4710000000002,2.367,97.19,1,5,4,4,29
440.49100000000004,2.992700000000001,88.65,1,5,5,2,30
385.4890000000001,2.656200000000001,76.64000000000001,2,4,4,3,27
597.5210000000002,2.7193000000000005,132.04,3,7,9,3,39
443.4950000000001,3.5371000000000015,87.22,2,7,6,2,30
530.0650000000003,3.0311000000000012,85.71000000000001,2,7,7,2,37
374.45200000000017,2.4178800000000003,85.89999999999999,1,7,5,3,28
321.2510000000001,5.137900000000005,6.48,0,2,2,2,21
393.50600000000014,4.012300000000002,28.07,0,4,2,2,29
386.8870000000001,3.173980000000001,99.97,2,5,5,2,27
498.5110000000002,6.439800000000005,23.55,0,2,4,2,35
393.50600000000014,4.012300000000002,28.07,0,4,2,2,29
504.59500000000025,1.6981999999999988,128.51,3,8,8,3,37
379.4790000000001,3.622200000000002,28.07,0,4,2,2,28
378.491,5.106100000000005,28.259999999999998,1,2,2,3,28
411.4430000000001,4.143500000000002,37.39,1,4,6,2,29
361.493,3.774300000000002,53.08,2,5,5,3,27
362.48100000000017,3.1693000000000007,65.97,2,6,5,3,27
362.4810000000001,3.085000000000001,66.83000000000001,1,6,5,3,27
348.332,3.1270000000000007,66.83000000000001,1,6,4,3,25
399.4490000000001,2.8095000000000008,78.86,2,7,5,3,29
337.38700000000006,1.4400999999999995,109.92000000000002,2,7,6,3,25
337.4310000000001,2.3035999999999994,92.85000000000001,2,7,7,3,25
338.4150000000001,2.3372,87.06,2,7,7,3,25
399.4490000000001,2.8095000000000008,78.86,2,7,5,3,29
378.48400000000015,1.4682999999999995,82.10000000000001,2,8,5,3,28
365.44100000000014,1.5530999999999993,88.09,2,8,5,3,27
363.46900000000016,2.5643000000000002,78.86,2,7,5,3,27
399.4490000000001,2.8095000000000008,78.86,2,7,5,3,29
378.48400000000015,1.4682999999999995,82.10000000000001,2,8,5,3,28
365.44100000000014,1.5530999999999993,88.09,2,8,5,3,27
364.45300000000015,2.5312,76.06,1,7,5,3,27
364.45300000000015,2.5312,76.06,1,7,5,3,27
433.5190000000001,4.826900000000004,79.72,1,7,6,5,33
333.37,3.6876000000000024,46.84,0,4,3,4,25
276.74199999999996,4.110500000000003,16.130000000000003,0,2,3,2,19
276.74199999999996,4.110500000000003,16.130000000000003,0,2,3,2,19
259.2989999999999,4.201200000000003,3.24,0,1,3,2,19
260.2869999999999,3.5962000000000023,16.130000000000003,0,2,3,2,19
260.2869999999999,3.5962000000000023,16.130000000000003,0,2,3,2,19
242.282,3.268600000000001,61.08,1,5,3,2,18
241.274,2.6366000000000005,63.91,0,5,3,2,18
452.5550000000002,2.9629000000000003,101.98,3,5,8,2,33
440.5440000000001,2.577000000000001,101.98000000000002,3,5,12,2,32
460.51300000000026,3.2102000000000013,87.5,1,8,5,4,34
387.47400000000005,3.2786000000000017,44.370000000000005,2,3,6,2,28
391.437,3.1857000000000015,44.370000000000005,2,3,5,2,28
449.489,4.824300000000004,44.370000000000005,2,3,6,2,30
425.88200000000006,4.044200000000003,44.370000000000005,2,3,5,2,29
409.427,3.5299000000000023,44.370000000000005,2,3,5,2,29
415.5370000000001,4.164300000000003,53.60000000000001,2,4,7,3,31
391.437,3.3908000000000023,44.370000000000005,2,3,5,2,28
392.425,2.785800000000002,57.260000000000005,2,4,5,2,28
393.413,2.1808000000000005,70.15,2,5,5,2,28
446.5730000000004,3.1277000000000017,90.98,2,6,9,2,31
519.5680000000002,2.527000000000001,97.8,3,6,7,2,37
937.1980000000002,6.842000000000008,166.69,3,11,21,5,66
839.9930000000002,5.893500000000007,163.89,2,11,14,5,59
506.5820000000003,3.365000000000002,101.50000000000001,2,8,7,3,37
360.5020000000002,1.8697999999999992,57.7,1,5,6,1,26
528.6230000000002,4.5968000000000035,65.43,2,5,7,3,38
518.5800000000003,3.1320000000000023,84.91,3,5,7,2,37
288.753,4.4890000000000025,8.17,0,1,2,3,20
506.5820000000003,3.365000000000001,101.50000000000001,2,8,7,3,37
436.9470000000002,3.6568000000000023,74.25,1,6,5,3,31
299.761,3.105100000000001,38.13,0,3,2,3,21
300.7490000000001,2.5001000000000007,51.02,0,4,2,3,21
355.44500000000005,4.369900000000003,53.940000000000005,1,5,5,4,27
556.5890000000004,4.244700000000003,101.50000000000001,2,8,7,3,40
506.5820000000003,3.365000000000001,101.50000000000001,2,8,7,3,37
261.275,2.991200000000001,29.020000000000003,0,3,3,2,19
504.5570000000002,2.8180000000000014,90.46000000000001,2,6,7,2,36
483.0450000000003,3.562100000000001,110.08,2,9,4,3,33
415.4550000000002,5.734200000000005,21.700000000000003,0,3,7,2,30
395.5460000000003,6.380000000000006,12.47,0,2,7,3,30
389.41700000000014,5.178000000000004,21.700000000000003,0,3,6,2,28
393.38000000000017,5.274600000000004,21.700000000000003,0,3,6,2,28
355.48100000000017,5.433700000000005,12.47,0,2,6,3,27
369.5080000000002,5.823800000000005,12.47,0,2,6,3,28
352.48100000000005,5.980100000000005,19.03,1,1,6,4,27
353.4650000000001,6.245000000000005,16.380000000000003,0,2,6,4,27
372.30600000000015,4.919300000000004,12.47,0,2,5,2,23
379.39700000000016,5.314700000000005,12.47,0,2,5,2,27
359.4350000000002,5.729400000000005,3.24,0,1,5,2,26
347.3800000000001,4.785500000000004,12.47,0,2,5,2,25
361.40700000000015,5.175600000000005,12.47,0,2,5,2,26
363.37900000000013,4.621800000000004,21.700000000000003,0,3,5,2,26
345.36400000000003,5.596800000000004,16.380000000000003,0,2,5,3,25
365.3700000000001,4.924600000000004,12.47,0,2,5,2,26
379.39700000000016,5.314700000000005,12.47,0,2,5,2,27
329.3900000000001,4.704300000000004,12.47,0,2,6,2,24
343.41700000000014,5.094400000000004,12.47,0,2,6,2,25
367.3420000000001,4.7184000000000035,21.700000000000003,0,3,5,2,26
329.44300000000015,4.919900000000005,12.47,0,2,5,3,25
343.4700000000002,5.310000000000004,12.47,0,2,5,3,26
487.6190000000002,4.642200000000004,43.86000000000001,0,3,7,3,36
423.55700000000036,3.0604000000000013,63.57000000000001,1,3,5,2,31
423.55700000000036,3.0604000000000013,63.57000000000001,1,3,5,2,31
423.55700000000036,3.0604000000000013,63.57000000000001,1,3,5,2,31
500.34200000000016,4.234770000000001,135.48000000000002,4,5,7,3,34
417.89700000000016,2.6884000000000015,99.41000000000001,1,6,7,3,29
492.5860000000001,4.797100000000004,60.74,2,3,6,2,35
436.5750000000002,4.550900000000004,33.53,0,4,6,3,32
372.4900000000002,2.1715,58.64,1,4,4,2,26
504.59700000000015,4.569100000000003,48.790000000000006,0,3,8,2,36
437.5840000000004,3.4505000000000017,63.57000000000001,1,3,6,2,32
456.3260000000002,3.7856000000000023,95.85000000000001,1,5,6,2,30
440.33100000000013,3.6224000000000016,91.42,1,5,6,2,29
451.6110000000004,3.840600000000003,63.57000000000001,1,3,7,2,33
467.6100000000004,3.077,72.80000000000001,1,4,7,2,34
450.58300000000037,3.201780000000001,87.36,1,4,7,2,33
455.5990000000004,2.6704999999999997,83.80000000000003,2,4,8,2,33
528.3960000000002,5.014970000000003,135.48000000000002,4,5,9,3,36
497.6780000000004,5.1604000000000045,44.29,1,5,9,2,36
463.6700000000004,3.7615000000000025,53.519999999999996,1,6,9,2,34
373.4090000000001,3.8365000000000027,98.75,0,6,11,2,27
359.38200000000006,3.794000000000003,98.75,0,6,10,2,26
371.43100000000004,3.8057000000000025,49.57,1,2,5,2,27
502.6120000000002,2.1719799999999996,86.10999999999999,0,7,10,2,35
502.6120000000002,2.1719799999999996,86.11,0,7,10,2,35
520.6020000000002,2.3110799999999996,86.11,0,7,10,2,36
506.5750000000002,1.920979999999999,86.11,0,7,9,2,35
512.6320000000003,1.5776799999999995,95.33999999999999,0,8,9,2,36
530.6220000000003,1.7167799999999998,95.33999999999999,0,8,9,2,37
489.0410000000002,2.45988,76.88,0,6,8,2,33
490.5760000000002,2.0846799999999996,76.88,0,6,8,2,34
472.58600000000024,1.94558,76.88,0,6,8,2,33
490.57600000000025,2.0846799999999996,76.88,0,6,8,2,34
472.58600000000024,1.9455799999999996,76.88,0,6,8,2,33
454.5960000000002,1.8064800000000003,76.88,0,6,8,2,32
472.58600000000024,1.94558,76.88,0,6,8,2,33
465.57900000000024,1.63566,100.66999999999999,0,7,7,2,33
483.56900000000024,1.7747599999999994,100.66999999999999,0,7,7,2,34
458.5590000000002,1.9030799999999992,76.88,0,6,7,2,32
440.5690000000002,1.7639799999999994,76.88,0,6,7,2,31
370.49300000000005,3.1868000000000016,49.85,0,4,4,1,27
351.4910000000001,2.2025999999999994,45.25,0,4,6,0,25
373.51600000000025,4.215900000000004,26.79,0,2,6,1,27
399.5350000000003,3.805500000000003,45.25,0,4,6,1,29
423.52300000000037,5.0956000000000055,26.79,0,2,6,1,30
389.97100000000034,4.730200000000004,26.79,0,2,6,1,27
399.9470000000002,4.9287000000000045,26.79,0,3,6,3,27
355.52600000000024,4.076800000000003,26.79,0,2,6,1,26
374.38700000000006,3.1548000000000016,64.01,2,3,4,2,27
544.6710000000003,4.145700000000003,76.11999999999999,2,5,10,3,40
382.4830000000002,3.116600000000001,44.53,1,4,6,3,28
490.6080000000004,3.1211800000000016,125.35,3,6,8,2,36
358.511,2.8622700000000014,62.59,3,5,7,2,25
419.9780000000002,4.268900000000003,50.519999999999996,1,5,7,3,28
440.5430000000001,4.927300000000004,43.7,0,4,10,4,33
357.435,2.490900000000001,71.53,1,6,7,2,25
393.1410000000001,5.853500000000003,12.47,0,2,7,2,23
441.57500000000016,1.9828999999999997,104.81,2,6,11,2,29
345.355,3.056300000000001,98.75,0,6,9,2,25
447.3840000000002,3.2791000000000015,78.87,2,5,10,2,28
504.41400000000027,3.811200000000003,85.87,2,5,7,3,34
495.56100000000026,2.1525999999999987,115.65,1,7,6,4,35
495.56100000000026,2.1525999999999987,115.65,1,7,6,4,35
391.5630000000001,2.5149,43.43,2,5,4,2,29
377.53200000000027,4.465600000000004,26.790000000000006,0,2,5,2,28
531.7220000000004,6.376100000000007,69.72,1,4,6,3,38
386.377,4.384100000000004,58.120000000000005,1,4,5,3,28
387.365,3.7791000000000023,71.01,1,5,5,3,28
395.37,2.6306000000000003,96.79,1,8,5,3,27
344.375,2.3559,83.9,1,7,5,3,24
448.52300000000025,3.1083000000000016,80.93,0,7,8,3,33
240.34999999999997,2.6334999999999997,15.27,1,2,3,2,18
498.5960000000002,5.203600000000004,74.33000000000001,2,6,8,3,33
424.54400000000015,4.9051000000000045,41.57000000000001,1,3,4,3,32
485.5690000000002,3.937400000000003,97.19,1,5,6,5,35
402.92900000000003,5.527300000000005,41.050000000000004,1,4,7,4,29
487.54500000000024,2.7274000000000003,122.97,1,7,6,5,35
347.378,2.6051,87.91000000000001,1,6,5,4,26
347.37800000000004,2.6051,87.91000000000001,1,6,5,4,26
425.46400000000006,2.1346,104.69000000000001,2,5,6,3,31
434.46400000000017,3.182100000000002,79.61000000000001,1,3,5,3,30
434.46400000000017,3.182100000000002,79.61000000000001,1,3,5,3,30
416.47400000000016,3.043000000000002,79.61000000000001,1,3,5,3,29
465.53500000000025,2.5261000000000005,106.41999999999999,1,6,5,4,33
442.95100000000025,3.3330800000000016,109.2,2,6,6,2,31
411.4420000000001,2.872300000000001,76.07000000000001,1,5,6,1,27
390.53100000000023,4.747800000000003,61.28,2,5,3,3,29
380.5610000000002,5.103700000000004,41.050000000000004,1,5,3,3,27
391.51900000000023,4.142800000000003,74.17,2,6,3,3,29
391.51900000000023,4.142800000000003,74.17,2,6,3,3,29
406.5340000000002,3.984700000000003,89.96000000000001,3,6,4,3,30
436.56000000000023,3.2726000000000006,99.33,3,7,5,3,32
421.5490000000002,3.3625000000000016,105.12,3,7,4,3,31
406.5340000000002,3.780300000000002,79.10000000000001,2,6,4,3,30
365.48100000000017,3.466280000000002,85.07000000000001,2,6,3,2,27
358.4610000000001,3.7337000000000025,61.28,2,5,3,2,26
439.48100000000005,5.288300000000005,28.6,0,4,4,3,32
325.80300000000005,4.223700000000002,67.07,2,5,4,3,23
328.437,2.372600000000001,49.410000000000004,1,3,4,2,23
367.456,4.409100000000003,54.800000000000004,0,5,6,4,28
442.5270000000002,2.8546999999999993,102.81,2,6,4,5,33
366.4900000000002,3.2504000000000017,71.25,2,5,4,3,26
432.5030000000002,3.412200000000002,70.05000000000001,1,5,5,4,32
284.32300000000004,0.9086800000000002,88.91,1,5,3,2,21
310.3610000000001,1.29878,88.91,1,5,3,2,23
330.3430000000001,3.3773000000000017,58.970000000000006,0,4,2,3,25
427.53500000000014,4.9584000000000055,40.540000000000006,1,2,1,1,31
409.54500000000013,4.819300000000005,40.540000000000006,1,2,1,1,30
391.5550000000001,4.680200000000005,40.540000000000006,1,2,1,1,29
392.5430000000001,4.075200000000003,53.43000000000001,1,3,1,1,29
392.5430000000001,4.075200000000003,53.43000000000001,1,3,1,1,29
433.59600000000023,4.347600000000004,66.32000000000001,1,4,2,1,32
393.5310000000001,3.470200000000003,66.32000000000001,1,4,1,1,29
303.446,2.9867000000000017,40.540000000000006,1,2,0,0,22
411.5610000000001,4.594600000000004,40.540000000000006,1,2,2,1,30
417.9180000000002,3.0233800000000013,81.48,0,4,6,2,28
284.74600000000004,3.153800000000002,32.67,0,2,1,2,20
436.4510000000002,0.5559799999999995,126.07,1,7,3,3,32
519.5010000000003,3.573180000000004,118.77999999999999,1,6,5,2,36
441.4090000000002,4.299480000000004,84.64,1,4,3,2,32
473.4760000000002,4.544580000000004,87.47,0,4,3,2,33
490.46300000000025,3.605680000000003,111.44,0,6,3,2,34
296.414,2.3709,23.550000000000004,0,2,2,1,22
377.4040000000001,1.5492999999999992,100.21000000000001,2,5,4,3,28
464.35200000000015,4.962900000000003,61.77,1,3,4,3,32
412.4930000000001,2.5127000000000015,87.79,2,4,5,3,31
403.526,4.303200000000003,61.77,1,3,5,2,30
375.37500000000017,3.4575000000000022,74.69,2,5,2,2,27
357.38500000000016,3.3184000000000013,74.69,2,5,2,2,26
501.6340000000004,5.763600000000006,53.730000000000004,0,4,5,4,38
405.2410000000001,2.9358000000000013,82.61,1,4,2,2,27
373.8400000000002,3.8327000000000018,74.69,2,5,2,2,26
357.3850000000001,3.3184000000000022,74.69,2,5,2,2,26
360.5010000000001,3.663300000000003,23.550000000000004,0,2,2,2,27
352.4380000000001,3.1549000000000014,68.7,2,5,2,2,26
339.3950000000001,3.1793000000000013,74.69,2,5,2,2,25
644.8460000000001,4.426200000000003,129.17,2,8,6,4,46
579.7490000000001,5.322100000000005,101.02,2,7,5,4,43
409.4180000000001,1.4172000000000002,117.75,2,6,3,2,28
289.331,1.7792999999999992,66.84,1,4,3,1,21
312.4170000000001,2.3183999999999996,50.160000000000004,1,3,2,2,23
389.4110000000002,2.2112999999999996,74.87,1,4,1,3,29
434.3270000000003,2.1963,93.25,2,4,2,2,29
396.79600000000005,3.9298800000000025,56.49000000000001,1,4,4,2,27
414.81100000000015,2.891600000000002,75.79,2,4,5,2,28
337.341,3.3827000000000016,32.7,1,3,4,2,24
385.8130000000001,4.426200000000003,32.7,1,3,4,2,26
351.36800000000005,3.772800000000003,32.7,1,3,4,2,25
550.6390000000004,3.301700000000001,117.50999999999999,2,7,7,3,40
401.812,3.3986000000000027,52.93000000000001,2,4,5,2,27
483.5230000000003,3.6659000000000024,100.96000000000001,2,6,6,4,35
389.77600000000007,4.128200000000002,32.7,1,3,4,2,26
598.557,5.2675000000000045,94.22,2,6,1,3,41
387.7850000000001,3.1510000000000025,52.93000000000001,2,4,4,2,26
385.4670000000001,3.9268000000000027,50.26,1,3,5,4,29
314.42900000000014,2.0848999999999998,32.78,0,3,3,1,23
320.3920000000001,2.944000000000001,36.69,0,4,1,3,24
227.307,3.408100000000003,16.380000000000003,0,2,1,2,17
256.176,3.9687000000000037,3.24,0,1,1,1,16
256.176,3.9687000000000037,3.24,0,1,1,1,16
287.4060000000001,4.697900000000004,3.24,0,1,0,2,22
572.7140000000002,4.839700000000003,98.31,3,9,7,4,41
365.3950000000001,4.162900000000003,32.7,1,3,4,2,26
482.55300000000017,4.610400000000004,66.82000000000001,1,7,5,2,32
405.4240000000001,4.048600000000003,54.69,1,5,5,3,29
444.5430000000003,2.921800000000001,83.71,1,8,4,4,33
405.42400000000015,4.048600000000002,54.69,1,5,5,3,29
379.4790000000001,4.149980000000004,49.15,0,4,6,2,28
389.4210000000001,4.152280000000004,49.15,0,4,5,2,28
440.4560000000002,5.378300000000005,25.36,0,3,6,2,31
422.4660000000002,5.239200000000005,25.36,0,3,6,2,30
450.5200000000002,5.9332000000000065,25.36,0,3,6,2,32
438.92100000000016,5.811400000000006,25.36,0,3,6,2,30
422.4660000000002,5.297100000000006,25.36,0,3,6,2,30
438.92100000000016,5.811400000000005,25.36,0,3,6,2,30
422.4660000000002,5.297100000000006,25.36,0,3,6,2,30
404.47600000000017,5.158000000000005,25.36,0,3,6,2,29
450.52000000000027,6.077300000000006,25.36,0,3,6,2,32
433.30100000000016,5.587400000000005,25.36,0,3,5,2,28
416.8460000000001,5.073100000000005,25.36,0,3,5,2,28
398.8560000000001,4.934000000000005,25.36,0,3,5,2,27
416.8460000000001,5.073100000000004,25.36,0,3,5,2,28
449.4920000000002,4.795900000000005,28.6,0,4,6,2,32
476.51800000000026,4.769580000000005,52.39,0,5,6,2,34
490.5450000000003,5.159680000000005,52.39,0,5,6,2,35
463.51900000000023,5.018300000000005,28.6,0,4,6,2,33
433.51800000000026,4.880800000000005,28.6,0,4,6,2,31
382.4010000000001,4.419700000000004,25.36,0,3,5,2,27
394.5340000000001,5.155700000000005,25.36,0,3,7,2,29
398.8560000000001,4.934000000000005,25.36,0,3,5,2,27
375.3100000000001,4.024300000000004,25.36,0,3,5,2,23
484.5070000000002,3.8036800000000026,111.45000000000002,1,7,6,2,35
479.6490000000002,6.024200000000007,41.15,1,4,5,4,35
428.54000000000025,4.111700000000003,82.09,1,6,5,4,32
442.5670000000003,4.501800000000003,82.09,1,6,5,4,33
442.5670000000003,4.359300000000003,82.09,1,6,6,4,33
429.52800000000025,3.5067000000000013,94.98,1,7,5,4,32
471.4870000000002,3.9066000000000027,94.98,1,7,5,4,34
441.52200000000016,3.697600000000003,47.019999999999996,1,3,4,2,32
411.4960000000001,4.551100000000004,26.79,0,2,3,2,30
454.4680000000002,3.967800000000003,57.7,1,4,7,2,32
426.5360000000003,3.7402000000000033,57.7,1,4,5,2,31
459.5900000000003,3.1111000000000013,65.04,2,5,4,2,34
386.4550000000002,2.8249000000000013,66.71000000000001,1,4,2,4,29
439.39700000000016,5.365100000000005,24.5,1,3,6,3,28
430.51600000000025,2.674200000000001,83.71,1,8,3,4,32
368.8720000000001,3.693200000000002,69.73,2,5,4,3,26
498.5520000000002,3.7253000000000025,87.05000000000001,2,8,5,2,33
376.4560000000001,3.4994000000000023,43.7,0,4,6,3,28
475.9800000000003,5.473800000000005,72.4,1,7,7,4,34
492.81200000000024,4.864300000000004,98.74000000000001,3,5,4,2,30
476.3570000000002,4.350000000000003,98.74000000000001,3,5,4,2,30
480.3990000000001,5.640300000000004,63.050000000000004,1,5,4,4,33
445.48900000000026,4.658000000000003,68.68,1,5,3,3,32
375.3980000000001,4.529500000000003,56.84,2,4,3,3,27
516.6680000000002,4.408800000000004,100.11,2,8,8,3,35
529.6890000000002,5.368600000000005,69.21000000000001,2,8,6,4,38
447.54300000000035,2.606700000000001,111.96000000000001,3,6,5,4,33
507.6260000000002,4.531500000000004,54.260000000000005,0,5,7,2,35
555.6390000000001,4.630400000000003,138.53000000000003,3,11,8,4,41
385.33900000000017,3.484700000000002,38.82,1,3,3,1,25
502.62300000000033,3.022900000000001,117.07000000000001,3,7,9,3,37
290.4100000000001,4.6441000000000034,19.03,1,1,2,3,22
299.41800000000006,3.0245000000000015,30.290000000000003,0,3,3,2,22
335.4510000000001,3.9245000000000028,30.290000000000003,0,3,5,3,25
323.4150000000001,4.032900000000003,21.060000000000002,0,2,3,3,24
306.41300000000007,3.288800000000002,33.95,0,3,3,3,23
381.9070000000002,4.297500000000004,38.13,0,3,3,3,27
520.5110000000001,7.043800000000008,32.7,1,3,10,3,34
457.6140000000001,5.986900000000007,52.93000000000001,2,4,10,3,34
390.4830000000001,3.8895000000000026,43.7,0,4,7,3,29
258.192,4.192700000000004,3.24,0,1,1,1,16
386.5860000000001,4.901100000000005,29.54,0,4,4,2,26
404.51000000000016,4.279600000000004,43.7,0,4,7,3,30
290.4100000000001,4.991700000000004,19.03,1,1,2,3,22
375.39799999999997,4.154100000000002,59.45,1,4,2,3,27
455.48400000000015,4.189300000000002,75.35,1,5,3,3,33
421.42300000000023,3.6921000000000017,70.59,1,6,2,2,30
343.38100000000014,3.045000000000001,48.05,1,4,2,3,25
343.38100000000014,3.045000000000001,48.05,1,4,2,3,25
406.4120000000001,3.046100000000001,69.79,1,6,3,3,29
437.9530000000002,1.8019,91.87,2,6,4,3,29
352.36000000000007,3.374100000000001,61.28,2,5,3,2,25
376.3860000000001,3.316200000000001,58.349999999999994,1,5,3,3,27
392.42500000000024,3.8628000000000027,61.28,2,5,3,2,28
406.4520000000003,4.252900000000003,61.28,2,5,3,2,29
402.42000000000013,4.527300000000003,61.28,2,5,3,3,29
391.3970000000001,3.626800000000002,65.69,2,5,3,3,28
403.40800000000013,3.9223000000000026,74.17,2,6,3,3,29
392.3850000000001,3.0218000000000007,78.58,2,6,3,3,28
403.40800000000013,3.9223000000000026,74.17,2,6,3,3,29
392.3850000000001,3.0218000000000007,78.58,2,6,3,3,28
734.8500000000003,4.129100000000002,173.45,6,10,15,5,54
323.4150000000001,4.032900000000003,21.060000000000002,0,2,3,3,24
306.41300000000007,3.288800000000002,33.95,0,3,3,3,23
343.898,5.104400000000005,12.47,0,2,6,2,24
443.5870000000001,5.596800000000007,52.93000000000001,2,4,9,3,33
367.8800000000001,3.734900000000003,38.13,0,3,4,3,26
368.8680000000001,3.129900000000002,51.02,0,4,4,3,26
368.8680000000001,3.129900000000002,51.02,0,4,4,3,26
368.8680000000001,3.129900000000002,51.02,0,4,4,3,26
368.8680000000001,3.129900000000002,51.02,0,4,4,3,26
369.8560000000001,2.5249000000000006,63.910000000000004,0,5,4,3,26
323.4150000000001,4.032900000000003,21.060000000000002,0,2,3,3,24
306.41300000000007,3.288800000000002,33.95,0,3,3,3,23
368.55000000000007,4.422470000000003,42.36,2,4,5,2,26
506.4840000000001,6.653700000000008,32.7,1,3,9,3,33
443.5870000000001,5.596800000000007,52.93000000000001,2,4,9,3,33
162.236,1.8483,16.130000000000003,0,2,1,1,12
366.84800000000007,5.234700000000004,45.480000000000004,1,3,3,3,26
439.5100000000003,3.4985000000000017,55.47,1,4,3,3,32
440.4980000000003,2.8935000000000013,68.36,1,5,3,3,32
402.4540000000002,3.0515800000000013,78.69000000000001,0,6,5,3,30
446.42900000000014,3.593700000000002,67.79,0,6,5,3,32
378.43200000000013,2.5749000000000004,67.79,0,6,5,3,28
525.6190000000001,5.158800000000006,43.75,1,3,5,3,38
440.4690000000001,4.404200000000003,62.459999999999994,1,4,3,3,32
441.4570000000001,3.7992000000000017,75.35,1,5,3,3,32
393.27000000000015,3.486600000000003,49.85,0,3,4,2,26
494.62000000000023,4.527500000000003,61.46,1,5,4,4,36
348.4060000000001,2.809700000000001,58.56,0,5,3,3,26
459.5530000000002,4.899600000000005,62.22,0,5,3,5,35
380.46700000000016,2.34478,59.37,1,4,6,2,28
356.4450000000001,1.8681,48.47,1,4,6,2,26
387.4910000000002,2.1242799999999997,73.87,0,6,6,3,29
373.46400000000017,1.9298799999999998,73.87,0,6,5,3,28
363.46900000000016,1.6475999999999988,62.970000000000006,0,6,6,3,27
414.3370000000002,1.9153,59.13,1,4,2,1,27
520.6090000000003,2.2795000000000005,95.75,2,8,5,3,38
326.83100000000013,3.7227000000000023,30.869999999999997,1,4,0,2,23
328.44100000000014,2.623100000000001,51.099999999999994,2,6,1,2,23
411.5000000000002,3.724300000000002,38.4,1,4,3,3,30
412.4880000000002,3.1193000000000017,51.29,1,5,3,3,30
568.6990000000002,4.850400000000005,78.26,1,8,5,5,41
425.5270000000002,3.9719000000000024,38.4,1,4,4,3,31
425.5270000000002,3.9719000000000024,38.4,1,4,4,3,31
426.5150000000002,3.366900000000002,51.29,1,5,4,3,31
457.9620000000003,3.2257000000000025,72.6,0,6,8,2,32
543.6090000000002,5.307880000000005,62.61,1,4,7,2,39
574.623,5.159600000000004,90.87,2,6,7,3,41
407.50500000000017,4.945600000000005,9.72,0,4,4,2,28
373.95300000000015,4.580200000000004,9.72,0,4,4,2,25
438.50700000000023,3.1774000000000013,86.53,2,7,8,3,32
490.6330000000002,3.8839000000000015,86.38000000000001,2,7,9,4,35
389.4250000000001,3.214080000000001,56.05,0,5,5,2,28
594.7190000000002,5.338100000000004,75.4,1,5,7,6,45
322.84000000000015,1.8294000000000006,30.03,0,3,4,1,22
415.4970000000002,1.9781,69.94999999999999,1,5,4,4,31
476.6060000000002,3.493800000000001,86.38000000000001,2,7,8,4,34
494.66400000000027,4.929800000000004,44.39,1,5,6,4,36
421.5480000000002,5.125600000000004,50.949999999999996,2,3,4,5,32
417.9440000000002,4.488300000000003,37.190000000000005,0,4,4,4,30
451.5020000000002,2.5265000000000004,74.94,0,7,6,3,33
480.6280000000002,4.752900000000005,44.980000000000004,0,6,9,3,35
466.6010000000002,4.362800000000004,44.980000000000004,0,6,8,3,34
418.5660000000002,3.1907000000000014,55.39,2,5,4,3,30
494.66400000000027,5.277400000000005,44.39,1,5,6,4,36
478.66500000000025,5.441100000000006,35.16,1,4,5,4,35
522.6780000000001,4.6300000000000034,76.28999999999999,3,5,5,4,38
523.6620000000001,4.596900000000003,73.49000000000001,2,6,5,4,38
507.66300000000024,4.238300000000002,64.25999999999999,2,5,5,4,37
543.718,3.786800000000002,81.32999999999998,2,6,6,4,38
479.6530000000002,4.920400000000003,47.19,2,5,5,4,35
461.5910000000003,2.3102,87.47999999999999,2,6,6,3,33
579.7700000000002,4.7195000000000045,56.86000000000001,1,7,7,4,42
515.0820000000001,5.540700000000006,44.39,1,5,5,4,36
515.0820000000001,5.5407000000000055,44.39,1,5,5,4,36
494.62000000000023,4.4139000000000035,61.46,1,5,5,4,36
494.62000000000023,4.4139000000000035,61.46,1,5,5,4,36
515.0820000000001,5.5407000000000055,44.39,1,5,5,4,36
481.6250000000002,4.282300000000003,57.28,1,6,5,4,35
502.04300000000023,5.063200000000005,54.260000000000005,0,6,4,5,35
390.41300000000007,3.4677000000000016,60.08,2,5,4,3,28
516.6930000000003,2.2652,98.20999999999998,1,9,8,2,35
420.60500000000025,2.6796000000000006,46.67,2,6,5,2,31
448.53300000000024,3.6902000000000017,40.63,1,5,6,2,32
352.48600000000005,2.1328000000000005,48.39,0,6,4,2,26
421.73000000000013,3.869200000000002,60.08,2,5,3,3,25
436.4810000000001,5.667500000000005,35.16,1,3,3,4,32
437.4690000000001,5.062500000000004,48.05,1,4,3,4,32
360.42500000000007,2.0293799999999997,85.89999999999999,1,7,4,3,27
388.47500000000014,2.7299000000000007,87.38,2,6,4,3,29
388.47500000000014,2.7299000000000007,87.38,2,6,4,3,29
484.5260000000001,4.135900000000003,64.6,1,6,6,3,35
606.7020000000001,4.755600000000004,95.62999999999998,2,7,7,5,45
481.38700000000017,4.582900000000004,66.28999999999999,1,6,4,4,33
511.41300000000024,4.075200000000003,86.52,2,7,5,4,35
529.6890000000002,5.368600000000004,69.21000000000001,2,8,6,4,38
466.61000000000024,4.891700000000005,44.39,1,5,4,4,34
427.5080000000002,4.081100000000002,87.63,2,6,4,4,32
622.781,5.6703000000000054,102.85,1,9,7,6,47
637.7959999999999,5.252500000000004,128.87,2,10,7,6,48
622.7809999999998,5.6703000000000054,102.85,1,9,7,6,47
623.7689999999999,5.065300000000004,115.74000000000001,1,10,7,6,47
454.8840000000001,3.171100000000002,83.44,2,6,4,3,31
387.2850000000001,3.2158000000000015,60.08,2,5,3,3,24
435.44600000000014,3.070500000000002,54.040000000000006,1,5,4,2,31
450.4610000000002,2.508000000000001,66.93,1,6,5,2,32
464.4880000000002,2.8981000000000012,66.93,1,6,6,2,33
434.92700000000013,4.874000000000005,54.63,0,6,5,4,31
566.6410000000001,3.8080000000000034,99.80000000000001,2,6,7,5,42
515.5400000000002,3.2772000000000023,100.71,1,8,4,3,37
451.4960000000002,5.165700000000005,44.29,1,5,4,4,33
425.4580000000002,4.489180000000004,55.19,1,5,4,3,31
445.4450000000002,4.525700000000004,74.53999999999999,1,6,5,3,32
442.4450000000002,4.153700000000002,70.32,1,7,4,4,32
441.4410000000002,1.6236000000000004,71.17,1,6,4,3,28
399.54500000000013,3.4579000000000013,74.49,2,7,4,3,27
458.44400000000013,3.441300000000002,83.48,1,7,5,3,33
477.32700000000017,3.4857000000000014,94.21999999999998,2,6,5,3,32
638.7799999999999,4.908700000000004,116.9,1,9,7,6,48
637.7959999999999,5.252500000000004,128.87,2,10,7,6,48
623.7689999999999,5.065300000000004,115.74000000000001,1,10,7,6,47
515.5490000000003,3.016000000000002,107.81,1,8,5,4,38
473.7950000000002,5.194500000000004,50.080000000000005,0,5,3,4,31
439.35000000000014,4.541100000000004,50.080000000000005,0,5,3,4,30
413.48100000000017,3.110100000000001,64.65,0,5,6,4,31
672.229,3.4753000000000016,130.9,1,8,7,3,45
672.229,3.4753000000000016,130.9,1,8,7,3,45
630.192,3.0109000000000012,102.83000000000001,0,8,6,3,42
338.41900000000004,0.7408000000000003,83.79,2,7,4,3,25
339.4030000000001,0.7077000000000004,80.99,1,7,4,3,25
400.3100000000002,1.5730999999999997,67.92,2,4,2,1,26
398.4570000000002,3.8091000000000017,44.39,1,4,2,3,29
317.4320000000001,4.626700000000004,12.47,0,2,2,3,24
484.4860000000003,2.9499000000000004,92.5,2,8,4,4,35
466.49600000000027,2.8108000000000004,92.5,2,8,4,4,34
482.95100000000025,3.325100000000001,92.5,2,8,4,4,34
414.51300000000026,4.517700000000003,67.58,1,6,3,4,31
415.50100000000026,3.9127000000000027,80.47,1,7,3,4,31
448.50600000000026,2.6717000000000004,92.5,2,8,4,4,33
415.50100000000026,3.912700000000002,80.47,1,7,3,4,31
448.50600000000026,2.6717000000000004,92.5,2,8,4,4,33
507.5660000000003,2.2221,101.74000000000001,2,8,5,3,37
393.84000000000015,4.941180000000005,30.27,0,3,4,2,27
365.4520000000001,3.2337000000000016,28.07,0,4,1,2,27
256.39300000000003,2.9570000000000007,29.259999999999998,1,2,0,1,19
459.5120000000001,3.6456000000000026,47.019999999999996,1,3,4,2,33
459.5120000000001,3.6456000000000026,47.019999999999996,1,3,4,2,33
393.84000000000015,4.941180000000005,30.27,0,3,4,2,27
482.49100000000027,2.2653999999999996,113.25,2,7,6,3,35
462.3290000000002,4.461400000000003,94.14,3,6,3,3,31
365.4520000000001,3.2337000000000016,28.07,0,4,1,2,27
285.343,1.1981,52.93000000000001,2,4,0,1,21
385.8800000000001,2.795300000000001,55.43000000000001,0,5,2,4,26
233.33999999999995,1.9089,42.150000000000006,1,4,0,2,16
437.51500000000016,4.243500000000004,58.81,0,5,6,3,32
267.328,2.8499000000000025,43.7,2,3,0,2,20
463.5410000000002,4.3417800000000035,74.39,0,5,0,4,35
463.5410000000002,4.3417800000000035,74.39,0,5,0,4,35
392.45500000000015,4.298700000000005,77.15,2,5,2,3,29
378.4280000000001,3.7661000000000024,77.15,2,5,3,3,28
392.45500000000015,4.156200000000004,77.15,2,5,3,3,29
303.4050000000001,4.5842000000000045,12.47,0,2,2,3,23
474.99200000000025,4.858000000000002,87.46000000000001,3,4,6,3,34
357.8160000000001,3.5880800000000024,47.34,0,3,4,2,25
397.3870000000001,1.9502,101.43,1,7,3,2,29
284.2300000000001,4.366800000000004,3.24,0,1,1,1,18
270.20300000000003,3.9767000000000037,3.24,0,1,1,1,17
304.39700000000005,2.980100000000001,35.16,1,3,2,3,23
372.39400000000006,4.141400000000003,35.16,1,3,2,3,27
373.38200000000006,3.5364000000000013,48.05,1,4,2,3,27
304.39700000000005,3.122600000000001,35.16,1,3,2,3,23
305.38500000000005,2.5176,48.05,1,4,2,3,23
305.38500000000005,2.5176,48.05,1,4,2,3,23
306.37300000000005,1.9125999999999996,60.94,1,5,2,3,23
304.39700000000005,3.122600000000001,35.16,1,3,2,3,23
305.38500000000005,2.5176,48.05,1,4,2,3,23
305.38100000000003,3.387500000000002,32.510000000000005,0,4,2,3,23
306.369,2.7825000000000006,45.400000000000006,0,5,2,3,23
321.44900000000007,3.8560000000000025,19.37,0,4,2,3,23
322.43700000000007,3.2510000000000012,32.260000000000005,0,5,2,3,23
304.39700000000005,3.122600000000001,35.16,1,3,2,3,23
305.38500000000005,2.5176,48.05,1,4,2,3,23
265.36,2.641300000000001,19.37,0,3,2,2,20
373.38200000000006,3.5364000000000013,48.05,1,4,2,3,27
305.38500000000005,2.5176000000000007,48.05,1,4,2,3,23
306.37300000000005,1.9125999999999996,60.94,1,5,2,3,23
305.38500000000005,2.5176,48.05,1,4,2,3,23
306.369,2.7825000000000006,45.400000000000006,0,5,2,3,23
322.43700000000007,3.251000000000002,32.260000000000005,0,5,2,3,23
305.38500000000005,2.5176000000000007,48.05,1,4,2,3,23
266.348,2.0362999999999998,32.260000000000005,0,4,2,2,20
373.38200000000006,3.5364000000000013,48.05,1,4,2,3,27
305.38500000000005,2.5176000000000007,48.05,1,4,2,3,23
306.37300000000005,1.9125999999999996,60.94,1,5,2,3,23
306.369,2.7825000000000006,45.400000000000006,0,5,2,3,23
322.43700000000007,3.251000000000002,32.260000000000005,0,5,2,3,23
305.38500000000005,2.5176000000000007,48.05,1,4,2,3,23
266.348,2.0362999999999998,32.260000000000005,0,4,2,2,20
376.8630000000001,2.662600000000001,41.370000000000005,0,3,5,2,26
408.4240000000001,2.768700000000001,50.6,0,4,6,2,29
474.99200000000025,4.858000000000002,87.46000000000001,3,4,6,3,34
492.98200000000026,4.997100000000002,87.46000000000001,3,4,6,3,35
486.10800000000046,4.206800000000003,77.31,2,6,6,2,34
514.5050000000003,4.132500000000002,77.31,2,6,6,3,35
486.4510000000003,4.225800000000002,77.31,2,6,4,3,33
452.00600000000026,3.572400000000002,77.31,2,6,4,3,32
410.3750000000001,2.9698,78.58,2,6,3,3,29
284.2300000000001,4.366800000000004,3.24,0,1,1,1,18
270.20300000000003,3.9767000000000037,3.24,0,1,1,1,17
372.47200000000015,3.0398000000000014,41.370000000000005,0,4,3,3,28
303.40900000000005,3.3655800000000022,30.27,0,3,2,2,23
424.4420000000002,3.5606000000000027,41.370000000000005,0,3,4,2,30
440.5630000000003,3.8632000000000035,50.6,0,4,6,2,32
422.4510000000002,3.301300000000002,50.6,0,4,5,2,30
238.334,2.8461000000000016,29.259999999999998,1,2,1,2,18
520.6410000000003,3.8655000000000026,107.27000000000001,2,7,2,4,39
402.49800000000016,2.632180000000001,85.22999999999999,2,4,5,2,30
418.4970000000001,1.6029799999999994,105.46000000000001,3,5,5,2,31
394.9100000000002,3.645100000000003,50.080000000000005,0,5,2,3,28
409.9210000000002,4.366300000000003,56.07000000000001,0,5,3,3,29
364.51400000000007,4.315200000000004,15.71,0,4,2,3,26
418.49700000000024,1.9979799999999996,108.45000000000002,2,5,5,2,31
500.5210000000002,6.949100000000005,75.72,2,5,5,3,36
469.5570000000002,4.902400000000005,61.77,1,4,6,3,33
340.4700000000001,5.252700000000004,15.6,0,2,4,3,26
435.54900000000015,4.165700000000003,71.0,1,5,5,3,31
469.5570000000002,4.902400000000005,61.77,1,4,6,3,33
435.54900000000015,4.165700000000003,71.0,1,5,5,3,31
439.5190000000003,3.628980000000003,74.39,0,5,0,3,33
449.51400000000024,4.299280000000004,74.39,0,5,0,4,34
483.9310000000003,3.5675000000000026,91.15,1,7,4,3,34
328.3870000000001,3.0253000000000005,55.56,1,3,5,2,24
339.4390000000002,3.450300000000002,58.370000000000005,1,4,3,2,25
384.4800000000003,2.4095000000000004,70.84,1,6,3,2,28
260.33700000000005,1.7894999999999999,55.56,1,3,3,1,19
390.8960000000002,3.8358000000000017,87.46000000000001,3,4,3,2,26
321.464,4.745100000000004,20.310000000000002,0,2,6,2,24
504.84500000000025,6.143900000000007,65.46000000000001,2,4,4,3,33
327.4050000000001,3.240700000000002,61.72,0,4,3,2,23
456.53800000000024,4.220100000000003,88.5,2,7,6,2,31
220.27599999999998,1.5791099999999996,77.01,4,2,1,1,16
463.0210000000002,4.7458000000000045,52.57000000000001,2,3,7,3,33
506.9690000000002,3.9022200000000025,93.13000000000001,1,7,5,4,36
522.9680000000002,3.602400000000002,102.36000000000001,1,8,6,4,37
491.9540000000003,4.198800000000003,80.24000000000001,1,6,5,4,35
531.9790000000003,3.8465000000000025,97.54,1,7,5,5,38
416.8800000000002,4.669500000000004,67.43,2,3,5,2,29
417.8680000000002,4.064500000000003,80.32000000000001,2,4,5,2,29
487.5160000000004,2.709600000000001,121.78,1,7,3,4,36
477.59400000000016,4.090900000000001,128.45,4,6,11,4,34
425.5730000000004,3.3080000000000016,63.57000000000001,1,3,6,2,31
425.5730000000004,3.3080000000000016,63.57000000000001,1,3,6,2,31
455.5990000000004,2.6689,83.8,2,4,7,2,33
391.9070000000002,1.2997999999999996,103.17000000000002,3,6,7,2,27
494.00300000000027,3.384540000000001,105.27000000000001,2,7,6,4,35
508.6630000000003,3.9966200000000027,77.73,1,5,10,3,37
412.57800000000026,3.4007000000000014,59.27,1,3,5,2,30
507.6200000000003,3.0965000000000007,134.66000000000003,3,7,7,4,36
492.08900000000034,4.227740000000003,77.57000000000001,2,5,8,2,33
454.57800000000026,4.537500000000004,88.84,4,3,3,4,34
525.5720000000002,1.798600000000001,96.03,2,6,4,1,37
484.6000000000003,4.354580000000004,95.32000000000002,1,5,3,2,36
720.9599999999999,2.171900000000009,186.79,7,7,20,2,52
420.94900000000024,1.4828,115.20000000000002,4,6,8,2,29
461.9460000000003,3.0063000000000013,103.29,4,6,6,2,32
445.4910000000003,2.492,103.29,4,6,6,2,32
463.92500000000024,4.5141000000000036,98.26,2,7,8,4,33
328.387,2.9438000000000004,50.36,2,3,5,2,24
452.5550000000003,1.5498999999999996,97.13000000000001,2,6,6,2,33
506.64700000000045,2.7201999999999993,97.13000000000001,2,6,9,2,37
496.6080000000004,1.5665000000000018,106.36000000000001,2,7,9,2,36
542.6800000000003,3.1628,97.13000000000001,2,6,9,3,40
508.62300000000045,1.5102000000000015,122.91,2,8,9,2,37
544.6560000000003,1.9528000000000005,122.91,2,8,9,3,40
422.5290000000002,1.5412999999999997,87.9,2,5,5,2,31
398.46700000000016,0.8245999999999994,115.37,2,6,6,2,29
458.93100000000015,1.0114999999999994,125.19000000000001,4,8,3,3,31
454.4370000000001,0.5747999999999993,125.19000000000001,4,7,3,3,33
424.4860000000001,0.35809999999999903,125.19000000000001,4,8,3,3,30
526.5940000000003,1.258699999999999,163.88,5,10,10,3,38
609.1080000000003,2.641600000000001,143.65,4,10,8,4,42
564.9800000000004,2.7986,125.19000000000001,4,7,5,4,40
560.0070000000002,3.4425000000000017,132.28,2,7,8,4,38
444.43400000000037,3.371100000000002,95.17,3,6,4,3,32
422.48100000000034,2.8796000000000017,95.17,3,6,5,3,31
612.658,6.373200000000005,97.44,1,5,5,6,44
613.6460000000001,6.200100000000004,109.47,2,6,5,6,44
610.642,6.754500000000005,96.92,1,5,5,7,44
611.6300000000001,6.149500000000004,109.81,1,6,5,7,44
568.8190000000002,4.444700000000004,109.08000000000001,2,6,6,4,39
556.808,3.906800000000003,120.08000000000001,3,6,7,4,38
519.5760000000002,6.3880200000000045,84.23,2,4,6,5,39
538.5540000000002,5.922120000000004,97.12,2,5,6,5,40
520.5640000000002,5.783020000000004,97.12,2,5,6,5,39
422.48100000000034,3.401320000000002,95.17,3,6,4,3,31
426.44400000000036,3.232000000000002,95.17,3,6,4,3,31
394.4270000000003,2.845300000000001,95.17,3,6,4,3,29
408.45400000000035,3.092900000000002,95.17,3,6,4,3,30
394.4270000000003,2.7028000000000008,95.17,3,6,4,3,29
398.43400000000025,3.8045000000000027,85.94,3,5,4,3,29
352.3900000000002,3.0763000000000016,85.94,3,5,4,3,26
408.45400000000035,3.235400000000002,95.17,3,6,4,3,30
408.45400000000035,3.092900000000002,95.17,3,6,4,3,30
416.42400000000026,4.101700000000003,85.94,3,5,4,3,30
366.41700000000026,3.466400000000003,85.94,3,5,4,3,27
380.4440000000003,3.856500000000003,85.94,3,5,4,3,28
396.44300000000027,2.827300000000001,106.17,4,6,4,3,29
382.4160000000002,2.4851,114.96000000000001,5,6,6,3,28
422.48100000000034,3.401320000000002,95.17,3,6,4,3,31
426.44400000000036,3.232000000000002,95.17,3,6,4,3,31
409.44200000000035,2.4879,108.06,3,7,4,3,30
367.40500000000026,2.8614000000000006,98.83,3,6,4,3,27
422.48100000000034,3.395900000000002,84.17,2,6,5,3,31
431.49200000000036,3.8686000000000034,90.73,3,5,4,4,32
408.45400000000035,3.092900000000002,95.17,3,6,4,3,30
392.4550000000003,3.3873000000000024,74.94,2,5,4,3,29
458.5630000000003,1.7736800000000004,121.63000000000001,2,9,7,1,33
468.64600000000024,4.168280000000003,111.96000000000001,3,7,6,1,34
468.6020000000003,3.117580000000001,120.24000000000001,2,7,7,1,34
468.6460000000003,3.9794800000000023,103.17,2,7,8,1,34
440.59200000000027,3.2008800000000015,103.17,2,7,7,1,32
470.61800000000034,2.5633800000000004,123.4,3,8,9,1,34
426.5650000000002,2.8586800000000006,111.96000000000001,3,7,7,1,31
454.6190000000003,3.590980000000002,103.17,2,7,8,1,33
373.4570000000001,1.8513799999999994,120.16000000000001,3,7,7,1,27
454.61900000000026,3.590980000000002,103.17,2,7,7,1,33
400.52700000000027,2.420680000000001,103.17,2,7,8,1,29
563.5840000000002,5.071000000000004,102.49,3,6,5,4,41
492.58000000000027,2.5102,101.94000000000001,1,9,5,3,36
528.5600000000003,3.1030000000000015,101.94000000000001,1,9,6,3,38
551.5730000000003,4.799700000000004,94.52999999999999,3,5,5,4,40
415.8810000000001,4.6861200000000025,71.84,2,5,4,4,28
401.85400000000004,4.377700000000002,71.84,2,5,4,4,27
400.86600000000016,4.982700000000002,58.95,2,4,4,4,27
383.86400000000015,4.238600000000002,71.84,2,5,4,4,26
383.86000000000007,4.892300000000002,56.150000000000006,1,4,4,4,26
364.40500000000003,1.6296999999999993,95.99000000000001,3,3,5,3,27
325.368,1.1483999999999992,80.2,2,3,5,2,24
410.4450000000001,2.2832,76.66000000000001,2,4,5,2,30
370.449,2.824300000000001,91.57000000000001,3,4,5,2,27
370.45300000000003,1.8852999999999989,96.25000000000001,3,4,5,2,27
443.49400000000014,4.5042000000000035,67.6,1,5,8,3,32
555.4600000000002,6.524800000000003,105.24,3,6,5,4,38
521.9080000000001,6.159400000000002,105.24,3,6,5,4,35
488.3560000000002,5.794000000000003,105.24,3,6,5,4,32
540.445,6.133100000000002,93.21,2,6,5,4,37
429.48800000000006,2.1184999999999996,109.55,2,6,5,5,32
333.435,3.0013000000000005,56.92,3,2,4,3,25
330.60200000000003,3.6506000000000007,68.01,2,3,2,2,20
428.44200000000006,4.778100000000003,59.290000000000006,1,3,4,5,32
591.6720000000004,4.223220000000004,120.86000000000001,1,8,7,4,44
395.4780000000002,2.9464000000000015,52.650000000000006,1,3,5,2,29
377.48800000000017,2.8073000000000015,52.650000000000006,1,3,5,2,28
391.51500000000016,3.195800000000002,52.650000000000006,1,3,5,2,29
508.94100000000026,3.1572000000000022,113.36,2,8,5,4,36
334.419,2.9925000000000015,50.36,2,3,2,2,25
447.5010000000001,3.730500000000003,52.650000000000006,1,3,6,2,32
501.60500000000036,2.1967999999999996,133.82999999999998,4,7,7,2,35
433.51600000000013,1.9346199999999991,95.39,2,6,4,3,32
433.5120000000002,1.6775999999999995,90.56,2,6,4,3,32
442.47000000000014,2.1115999999999997,94.22000000000001,2,6,5,3,32
480.8780000000001,2.6721000000000004,94.22000000000001,2,6,4,3,33
464.4230000000001,2.1578,94.22000000000001,2,6,4,3,33
446.4330000000001,2.0187,94.22000000000001,2,6,4,3,32
424.4800000000002,1.7558399999999994,94.22000000000001,2,6,4,3,31
428.44300000000015,1.5865199999999997,94.22000000000001,2,6,4,3,31
478.45000000000016,2.2437999999999994,94.22000000000001,2,6,5,3,34
460.46000000000015,2.1046999999999993,94.22000000000001,2,6,5,3,33
460.46000000000015,1.9465999999999997,94.22000000000001,2,6,6,3,33
442.47000000000014,1.8074999999999994,94.22000000000001,2,6,6,3,32
442.4700000000002,1.6509999999999994,94.22000000000001,2,6,6,3,32
424.4800000000002,1.5118999999999991,94.22000000000001,2,6,6,3,31
395.4400000000001,2.3468,95.58000000000001,2,4,4,3,28
512.5700000000003,5.5077200000000035,127.19,3,8,7,5,38
368.4160000000001,3.471720000000002,84.73,2,5,5,3,27
386.4060000000001,3.610820000000002,84.73,2,5,5,3,28
350.42600000000004,3.332620000000002,84.73,2,5,5,3,26
368.41600000000005,3.471720000000002,84.73,2,5,5,3,27
487.5780000000003,2.4101,133.82999999999998,4,7,6,2,34
487.5780000000003,2.4101,133.82999999999998,4,7,6,2,34
487.5780000000003,2.4101,133.82999999999998,4,7,6,2,34
319.368,2.4000000000000004,75.6,2,3,3,4,24
428.50000000000006,2.7235000000000005,96.66,2,5,5,5,32
462.5540000000002,2.5016,92.71000000000001,1,8,4,3,34
557.613,4.560800000000004,71.11000000000001,1,5,4,2,40
501.76400000000007,4.710600000000003,84.5,2,4,7,3,31
387.8670000000001,3.7749000000000033,70.67,2,3,4,2,27
425.50400000000013,4.365100000000004,67.6,1,5,8,3,31
580.1330000000005,3.8427000000000033,114.88,4,9,9,3,41
580.1330000000005,3.8427000000000033,114.88,4,9,9,3,41
580.1330000000005,3.8427000000000033,114.88,4,9,9,3,41
532.5270000000002,2.45972,136.81,2,8,11,3,38
474.3860000000001,2.3896000000000006,106.78000000000002,2,6,6,2,33
421.4610000000001,2.3373999999999997,123.06,3,7,7,3,31
388.44900000000007,1.9368,117.25999999999999,3,6,6,2,27
462.4890000000002,3.575020000000001,118.88,3,8,7,4,34
411.48700000000014,3.0353200000000014,113.07999999999998,3,7,6,3,29
459.5140000000002,3.1393400000000016,131.77,3,9,7,4,34
455.4820000000002,2.999180000000001,142.67,3,9,7,4,34
498.46900000000016,4.146300000000002,118.88,3,8,7,4,36
412.47500000000014,2.43032,125.97,3,8,6,3,29
415.4500000000001,2.8660000000000014,113.07999999999998,3,7,6,3,29
482.56600000000014,2.5635000000000003,125.55000000000001,3,9,7,3,34
427.48600000000016,2.735500000000001,122.31,3,8,7,3,30
397.46000000000015,2.7269000000000005,113.07999999999998,3,7,6,3,28
392.8460000000002,3.7022200000000023,79.78,2,3,3,4,28
453.8580000000001,2.8178,127.07,3,6,5,3,30
405.4660000000002,1.7832199999999994,105.27,2,7,6,4,30
406.4540000000002,1.0922199999999997,140.07999999999998,4,8,7,4,30
476.5450000000003,1.5581399999999996,149.31,4,9,6,4,35
462.51800000000026,1.2497199999999995,149.31,4,9,6,4,34
407.4380000000002,1.0591199999999996,137.28,3,8,7,4,30
449.4940000000002,2.4363200000000003,105.27,2,7,5,4,33
447.5030000000002,1.459119999999999,125.5,3,8,5,4,33
482.5880000000002,3.345620000000002,75.52000000000001,1,6,5,4,36
391.4390000000002,1.4747999999999994,105.27,2,7,6,4,29
433.52000000000027,2.2370199999999993,105.78999999999999,2,7,6,4,32
419.4930000000002,2.02222,105.79,2,7,6,4,31
419.4930000000002,1.9285999999999992,105.78999999999999,2,7,6,4,31
419.4930000000002,2.022219999999999,105.79,2,7,6,4,31
423.4560000000002,1.8528999999999995,105.79,2,7,6,4,31
435.49200000000025,1.7223999999999993,115.02000000000001,2,8,7,4,32
405.4660000000002,1.7137999999999993,105.79,2,7,6,4,30
447.50300000000027,1.1371199999999995,126.02000000000001,3,8,6,4,33
446.5190000000003,1.8638199999999996,140.60000000000002,4,8,7,4,33
460.5460000000003,2.1245199999999986,126.61000000000001,4,8,6,4,34
446.51900000000023,1.7344199999999994,126.61000000000001,4,8,6,4,33
476.5450000000003,1.4887199999999998,149.82999999999998,4,9,6,4,35
462.51800000000026,1.1802999999999995,149.82999999999998,4,9,6,4,34
464.5090000000002,1.6824199999999996,126.61000000000001,4,8,6,4,34
461.5300000000003,2.091419999999999,123.81000000000002,3,8,6,4,34
447.50300000000027,1.701319999999999,123.81000000000002,3,8,6,4,33
465.4930000000002,1.6493199999999988,123.81000000000002,3,8,6,4,34
380.40800000000013,1.9237999999999995,135.01999999999998,4,6,5,3,28
492.6240000000003,3.608900000000003,101.5,2,8,10,3,36
614.4550000000004,6.029800000000003,61.36,3,3,8,3,42
522.4080000000001,2.9467000000000017,89.91999999999999,2,4,5,3,35
286.2460000000001,4.803200000000004,12.03,1,1,3,1,18
364.1940000000001,6.084900000000003,21.259999999999998,1,2,4,2,23
310.22400000000005,5.374520000000003,21.259999999999998,1,2,4,2,20
314.187,5.205200000000002,21.259999999999998,1,2,4,2,20
279.74199999999996,4.551800000000003,21.259999999999998,1,2,4,2,19
289.806,5.029540000000004,21.259999999999998,1,2,4,2,20
275.77899999999994,4.7211200000000035,21.259999999999998,1,2,4,2,19
326.22300000000007,5.0747000000000035,30.49,1,3,5,2,21
296.197,5.066100000000003,21.259999999999998,1,2,4,2,19
433.6040000000003,3.656740000000002,63.800000000000004,1,5,4,3,32
352.5070000000001,4.9124700000000034,63.7,4,3,4,3,25
420.90400000000017,2.9987000000000013,67.46000000000001,1,5,4,4,30
307.22400000000005,4.795700000000004,15.27,1,2,2,2,20
372.4720000000001,3.799000000000002,57.26,2,4,5,3,28
255.285,-0.11332000000000031,103.74999999999999,2,7,2,2,19
272.35600000000005,1.1383999999999992,79.96,2,6,3,2,20
269.35200000000003,1.4973999999999994,67.07,2,5,3,2,20
270.34000000000003,0.8923999999999993,79.96,2,6,3,2,20
297.406,2.2775999999999996,67.07,2,5,3,2,22
298.394,1.672599999999999,79.96,2,6,3,2,22
494.00300000000027,3.384540000000001,105.27000000000001,2,7,6,4,35
506.9980000000003,3.0649000000000006,99.92000000000002,2,8,7,4,36
1037.2549999999999,-0.9210999999999863,352.53999999999996,14,19,8,0,73
269.38800000000003,3.1884000000000015,32.26,2,2,7,2,20
305.42100000000005,4.266500000000003,32.26,2,2,6,3,23
295.451,4.7554200000000035,12.03,1,2,5,3,21
289.422,4.693920000000004,12.03,1,1,5,3,22
305.421,3.8778000000000032,32.26,2,2,6,3,23
293.385,4.524600000000003,12.03,1,1,5,3,22
291.394,4.091100000000003,32.26,2,2,5,3,22
305.421,4.3941000000000034,21.259999999999998,1,2,6,3,23
295.21299999999997,3.9341000000000026,24.92,1,2,5,2,19
276.38300000000004,3.7805000000000026,24.92,1,2,5,3,21
281.42400000000004,4.447000000000004,12.03,1,2,5,3,20
354.675,4.139100000000003,32.26,2,2,5,2,20
310.224,4.030000000000002,32.26,2,2,5,2,20
293.769,3.5157000000000016,32.26,2,2,5,2,20
305.421,4.5305000000000035,21.259999999999998,1,2,6,3,23
305.421,3.9189000000000025,32.26,2,2,6,3,23
309.33099999999996,4.435000000000003,21.259999999999998,1,2,6,2,22
285.34299999999996,3.1449000000000016,39.72,1,4,6,2,21
264.372,3.9093000000000027,27.82,2,1,5,3,20
328.48500000000007,3.547670000000002,51.15,3,4,6,2,23
266.388,3.5328000000000026,15.27,1,2,4,2,20
447.5390000000002,3.288400000000001,83.2,1,6,8,4,33
380.4120000000001,1.8738799999999995,133.66,3,9,9,3,28
320.31800000000004,3.1860800000000014,61.6,1,4,5,2,23
314.4580000000001,3.1575700000000007,51.15,3,4,5,2,22
427.3350000000001,4.9475200000000035,69.81,3,3,5,4,29
346.39000000000004,1.9500999999999988,75.5,2,4,4,4,26
456.3330000000001,4.429300000000002,81.07000000000001,2,6,7,4,31
475.59300000000025,3.3785200000000017,97.28,3,6,10,3,35
300.789,3.9412800000000026,45.05,1,3,6,2,21
255.361,3.7246200000000034,21.259999999999998,1,2,6,2,19
541.4890000000001,6.788300000000007,54.379999999999995,2,4,8,5,36
523.0760000000001,7.193000000000008,54.379999999999995,2,4,9,5,38
438.55700000000013,2.9465000000000003,96.61000000000001,2,8,7,3,31
422.5540000000001,3.969300000000003,57.7,1,6,7,3,30
297.423,4.630900000000003,21.259999999999998,1,3,6,3,21
296.439,4.2100000000000035,24.92,1,3,5,3,21
295.451,4.7554200000000035,12.03,1,2,5,3,21
275.39500000000004,4.385500000000003,12.03,1,1,5,3,21
295.21299999999997,3.9341000000000026,24.92,1,2,5,2,19
383.4200000000001,2.1380999999999997,72.88,2,4,6,2,26
383.42000000000013,2.1380999999999997,72.88,2,4,6,2,26
347.4400000000001,1.8598999999999994,72.88,2,4,6,2,24
365.4300000000001,1.9989999999999994,72.88,2,4,6,2,25
354.675,4.139100000000003,32.26,2,2,5,2,20
356.31800000000004,4.751900000000003,32.26,2,3,6,2,22
310.224,4.030000000000002,32.26,2,2,5,2,20
316.253,4.091500000000002,32.26,2,3,5,2,19
471.3280000000001,4.945600000000002,67.43,2,4,8,2,29
367.27600000000007,3.988400000000002,61.36,3,3,6,2,24
349.4300000000002,3.6476000000000024,50.72,2,4,5,3,26
309.384,4.015500000000002,32.26,2,2,5,3,23
292.382,3.2714000000000016,45.15,2,3,5,3,22
297.423,3.9379000000000026,32.26,2,3,5,3,21
291.394,3.876400000000002,32.26,2,2,5,3,22
309.384,4.015500000000002,32.26,2,2,5,3,23
292.382,3.2714000000000016,45.15,2,3,5,3,22
434.38000000000005,5.018800000000003,33.730000000000004,1,4,7,2,30
320.26300000000003,4.907100000000004,12.03,1,1,3,2,21
508.1470000000003,5.3243000000000045,73.83,3,4,12,1,35
305.42100000000005,4.266500000000003,32.26,2,2,6,3,23
291.394,4.091100000000003,32.26,2,2,5,3,22
354.675,4.139100000000003,32.26,2,2,5,2,20
354.675,4.139100000000003,32.26,2,2,5,2,20
436.12,4.634600000000003,32.26,2,2,5,2,21
325.23900000000003,3.6122000000000014,58.28,3,3,5,2,21
367.27600000000007,3.988400000000002,61.36,3,3,6,2,24
310.224,4.030000000000002,32.26,2,2,5,2,20
392.35100000000006,5.758500000000004,32.26,2,3,6,3,25
356.31800000000004,4.751900000000003,32.26,2,3,6,2,22
355.22100000000006,3.938200000000002,75.39999999999999,2,4,6,2,23
389.12,4.792500000000003,32.26,2,2,5,2,21
436.12,4.634600000000003,32.26,2,2,5,2,21
325.23900000000003,3.6122000000000014,58.28,3,3,5,2,21
341.23800000000006,3.433600000000002,54.379999999999995,2,4,6,2,22
310.224,4.030000000000002,32.26,2,2,5,2,20
436.12,4.6346000000000025,32.26,2,2,5,2,21
340.25000000000006,4.038600000000002,41.489999999999995,2,3,6,2,22
356.31800000000004,4.751900000000003,32.26,2,3,6,2,22
309.84000000000003,5.122900000000004,12.03,1,1,5,3,22
293.385,4.853600000000004,12.03,1,1,5,3,22
309.384,4.015500000000002,32.26,2,2,5,3,23
326.827,3.924800000000003,45.15,2,3,5,3,23
309.84000000000003,5.122900000000004,12.03,1,1,5,3,22
293.385,4.853600000000004,12.03,1,1,5,3,22
290.41,3.842800000000002,38.05,2,2,5,3,22
326.82700000000006,3.924800000000002,45.15,2,3,5,3,23
331.86800000000005,4.591300000000003,32.26,2,3,5,3,22
349.4300000000002,3.6476000000000024,50.72,2,4,5,3,26
291.394,3.876400000000002,32.26,2,2,5,3,22
305.42100000000005,4.184820000000003,32.26,2,2,5,3,23
309.384,4.015500000000002,32.26,2,2,5,3,23
292.382,3.2714000000000016,45.15,2,3,5,3,22
297.423,3.9379000000000026,32.26,2,3,5,3,21
292.382,3.2714000000000016,45.15,2,3,5,3,22
322.4080000000001,3.280000000000002,54.379999999999995,2,4,6,3,24
349.4300000000001,4.259200000000003,39.72,1,4,6,3,26
305.421,4.5305000000000035,21.259999999999998,1,2,6,3,23
376.50000000000006,3.9889000000000037,41.57,1,3,8,3,28
388.51100000000014,4.133000000000004,41.57,1,3,8,3,29
402.5380000000002,4.523100000000004,41.57,1,3,8,3,30
418.5370000000002,3.7595000000000027,50.8,1,4,8,3,31
418.53700000000015,3.4939000000000027,61.8,2,4,8,3,31
418.53700000000015,3.4939000000000027,61.8,2,4,8,3,31
362.473,3.646700000000002,50.36,2,3,8,3,27
388.5110000000001,4.179300000000003,50.36,2,3,9,3,29
392.4990000000001,3.0092000000000017,70.59,3,4,10,3,29
348.446,3.386000000000001,64.35,2,3,8,3,26
335.447,3.8930000000000033,41.489999999999995,2,3,8,3,25
386.4950000000001,5.397320000000005,47.29,1,4,8,4,29
386.4950000000001,5.397320000000005,47.29,1,4,8,4,29
387.4830000000001,4.792320000000004,60.18,1,5,8,4,29
387.4830000000001,4.792320000000004,60.18,1,5,8,4,29
320.26300000000003,4.907100000000004,12.03,1,1,3,2,21
479.6060000000003,4.466400000000004,112.91000000000001,3,7,7,4,34
296.349,3.007600000000002,42.74,1,3,4,3,22
361.06600000000003,5.2676000000000025,21.259999999999998,1,2,4,2,19
307.17999999999995,4.376780000000003,45.05,1,3,4,2,20
307.17999999999995,4.376780000000003,45.05,1,3,4,2,20
332.831,3.861920000000003,41.57000000000001,1,3,5,2,23
348.83000000000004,3.5621000000000027,50.80000000000001,1,4,6,2,24
318.80400000000003,3.519720000000002,50.36,2,3,5,2,22
339.222,3.864700000000002,50.36,2,3,5,2,22
334.80300000000005,3.2199000000000018,59.59,2,4,6,2,23
524.5430000000002,4.784100000000003,92.35,3,5,6,3,38
295.304,4.525520000000003,21.259999999999998,1,2,4,2,21
350.16700000000003,5.523900000000002,21.259999999999998,1,2,4,2,22
325.19500000000005,3.604000000000001,64.35,2,3,5,2,21
304.77700000000004,3.2590200000000014,64.35,2,3,5,2,21
325.19500000000005,3.604000000000002,64.35,2,3,5,2,21
320.77600000000007,2.959200000000001,73.58,2,4,6,2,22
310.22400000000005,5.121940000000004,21.259999999999998,1,2,4,2,20
334.83200000000005,2.8082900000000004,65.61,3,3,4,3,22
275.779,4.4685400000000035,21.259999999999998,1,2,4,2,19
316.615,5.158500000000003,21.259999999999998,1,2,4,2,19
282.17,4.505100000000003,21.259999999999998,1,2,4,2,18
334.605,5.297600000000002,21.259999999999998,1,2,4,2,20
330.18600000000004,4.652800000000003,30.49,1,3,5,2,21
259.32399999999996,3.954240000000002,21.259999999999998,1,2,4,2,19
300.15999999999997,4.644200000000002,21.259999999999998,1,2,4,2,19
283.705,4.129900000000002,21.259999999999998,1,2,4,2,19
265.715,3.990800000000002,21.259999999999998,1,2,4,2,18
283.7049999999999,4.129900000000003,21.259999999999998,1,2,4,2,19
380.89700000000005,3.700020000000003,58.64,1,4,5,2,25
401.31500000000005,4.0450000000000035,58.64,1,4,5,2,25
354.85900000000004,3.531620000000002,67.42999999999999,2,4,6,2,23
511.41300000000024,4.387100000000003,84.31,2,7,6,4,35
342.222,4.522300000000003,39.72,1,4,6,2,22
459.403,5.1811000000000025,81.07000000000001,2,5,5,4,33
375.27700000000004,3.4132000000000016,67.43,2,4,6,2,23
323.371,2.979300000000001,56.92,3,2,3,3,24
463.56300000000016,3.949300000000002,124.0,2,8,7,4,33
361.06600000000003,5.2676000000000025,21.259999999999998,1,2,4,2,19
307.17999999999995,4.376780000000003,45.05,1,3,4,2,20
350.16700000000003,5.523900000000002,21.259999999999998,1,2,4,2,22
315.722,4.8705000000000025,21.259999999999998,1,2,4,2,21
275.779,4.4685400000000035,21.259999999999998,1,2,4,2,19
296.197,4.813520000000003,21.259999999999998,1,2,4,2,19
261.75199999999995,4.160120000000003,21.259999999999998,1,2,4,2,18
296.197,4.813520000000003,21.259999999999998,1,2,4,2,19
316.615,5.158500000000003,21.259999999999998,1,2,4,2,19
300.15999999999997,4.644200000000002,21.259999999999998,1,2,4,2,19
282.16999999999996,4.505100000000003,21.259999999999998,1,2,4,2,18
333.71199999999993,5.0096000000000025,21.259999999999998,1,2,4,2,22
279.74199999999996,4.299220000000003,21.259999999999998,1,2,4,2,19
300.15999999999997,4.644200000000002,21.259999999999998,1,2,4,2,19
282.16999999999996,4.505100000000002,21.259999999999998,1,2,4,2,18
300.15999999999997,4.644200000000002,21.259999999999998,1,2,4,2,19
312.196,4.513700000000004,30.49,1,3,5,2,20
448.57100000000014,2.8614000000000015,75.64,1,8,5,3,33
282.16999999999996,4.505100000000002,21.259999999999998,1,2,4,2,18
265.715,3.990800000000002,21.259999999999998,1,2,4,2,18
277.751,3.8603000000000023,30.49,1,3,5,2,19
320.392,4.694020000000004,43.38000000000001,1,4,6,3,24
379.4640000000002,2.500700000000001,91.93,3,5,6,3,28
499.9990000000003,4.183500000000003,83.4,2,8,6,4,34
441.9890000000002,1.1030000000000006,120.24000000000001,3,7,9,2,29
541.0780000000002,-0.013399999999996526,158.57,4,9,9,2,36
395.44400000000013,2.0248,105.97999999999999,2,5,4,4,28
448.5700000000003,2.739320000000001,108.47000000000001,2,6,6,2,30
696.2640000000001,6.616620000000007,87.54,1,5,8,4,48
409.39300000000003,2.7147000000000006,110.86,2,6,4,3,28
370.4340000000001,2.3095,107.2,2,6,5,3,26
547.6450000000003,2.7155200000000006,157.54000000000002,2,10,9,4,39
583.4940000000003,2.3770999999999995,140.82999999999998,4,7,9,3,38
581.4910000000003,2.7178000000000004,125.04,3,6,6,2,39
539.4540000000001,2.9488000000000003,115.81000000000002,3,5,5,2,36
525.4270000000001,2.5587,115.81000000000002,3,5,6,2,35
625.8390000000002,5.685020000000006,87.54,1,5,8,4,45
504.68300000000045,3.1614400000000016,92.9,2,6,6,3,37
497.5990000000002,3.400800000000003,105.53999999999999,2,5,5,3,37
513.5980000000002,3.1009800000000016,114.77000000000001,2,6,6,3,38
403.4540000000002,2.616500000000001,83.8,2,5,6,2,29
428.4640000000002,2.5102800000000007,107.59000000000002,2,6,7,2,31
414.4370000000002,2.12018,107.59000000000002,2,6,5,2,30
262.361,0.6788000000000002,79.1,3,6,5,1,19
471.50800000000015,4.326100000000003,63.050000000000004,1,6,4,4,33
307.22400000000005,4.795700000000004,15.27,1,2,2,2,20
318.7680000000001,1.8046999999999995,93.1,2,7,2,3,22
284.367,1.2824999999999993,79.96,2,6,3,2,21
406.45000000000005,2.4048799999999995,133.66,3,9,7,3,30
466.5410000000003,4.354000000000003,69.45,2,4,2,5,35
306.236,4.659500000000003,12.03,1,1,2,2,20
306.236,4.659500000000003,12.03,1,1,2,2,20
504.68300000000045,3.1614400000000016,92.9,2,6,6,3,37
354.52300000000014,4.0786700000000025,51.15,3,4,4,2,25
352.5070000000001,4.9124700000000034,63.7,4,3,4,3,25
306.236,5.179600000000004,12.03,1,1,2,2,20
306.236,4.659500000000003,12.03,1,1,2,2,20
401.3920000000001,4.227000000000003,63.050000000000004,1,4,3,3,29
404.51400000000024,2.6731800000000003,68.6,1,6,7,2,30
477.4740000000002,1.2029999999999998,160.7,5,7,6,3,33
371.3240000000001,2.3649999999999993,131.52,5,5,4,3,27
448.50600000000026,3.6663200000000007,117.86999999999999,3,8,5,4,33
434.47900000000027,3.27782,117.86999999999999,3,8,5,4,32
448.50600000000026,3.6663200000000007,117.86999999999999,3,8,5,4,33
462.5330000000003,3.913920000000002,117.86999999999999,3,8,6,4,34
454.8970000000002,3.4542200000000003,117.86999999999999,3,8,5,4,32
438.44200000000023,3.18492,117.86999999999999,3,8,5,4,32
434.4790000000002,3.2762200000000004,117.86999999999999,3,8,5,4,32
452.4690000000003,3.5750200000000003,117.86999999999999,3,8,5,4,33
434.4790000000002,2.98072,103.88,3,8,4,4,32
466.4960000000003,3.9651200000000015,117.86999999999999,3,8,5,4,34
510.5660000000005,3.786400000000002,134.76,5,6,9,3,37
496.5830000000004,3.5805000000000016,117.69,5,6,9,3,36
460.4980000000003,1.9676999999999993,127.47,3,8,7,4,34
452.4250000000002,2.0397999999999996,118.24,3,7,6,4,33
405.4660000000001,2.0119799999999994,116.81,2,9,6,3,30
369.3850000000001,1.0558799999999993,134.07999999999998,3,10,6,2,27
407.4820000000001,2.25798,116.81,2,9,8,3,30
385.4280000000001,1.6440799999999993,125.29,2,10,8,2,28
395.389,2.8762800000000013,98.99,2,8,7,2,28
367.4570000000001,2.7348800000000004,98.99,2,8,8,2,27
361.837,2.5108800000000002,98.99,2,8,7,2,25
405.4660000000001,2.0119799999999994,116.81,2,9,6,3,30
472.25400000000013,6.280200000000002,88.17,3,5,5,3,31
622.6580000000001,3.7836000000000016,135.41,3,9,9,5,44
261.727,4.691200000000003,12.03,1,1,3,2,18
262.715,4.0862000000000025,24.92,1,2,3,2,18
245.272,4.1769000000000025,12.03,1,1,3,2,18
366.303,2.4185,86.98,1,7,7,3,26
422.92000000000024,3.632500000000002,83.04,2,6,5,3,30
571.606,4.687320000000003,124.56000000000002,2,9,8,4,40
557.5790000000001,4.297220000000003,124.56000000000002,2,9,8,4,39
503.32300000000015,3.4156200000000014,92.27000000000001,2,7,6,2,31
406.355,5.3930000000000025,49.84,2,5,4,3,27
409.48100000000005,4.7824000000000035,53.080000000000005,2,6,7,3,28
426.59000000000026,3.6002000000000027,65.55000000000001,2,8,8,3,30
425.4800000000001,4.662200000000003,62.31,2,7,8,3,29
372.4980000000001,3.167200000000001,75.2,2,8,8,3,26
383.4810000000001,3.299800000000001,92.0,2,9,7,4,27
341.48400000000004,3.763600000000003,53.080000000000005,2,6,7,3,24
436.50700000000006,3.7359000000000027,65.11000000000001,3,7,6,3,30
445.5020000000002,4.376820000000004,89.78,2,7,6,4,33
446.94200000000023,5.187700000000004,76.89,2,6,6,4,32
405.46600000000007,2.0598799999999997,125.6,3,9,6,3,30
442.5450000000002,2.1159999999999997,102.24,1,8,5,3,31
441.56100000000015,2.7479700000000005,109.02,2,8,5,3,31
458.54400000000027,1.7344999999999997,111.47,1,9,4,3,32
422.57300000000015,3.5119000000000025,78.35000000000001,2,5,2,1,31
492.9670000000003,3.22422,117.18,2,8,5,4,35
372.86400000000015,2.4276,108.64,3,7,3,3,26
458.9540000000002,1.7462999999999997,126.97999999999999,3,8,3,3,32
451.52700000000027,2.04962,107.89,2,8,5,2,33
493.0400000000003,4.436900000000003,108.64,3,8,4,4,34
469.01800000000014,3.5378000000000007,118.87,3,9,4,3,32
316.38599999999997,2.2206400000000004,76.36,1,5,3,3,22
357.43900000000014,1.5917000000000001,79.6,1,6,3,3,25
357.43900000000014,1.5917000000000001,79.6,1,6,3,3,25
389.45900000000006,4.013220000000003,76.31,1,7,3,4,29
536.5640000000004,2.919900000000001,129.08,2,10,8,3,39
467.491,4.919200000000005,46.95,0,5,5,3,34
496.61500000000024,4.356420000000004,68.01,0,7,6,4,37
485.48700000000025,3.476600000000002,93.37,1,7,8,3,35
533.6720000000003,6.348300000000007,67.18,1,6,10,5,40
396.5350000000001,3.3098800000000015,83.87,1,6,4,1,29
403.41400000000027,0.49860000000000043,107.36,2,8,4,1,29
514.464,5.263600000000005,75.29,1,4,10,3,33
517.4640000000003,4.653500000000004,59.08000000000001,0,5,8,2,33
500.4810000000001,5.737000000000005,58.22,1,4,11,3,32
500.47700000000026,6.0940000000000065,38.769999999999996,0,4,9,2,32
502.4930000000003,6.184300000000007,38.769999999999996,0,4,9,2,32
503.4810000000003,5.126900000000005,42.010000000000005,0,5,9,2,32
437.3150000000001,2.993000000000001,88.25999999999999,2,4,6,3,26
442.5370000000003,3.5519000000000025,97.49,2,5,8,3,31
517.4530000000003,5.233000000000004,67.87,1,5,6,2,35
503.3480000000003,5.1974000000000045,58.64,1,4,6,2,33
465.37700000000035,4.187200000000003,67.87,1,5,7,2,31
503.3480000000003,5.1974000000000045,58.64,1,4,6,2,33
465.37700000000035,4.187200000000003,67.87,1,5,7,2,31
503.3480000000003,5.1974000000000045,58.64,1,4,6,2,33
465.37700000000035,4.187200000000003,67.87,1,5,7,2,31
508.6150000000004,3.9434000000000022,86.33,1,7,8,2,37
494.5100000000003,3.9078000000000026,77.1,1,6,8,2,35
456.5390000000003,2.8975999999999997,86.33,1,7,9,2,33
494.5100000000003,3.9078000000000017,77.1,1,6,8,2,35
456.5390000000003,2.8975999999999997,86.33,1,7,9,2,33
494.5100000000003,3.9078000000000017,77.1,1,6,8,2,35
456.5390000000003,2.8975999999999997,86.33,1,7,9,2,33
591.6400000000001,3.631000000000002,133.79000000000002,2,10,10,3,43
586.6110000000002,4.702200000000005,113.81,2,7,9,2,42
600.6380000000003,5.010620000000006,113.81,2,7,9,2,43
587.5040000000002,4.990200000000005,113.81,2,7,9,2,40
571.0490000000002,4.475900000000005,113.81,2,7,9,2,40
620.6000000000003,4.721100000000004,123.03999999999999,2,8,10,2,44
371.3930000000001,2.5822000000000003,103.55,1,8,4,2,27
346.33900000000006,2.1756,107.77000000000001,1,7,4,1,25
388.4200000000001,3.201800000000002,107.77000000000001,1,7,6,1,28
631.1300000000002,3.519000000000003,127.67,2,9,7,2,43
605.0920000000002,2.9864000000000015,127.67,2,9,8,2,41
603.0760000000002,2.740400000000002,127.67,2,9,8,2,41
617.1030000000003,3.1305000000000014,127.67,2,9,8,2,42
625.0820000000002,3.778400000000002,127.67,2,9,7,3,43
494.93200000000013,2.2392000000000003,113.35,2,9,6,2,33
494.93200000000013,2.2392000000000003,113.35,2,9,6,2,33
181.23499999999999,0.9522999999999999,29.54,0,3,1,0,13
181.23499999999999,0.9522999999999999,29.54,0,3,1,0,13
303.35800000000006,1.8677,55.84,0,5,3,1,22
452.53600000000023,2.833700000000001,114.62,2,7,5,3,32
425.5100000000002,3.4827000000000012,94.75,1,7,5,3,30
473.57600000000025,2.877600000000002,119.66,1,8,5,3,32
441.5780000000002,4.196000000000003,85.52,1,7,5,3,30
319.38600000000014,1.9037,85.52,1,6,2,2,22
488.5630000000002,4.880500000000004,69.47999999999999,0,6,8,4,36
422.5250000000002,3.0588000000000015,59.080000000000005,0,5,6,2,31
593.6560000000002,4.021100000000002,133.79000000000002,2,10,12,3,43
438.9960000000002,3.340700000000002,62.24000000000001,1,6,9,1,30
507.9780000000001,4.232170000000003,124.48,3,6,8,3,36
394.2580000000001,2.951320000000001,85.52000000000001,1,5,4,2,26
539.9510000000002,3.349400000000002,119.79,1,10,7,4,38
495.0230000000002,4.204000000000003,66.81,1,4,7,3,35
473.5700000000002,2.019,101.73,2,6,9,2,33
421.4360000000001,2.8882000000000003,124.66,2,7,4,4,31
422.4240000000001,2.2832,137.55,2,8,4,4,31
491.86100000000016,3.844000000000001,125.17999999999999,2,7,4,4,34
457.4160000000001,3.1906000000000008,125.17999999999999,2,7,4,4,33
457.41600000000017,3.1906000000000008,125.17999999999999,2,7,4,4,33
439.42600000000016,3.0515000000000008,125.17999999999999,2,7,4,4,32
439.42600000000016,3.0515000000000008,125.17999999999999,2,7,4,4,32
437.8910000000002,3.426700000000001,125.17999999999999,2,7,4,4,31
446.4460000000002,2.7840800000000003,148.97,2,8,4,4,33
435.4630000000002,3.2208200000000007,125.17999999999999,2,7,4,4,32
455.88100000000014,3.565800000000002,125.17999999999999,2,7,4,4,32
439.42600000000016,3.0515000000000008,125.17999999999999,2,7,4,4,32
451.4620000000002,2.9210000000000003,134.41,2,8,5,4,33
421.43600000000015,2.9124000000000008,125.17999999999999,2,7,4,4,31
462.8610000000001,4.674520000000004,102.10000000000001,1,6,8,3,32
551.5750000000003,3.786400000000002,125.00000000000001,1,9,7,3,40
578.7130000000003,6.253100000000007,84.0,1,6,6,4,43
494.5950000000001,5.361700000000005,83.56,2,5,5,4,37
494.5950000000001,5.805500000000006,74.77000000000001,1,5,5,4,37
569.6810000000003,5.874800000000006,78.01,1,6,5,4,42
537.6200000000002,4.483700000000003,95.08,1,6,5,4,40
555.6540000000002,5.4847000000000055,78.01,1,6,6,4,41
537.6640000000002,5.3456000000000055,78.01,1,6,6,4,40
509.6100000000001,4.567000000000004,78.01,1,6,5,4,38
609.7460000000003,6.799100000000007,78.01,1,6,6,4,45
611.7180000000003,5.645400000000006,87.24000000000001,1,7,6,4,45
577.7290000000003,6.269900000000007,78.01,1,6,6,4,43
597.6910000000003,5.255300000000005,87.24000000000001,1,7,6,4,44
579.7010000000002,5.116200000000005,87.24000000000001,1,7,6,4,43
595.7690000000002,5.832800000000007,78.01,1,7,6,4,43
585.7080000000002,6.137400000000006,78.01,1,6,7,5,44
635.7460000000002,5.3261000000000065,112.14999999999999,1,7,7,5,46
513.5730000000001,4.363900000000004,86.8,2,6,5,4,38
495.5830000000001,4.224800000000004,86.8,2,6,5,4,37
427.4600000000001,4.828200000000004,80.76,1,5,4,4,32
552.6750000000003,6.461300000000007,84.0,1,6,5,4,41
580.6850000000003,5.841800000000006,93.23,1,7,6,4,43
484.5560000000001,4.760000000000005,84.0,1,6,7,4,36
419.49700000000036,2.5006000000000004,62.32,0,5,4,1,30
419.49700000000036,2.5006000000000004,62.32,0,5,4,1,30
436.57800000000015,2.0633,83.05,0,6,3,1,30
455.56200000000024,4.964500000000004,86.03999999999999,3,4,3,4,34
468.9820000000003,2.2283,106.36000000000001,2,7,6,1,32
572.6480000000004,1.4103000000000017,187.67999999999998,3,11,6,3,40
357.38500000000005,3.2307000000000015,71.53,1,4,3,2,26
624.79,5.233000000000006,121.33,2,8,5,4,46
493.9550000000003,4.085300000000002,97.12,1,8,5,4,35
497.61500000000024,3.890520000000003,79.7,1,5,6,2,36
526.5560000000002,2.2256,93.22999999999999,1,7,4,1,37
513.9130000000002,2.9166000000000007,122.63,2,6,5,3,36
438.9190000000003,3.7817000000000025,76.38,0,6,2,3,31
540.4380000000001,3.664100000000002,113.01,2,6,4,2,36
481.5520000000003,2.2961,131.10999999999999,2,8,6,2,32
451.5260000000003,2.6712000000000007,121.87999999999998,2,7,5,2,30
458.9250000000003,4.213100000000002,121.08,3,6,3,3,32
440.93500000000034,4.074000000000002,121.08,3,6,3,3,31
535.4720000000003,3.4749000000000025,92.66999999999999,2,5,8,2,36
480.00800000000027,4.464900000000004,72.36,2,4,6,3,34
760.8480000000003,5.407200000000004,175.48,4,8,11,4,56
474.46800000000013,3.987800000000002,130.41,4,8,6,3,34
738.8900000000001,6.222000000000006,174.63999999999996,4,8,11,4,54
817.004,7.867200000000008,174.63999999999996,4,8,11,5,60
823.033,7.928700000000009,174.63999999999996,4,9,11,5,59
829.062,7.990200000000009,174.63999999999996,4,10,11,5,58
704.869,4.2116000000000025,171.21999999999997,5,9,14,3,51
920.1179999999998,5.881100000000006,238.83999999999995,5,14,20,3,66
414.8970000000002,3.7558000000000016,121.08,3,6,3,3,29
477.8340000000001,3.819700000000001,133.97,3,7,4,4,33
372.46900000000005,3.7726200000000025,99.36,2,6,7,2,27
598.6080000000002,1.9022,134.49999999999997,1,10,6,3,41
771.9959999999999,6.934280000000007,178.03999999999996,3,10,9,1,56
503.6650000000004,4.328100000000004,54.900000000000006,0,8,10,3,34
591.6400000000002,3.486900000000001,133.79000000000002,2,10,10,3,43
199.25,0.002999999999999947,49.77,1,4,1,0,14
293.348,0.8348200000000007,94.30999999999999,2,6,4,2,20
503.6650000000004,4.328100000000004,54.900000000000006,0,8,10,3,34
591.6400000000002,3.486900000000001,133.79000000000002,2,10,10,3,43
303.35800000000006,1.8677,55.84,0,5,3,1,22
505.69900000000047,6.378980000000007,84.22999999999999,0,5,1,0,37
294.301,2.5086000000000004,54.120000000000005,2,3,2,2,21
379.46000000000015,4.011620000000003,68.46000000000001,0,6,5,3,28
483.95200000000034,3.7837000000000023,82.03,1,7,5,3,34
401.50900000000024,4.367500000000003,72.47,1,5,4,3,27
365.433,3.7032000000000025,68.46000000000001,0,6,5,3,27
399.4500000000001,4.506120000000003,84.07999999999998,2,4,5,4,30
551.5020000000004,-1.1899999999999966,244.04999999999998,0,16,16,1,34
632.5300000000004,-3.1247999999999942,310.47999999999996,0,20,17,1,38
361.32300000000004,3.519700000000002,56.49,0,4,4,3,26
412.22300000000007,4.687400000000003,56.49,0,4,4,3,27
395.76800000000003,4.1731000000000025,56.49,0,4,4,3,27
480.99600000000027,4.275100000000003,66.81,1,4,6,3,34
351.44600000000014,3.943400000000003,38.769999999999996,0,4,6,2,26
509.9250000000003,3.5842000000000027,110.56,1,9,5,4,36
335.40299999999996,3.419500000000002,47.56,1,4,2,2,25
341.39200000000005,2.5951000000000004,94.30999999999999,2,6,4,3,24
314.36600000000004,3.2441000000000004,74.44,1,6,4,3,22
362.4320000000001,2.6390000000000002,99.35000000000001,1,7,4,3,24
330.434,3.9574000000000025,65.21,1,6,4,3,22
334.42200000000014,3.9800400000000034,65.22,0,7,4,3,22
572.0210000000002,5.7054700000000045,133.70999999999998,3,7,8,4,41
588.0890000000002,6.064370000000005,124.48,3,7,8,4,41
517.5480000000002,3.7486000000000024,87.74000000000001,2,5,7,2,37
421.2840000000001,3.888300000000001,96.11,3,5,7,3,28
495.5360000000004,1.1787000000000003,122.33000000000003,2,9,7,2,36
539.6360000000004,3.6159000000000026,94.21999999999997,2,7,7,3,40
565.6740000000005,4.148500000000003,94.21999999999997,2,7,7,3,42
565.6740000000005,4.148500000000003,94.21999999999997,2,7,7,3,42
566.6580000000005,4.404000000000004,100.20999999999998,2,7,6,3,42
536.5880000000005,3.917200000000003,108.04999999999998,2,6,6,3,40
538.6040000000005,3.6270000000000024,100.20999999999998,2,7,6,3,40
519.5610000000004,4.191500000000003,105.55999999999999,2,6,6,4,39
520.5490000000003,3.5865000000000027,118.44999999999999,2,7,6,4,39
474.5650000000003,3.8373200000000027,98.31,1,8,7,4,35
521.5490000000003,3.0856000000000012,124.56000000000002,2,9,7,3,38
590.7680000000001,6.563520000000008,67.67000000000002,0,5,7,4,44
538.6440000000003,5.946400000000006,70.0,0,6,7,4,40
474.00100000000015,4.354100000000003,65.82000000000001,0,6,4,2,33
383.41200000000015,1.0801799999999995,125.29,2,10,6,2,28
530.394,4.229200000000004,75.88,0,6,7,3,34
519.4950000000001,4.4855000000000045,75.88,0,6,7,3,37
434.50400000000025,2.6640200000000007,102.98999999999998,1,8,6,4,32
333.33700000000005,2.6137000000000006,72.47,1,5,4,2,21
495.52600000000024,3.9729800000000033,115.30000000000001,1,6,6,2,36
426.4760000000001,3.614300000000002,91.85000000000001,1,7,2,3,32
444.4660000000001,3.753400000000002,91.85000000000001,1,7,2,3,33
423.3440000000002,3.533100000000002,82.17000000000002,2,4,4,2,28
496.5790000000003,4.520400000000004,81.01,1,6,9,3,36
406.9620000000003,2.9788000000000006,83.30000000000001,2,6,8,2,28
432.48000000000013,3.6416000000000013,101.08,1,8,5,3,32
450.47000000000014,3.780700000000002,101.08,1,8,5,3,33
502.0550000000003,4.217000000000004,83.92,2,6,6,2,35
448.99900000000025,2.7462000000000018,92.53000000000002,2,7,6,2,31
477.5250000000004,1.1105200000000006,115.57,0,9,7,3,35
445.4980000000002,4.106720000000003,73.26,0,7,5,4,33
436.51200000000017,4.464800000000004,60.370000000000005,0,7,5,4,31
378.4280000000001,3.515640000000001,81.54,1,5,7,3,28
580.503,3.6033000000000026,113.01,2,6,6,2,39
454.6150000000004,3.403520000000002,68.10000000000001,1,5,7,2,33
624.666,7.138800000000008,42.010000000000005,0,4,5,2,44
506.5340000000004,4.248840000000003,108.48,1,7,5,4,37
466.9690000000003,3.9045000000000023,61.64,0,6,3,3,33
619.7139999999999,5.687900000000006,91.37,0,8,9,3,46
393.4430000000002,2.5650000000000004,102.59,1,5,5,2,29
408.5020000000003,2.22098,100.94,1,6,3,1,30
407.5330000000002,5.412600000000006,30.29,0,3,6,3,30
433.4490000000002,5.308000000000004,30.29,0,3,5,3,31
460.04300000000035,5.455600000000006,39.519999999999996,0,5,6,3,31
442.62500000000034,4.1799000000000035,49.85,0,4,7,2,31
427.81400000000014,3.819340000000003,65.3,0,6,4,3,29
483.53100000000023,2.658500000000001,64.13,0,6,4,1,34
527.5840000000002,2.4111000000000002,84.36000000000001,1,7,7,1,37
503.5120000000003,3.572700000000002,63.690000000000005,1,5,4,1,35
481.5590000000002,3.7176000000000027,63.690000000000005,1,5,4,1,34
477.4430000000002,3.6762000000000024,50.800000000000004,1,4,4,1,30
423.55700000000024,2.78538,74.59,1,5,4,1,31
466.5440000000002,3.9325000000000028,50.800000000000004,1,4,4,1,33
432.99200000000025,3.5671000000000017,50.800000000000004,1,4,4,1,30
416.5370000000002,3.0528000000000004,50.800000000000004,1,4,4,1,30
482.54300000000023,3.8123000000000022,60.03,1,5,5,1,34
478.4310000000002,3.071200000000001,63.690000000000005,1,5,4,1,30
467.5320000000002,3.3275000000000015,63.690000000000005,1,5,4,1,33
433.9800000000002,2.9621000000000004,63.690000000000005,1,5,4,1,30
457.6150000000003,3.095900000000001,72.92,1,6,6,1,33
444.53200000000027,2.2169,106.83000000000001,1,7,5,1,32
399.5350000000002,2.3087,63.690000000000005,1,5,4,1,29
535.5710000000001,1.254980000000002,129.1,2,7,4,1,38
578.6760000000002,3.5881000000000007,84.0,1,6,5,1,41
598.6660000000002,3.699200000000002,84.0,1,6,6,2,43
560.6170000000002,2.3991999999999996,84.0,1,6,4,1,40
600.6820000000001,3.6186000000000016,84.0,1,6,7,2,43
553.6260000000002,2.5772000000000004,96.03,2,6,5,1,39
601.6700000000002,3.3690000000000015,96.03,2,6,6,2,43
582.6640000000002,3.6419000000000015,93.22999999999999,1,7,5,1,41
568.6370000000002,3.2518000000000002,93.22999999999999,1,7,6,1,40
610.6740000000004,3.022400000000001,102.46000000000001,1,8,6,1,43
624.7010000000005,3.4125000000000014,102.46000000000001,1,8,7,1,44
609.6900000000004,2.691600000000001,96.47,1,8,7,1,43
625.6890000000004,1.9280000000000028,105.69999999999999,1,9,7,1,44
597.6350000000002,1.7319000000000015,122.32999999999998,2,8,7,1,42
602.6540000000002,3.796000000000002,93.22999999999999,1,7,6,2,43
588.6270000000002,3.6582000000000017,93.22999999999999,1,7,5,2,42
510.5570000000003,2.005699999999999,84.0,1,6,4,1,36
510.6010000000003,2.8676000000000013,66.93,1,6,5,1,36
511.5450000000003,1.5379000000000005,110.01999999999998,2,6,4,1,36
482.54700000000025,2.0889999999999995,66.93,1,6,4,1,34
508.58500000000026,2.621600000000001,66.93,1,6,5,1,36
524.5840000000003,1.858,76.16000000000001,1,7,5,1,37
544.6180000000002,3.663800000000003,66.93,1,6,5,2,39
546.5940000000002,2.4537999999999993,92.71000000000001,1,8,5,2,39
551.6350000000001,3.120300000000002,79.82000000000001,1,8,5,2,38
468.5200000000002,1.7467999999999997,75.72,2,6,4,1,33
535.5290000000001,4.115900000000003,63.690000000000005,1,5,4,1,37
510.5570000000003,2.0389,106.78,2,6,5,1,36
501.9770000000003,3.544800000000002,63.690000000000005,1,5,4,1,34
485.5220000000002,3.275500000000002,63.690000000000005,1,5,4,1,34
510.6010000000003,2.8676000000000013,66.93,1,6,5,1,36
483.53100000000023,2.2982999999999993,83.91999999999999,2,6,4,1,34
497.5580000000003,2.952400000000001,72.92,1,6,5,1,35
535.5290000000001,4.115900000000003,63.690000000000005,1,5,4,1,37
510.5570000000003,2.0389,106.78,2,6,5,1,36
501.9770000000003,3.544800000000002,63.690000000000005,1,5,4,1,34
485.5220000000002,3.275500000000002,63.690000000000005,1,5,4,1,34
510.6010000000003,2.8676000000000013,66.93,1,6,5,1,36
483.53100000000023,2.2982999999999993,83.91999999999999,2,6,4,1,34
497.5580000000003,2.952400000000001,72.92,1,6,5,1,35
469.5040000000002,2.3163,72.92,1,6,4,1,33
375.4720000000001,4.038800000000004,39.52,0,4,4,3,28
418.5660000000002,3.4547000000000025,44.39,1,5,4,3,30
507.1000000000004,4.061340000000003,74.77000000000001,1,6,10,2,34
386.37400000000014,1.68107,108.51,3,4,4,1,27
494.9870000000003,3.8115400000000017,102.47,1,7,6,4,35
571.535,4.1361000000000026,127.74,2,7,6,4,41
573.5070000000001,3.330000000000001,136.97,2,8,6,4,41
594.5300000000003,3.850900000000002,113.01,2,6,8,2,40
554.4650000000001,3.0707000000000013,113.01,2,6,6,2,37
493.99500000000023,3.9749200000000027,96.45,2,6,7,3,35
468.98500000000007,2.867700000000002,76.46000000000001,1,5,9,3,33
495.6390000000002,5.270900000000005,67.45,1,5,11,3,36
495.6390000000002,5.270900000000005,67.45,1,5,11,3,36
423.3440000000002,3.390600000000002,82.17000000000002,2,4,4,2,28
385.43000000000006,2.978300000000001,54.46,1,4,7,1,27
387.4460000000001,3.0686000000000018,54.46,1,4,7,1,27
333.4760000000001,2.3582199999999993,54.46,1,4,7,1,24
411.55000000000024,4.519200000000004,69.21000000000001,0,6,7,3,30
527.6600000000003,4.7378000000000045,65.65,2,6,11,3,38
453.5430000000002,2.864600000000001,101.86000000000001,2,9,8,3,33
531.6230000000004,4.644900000000004,65.65,2,6,11,3,38
502.5850000000004,4.0313000000000025,69.31,2,6,10,3,36
566.6890000000003,5.103620000000005,79.82,3,5,12,3,41
529.0520000000001,5.377300000000005,66.15,1,5,11,3,37
385.4300000000001,2.8226000000000013,54.46,1,4,7,1,27
540.5460000000002,4.969120000000004,90.35000000000001,1,6,5,4,39
442.6250000000003,4.1799000000000035,49.85,0,4,8,2,31
394.51500000000016,3.142100000000002,42.010000000000005,0,4,6,2,29
377.9160000000001,3.1864000000000017,36.02,0,3,6,1,26
395.2900000000002,2.7545,82.17000000000002,2,4,4,2,26
569.544,3.5810000000000013,136.97,2,8,7,4,41
585.612,4.297600000000002,127.74,2,8,7,4,41
483.0120000000002,3.2578000000000022,76.46000000000001,1,5,10,3,34
467.3740000000002,4.711800000000004,91.41999999999999,3,4,7,3,30
442.95100000000014,2.8030000000000017,109.16,3,6,7,3,31
511.0660000000002,3.9901000000000035,67.67,0,5,11,3,36
497.03900000000016,3.6479000000000026,76.46000000000001,1,5,11,3,35
318.339,3.201500000000001,56.84,1,4,9,1,22
467.5510000000003,2.7737000000000007,106.41999999999999,1,6,8,4,33
367.8770000000003,2.0877999999999997,76.82000000000001,2,5,6,1,25
374.4850000000002,2.1678999999999995,79.62,2,5,7,2,27
383.4960000000002,3.8831000000000024,69.21000000000001,0,6,7,3,28
383.4960000000002,3.723600000000003,68.69,0,6,7,3,28
383.4960000000002,3.8831000000000024,69.21000000000001,0,6,7,3,28
383.4960000000002,3.8831000000000024,69.21000000000001,0,6,7,3,28
370.4970000000001,2.4017999999999997,58.870000000000005,1,4,8,2,27
454.6110000000002,4.039400000000002,60.03,1,5,12,2,33
513.6350000000002,3.475500000000002,98.36,2,7,13,2,37
431.48500000000024,3.6170000000000027,96.22000000000001,1,6,7,2,31
401.57200000000023,4.190600000000003,46.61000000000001,0,4,9,2,28
516.4800000000004,3.611100000000002,63.57,1,4,9,2,33
465.63800000000026,3.465440000000002,63.57,1,4,9,2,34
498.6140000000003,4.686840000000004,50.8,1,4,8,2,36
646.1750000000002,4.514800000000004,80.34,1,6,11,2,45
654.2200000000003,4.595300000000004,96.97000000000001,2,6,14,2,44
632.1920000000002,4.988200000000005,63.27000000000001,1,6,12,2,44
680.2580000000002,4.386400000000004,88.18,1,7,12,2,46
640.1930000000003,4.205200000000003,96.97000000000001,2,6,13,2,43
532.6280000000003,3.5573000000000023,80.26,2,6,13,2,38
895.83,8.226240000000008,167.42,1,11,20,4,62
539.7170000000004,3.4906400000000026,82.03,1,6,13,2,39
596.1680000000001,4.680400000000004,82.03,1,6,13,3,42
561.7230000000003,4.027000000000003,82.03,1,6,13,3,41
741.753,7.7125200000000085,106.56000000000002,2,7,18,3,51
713.743,7.372620000000009,89.49000000000001,2,7,17,3,49
734.7649999999998,8.295600000000007,93.05000000000001,1,7,18,3,51
753.7639999999999,7.856620000000009,106.56000000000002,2,7,19,3,52
777.7939999999996,7.137720000000008,123.72000000000001,2,9,19,4,54
755.78,8.102620000000009,106.56000000000002,2,7,19,3,52
781.8179999999998,8.636820000000005,106.56000000000002,2,7,19,3,54
769.8069999999999,8.49272000000001,106.56000000000002,2,7,20,3,53
776.824,6.541020000000008,115.43,2,8,20,3,52
712.7589999999999,7.163320000000009,72.5,1,7,18,3,49
699.716,7.248120000000008,78.49000000000001,1,7,18,3,48
771.779,7.481520000000009,115.79,2,8,20,3,53
816.845,6.3136200000000064,132.5,2,9,19,3,55
739.7370000000001,7.322420000000008,106.56000000000002,2,7,18,3,51
824.8429999999998,6.869220000000008,115.87000000000002,1,9,20,3,57
853.8809999999999,8.327820000000008,121.86000000000001,1,10,20,3,59
480.6490000000003,4.175100000000003,60.03,1,5,13,2,35
481.6370000000003,3.570100000000002,72.92,1,6,13,2,35
487.64400000000023,4.001800000000003,63.57,1,4,9,3,36
488.63200000000023,3.3968000000000016,76.46000000000001,1,5,9,3,36
488.63200000000023,3.3968000000000016,76.46000000000001,1,5,9,3,36
513.6820000000002,4.515600000000004,63.57,1,4,10,3,38
530.5070000000002,3.919520000000002,63.57,1,4,9,2,34
511.66300000000035,2.873800000000001,82.03,1,6,13,2,37
536.6690000000004,3.3861000000000017,86.33000000000001,1,7,12,2,39
522.6420000000004,3.457200000000001,86.33000000000001,1,7,12,2,38
520.6700000000004,4.287700000000004,69.26,1,6,12,2,38
522.6860000000005,3.8595000000000024,69.26,1,6,12,2,38
520.6200000000003,5.223200000000005,50.8,1,4,8,3,38
544.6390000000004,4.095200000000003,69.26,1,6,12,2,39
508.6590000000004,3.817000000000002,69.26,1,6,12,2,37
532.6280000000003,3.5573000000000023,80.26,2,6,13,2,38
496.6480000000003,3.2791000000000006,80.26,2,6,13,2,36
506.47400000000033,4.155400000000003,63.57,1,4,9,2,34
472.0290000000002,3.5020000000000024,63.57,1,4,9,2,33
472.0290000000002,3.5020000000000024,63.57,1,4,9,2,33
492.9940000000002,4.185500000000004,61.8,2,4,9,2,34
515.5760000000001,4.152500000000003,77.59,3,4,9,3,37
587.683,4.662400000000004,75.96,2,5,13,3,42
520.6200000000003,5.223200000000005,50.8,1,4,8,3,38
555.5170000000003,4.023300000000003,68.5,1,4,9,3,36
511.0660000000003,3.914200000000003,68.5,1,4,9,3,36
494.6110000000003,3.3999000000000015,68.5,1,4,9,3,36
476.62100000000027,3.2608000000000015,68.5,1,4,9,3,35
568.64,4.539580000000004,90.52000000000001,2,5,11,3,41
614.7089999999998,3.915600000000003,79.2,2,6,11,3,44
607.6950000000002,3.628000000000003,100.87,2,6,11,3,42
595.666,4.328200000000003,84.55,2,5,11,4,43
515.5760000000001,4.083400000000003,66.73,2,4,9,3,37
426.55700000000024,3.846200000000003,62.24000000000001,1,5,9,2,31
363.46100000000007,3.032000000000002,58.480000000000004,1,5,8,3,27
396.51000000000016,3.7707000000000024,33.53,0,4,7,3,29
409.4610000000002,3.2660800000000023,67.49000000000001,0,5,8,3,30
667.6950000000002,3.767100000000003,141.84000000000003,2,10,12,5,47
432.03300000000024,6.076700000000007,30.29,0,4,8,3,29
434.0050000000002,4.9230000000000045,39.519999999999996,0,5,8,3,29
374.4480000000001,3.2685200000000014,68.96000000000001,0,6,6,4,28
378.90800000000013,2.2002000000000006,83.30000000000001,2,6,8,2,26
352.374,3.4635000000000025,42.43,0,3,7,3,25
300.22900000000004,3.985300000000003,12.47,0,2,4,1,19
428.48300000000023,3.596300000000002,70.25,2,4,7,3,31
483.57600000000025,3.1827000000000014,101.86000000000001,0,7,7,4,36
508.0870000000002,6.112220000000007,47.36,0,5,7,4,35
492.0230000000002,4.5694200000000045,65.18,0,5,7,4,35
509.0750000000003,5.5072200000000056,60.25,0,6,7,4,35
411.9330000000001,3.7515000000000027,47.36,0,4,7,3,29
412.9210000000001,3.1465000000000014,60.25,0,5,7,3,29
412.9210000000001,3.1465000000000014,60.25,0,5,7,3,29
412.9210000000001,3.1465000000000014,60.25,0,5,7,3,29
488.59200000000027,3.3196200000000013,87.30000000000001,0,7,8,4,36
464.6140000000004,3.8270200000000028,78.07,0,6,7,3,34
522.3570000000001,1.1398000000000008,145.42,3,9,9,2,31
548.6910000000001,4.331220000000004,75.0,1,6,8,4,41
468.5330000000003,2.6968200000000007,105.84000000000002,2,8,8,3,34
447.5390000000002,3.0763000000000016,79.82000000000001,1,7,9,3,33
474.5690000000003,2.5962000000000005,101.73,2,9,7,4,35
526.5440000000001,2.281999999999999,122.47999999999999,2,8,9,3,38
433.5160000000002,2.6234200000000003,90.1,1,7,6,4,32
380.27500000000015,3.4247200000000015,68.44999999999999,1,4,5,2,25
497.03900000000016,3.6479000000000026,76.46000000000001,1,5,11,3,35
412.5300000000002,3.5040000000000022,71.03,2,5,9,2,30
412.45400000000006,0.28972000000000137,132.79,2,9,6,3,30
477.6570000000003,3.6733400000000014,73.03,1,6,7,3,35
434.5400000000002,2.3164000000000007,84.39000000000001,3,4,9,3,32
364.37100000000004,3.202680000000001,70.83,1,5,8,2,26
402.5600000000002,3.305100000000002,58.64,1,4,9,2,28
507.46200000000033,3.634700000000003,75.6,2,5,9,2,34
480.5290000000003,1.1613800000000005,143.79,2,9,9,2,35
491.52500000000026,4.481200000000003,118.83999999999999,3,9,7,5,35
570.6090000000002,2.2422000000000013,102.46000000000001,1,8,7,1,40
476.6020000000003,3.1115000000000013,70.69,1,7,7,3,34
462.6190000000003,3.471300000000002,53.620000000000005,1,6,7,3,33
431.52100000000013,3.3637000000000024,77.85000000000001,1,6,7,4,31
462.6190000000003,3.471300000000002,53.620000000000005,1,6,7,3,33
431.52100000000013,3.3637000000000024,77.85000000000001,1,6,7,4,31
448.92200000000014,3.558900000000003,67.86999999999999,1,4,10,2,31
844.9880000000002,7.510300000000008,196.69999999999996,5,12,20,5,60
818.9500000000002,7.554300000000008,189.72,4,13,20,5,58
746.305,7.662800000000009,105.56,1,7,6,6,52
764.3449999999998,8.169900000000007,105.56,1,8,6,6,52
863.4779999999994,7.965100000000009,118.03,1,10,9,6,59
746.305,8.120640000000007,105.55999999999999,1,7,6,6,52
552.1410000000002,4.175940000000002,96.03000000000002,2,7,12,2,37
479.5160000000002,3.891300000000003,116.08000000000001,2,8,10,4,35
520.5900000000004,2.7488800000000007,129.91,1,9,8,2,38
546.5500000000002,3.9123800000000033,120.68,1,8,8,2,39
509.5670000000003,1.6906800000000002,140.99,1,9,10,2,37
523.5940000000003,2.0807800000000003,140.99,1,9,11,2,38
559.6490000000002,1.493880000000001,158.06,1,10,12,2,39
535.6050000000002,2.22328,140.99,1,9,8,2,39
507.55100000000033,1.4446800000000002,140.99,1,9,8,2,37
535.6050000000002,2.22328,140.99,1,9,8,2,39
507.55100000000033,1.4446800000000002,140.99,1,9,8,2,37
521.5780000000003,1.8331800000000005,140.99,1,9,9,2,38
521.5780000000003,1.8331800000000005,140.99,1,9,9,2,38
507.59500000000025,2.3528800000000007,132.71,2,9,8,2,37
521.5780000000003,1.8331799999999996,140.99,1,9,9,2,38
521.5780000000003,1.8331799999999996,140.99,1,9,9,2,38
467.5450000000003,3.301820000000002,92.94999999999999,2,7,8,3,34
454.5020000000003,3.3866200000000024,98.94,2,7,8,3,33
471.50800000000027,3.132500000000002,92.94999999999999,2,7,8,3,34
432.5460000000003,3.915740000000003,106.19999999999999,2,7,7,3,30
467.4750000000003,3.0169000000000015,118.1,1,10,12,3,32
525.9680000000003,3.8228000000000026,102.72,1,9,8,4,37
463.55600000000027,2.2060000000000004,97.41,1,6,11,2,32
442.5400000000002,5.165100000000005,56.37,1,5,7,4,32
537.5920000000003,3.324200000000002,116.72000000000001,2,9,10,3,39
436.4870000000002,3.653500000000002,69.91,1,6,7,4,32
573.0130000000003,2.7484,145.10999999999999,1,8,8,5,41
604.4010000000003,3.499900000000002,121.32,1,7,8,5,41
463.5300000000003,5.014940000000005,94.95,1,6,10,3,34
562.5780000000001,3.126100000000002,111.39,0,10,8,4,39
409.32800000000003,1.7486,116.94000000000001,1,8,7,3,29
499.6410000000003,3.071220000000001,105.48,1,8,9,3,35
387.54500000000013,3.800500000000003,46.61000000000001,0,4,8,2,27
568.4920000000002,3.4608000000000017,113.01,2,6,7,2,38
457.5370000000001,3.4654000000000025,70.67,2,4,9,1,32
486.4540000000001,3.960320000000003,104.05,1,7,8,4,35
452.9020000000001,3.594920000000002,104.05,1,7,8,4,32
448.4830000000002,2.950120000000001,113.28000000000002,1,8,9,4,33
453.89000000000016,2.9899200000000015,116.94000000000001,1,8,8,4,32
492.4470000000003,3.7653000000000025,63.57,1,4,8,2,33
478.96700000000027,3.7954000000000034,61.8,2,4,8,2,33
393.9340000000001,4.9535000000000045,39.08,1,3,8,2,27
342.403,1.38422,69.71,0,6,5,3,25
253.305,2.744700000000001,39.94,0,3,4,3,19
520.5940000000004,1.8662799999999997,143.79,2,9,8,2,38
250.298,0.4539000000000007,67.42999999999999,2,3,6,1,18
400.4100000000002,3.144940000000002,93.9,2,6,7,4,29
309.7970000000001,2.607800000000001,36.02,0,3,4,1,21
443.51000000000005,3.0753000000000013,70.67,2,4,8,1,31
347.49900000000014,2.8592000000000017,49.769999999999996,1,3,2,0,25
315.295,2.795600000000001,73.16,2,4,5,2,22
544.7360000000003,5.104420000000005,79.82,3,5,12,3,40
600.5540000000003,4.546500000000003,105.85,3,7,12,3,39
520.5940000000004,1.8662799999999997,143.79,2,9,8,2,38
438.4840000000001,3.5698000000000016,105.78000000000002,2,6,9,3,32
464.5220000000002,3.724300000000002,94.92,1,6,9,3,34
476.53300000000024,4.089220000000003,102.88000000000001,1,7,9,3,35
477.52100000000024,3.4842200000000023,115.77000000000001,1,8,9,3,35
535.5590000000002,4.3251000000000035,125.82000000000001,1,8,11,3,36
477.5640000000002,3.7083200000000023,116.71000000000001,1,9,9,3,32
462.54900000000015,4.004900000000003,103.82000000000001,1,8,9,3,31
478.50900000000024,2.879220000000001,128.66,1,9,9,3,35
511.9660000000003,4.137620000000003,115.77000000000001,1,8,9,3,36
368.27900000000017,5.095900000000004,12.47,0,2,6,2,24
472.4290000000001,5.153100000000005,54.379999999999995,2,4,8,3,33
344.4190000000001,1.3215399999999997,128.18,4,7,8,2,25
562.6740000000003,1.8114,144.75,2,10,9,3,38
438.87500000000017,3.2048200000000016,104.05,1,7,7,4,31
439.8630000000002,2.599820000000001,116.94000000000001,1,8,7,4,31
440.8510000000002,1.99482,129.83,1,9,7,4,31
458.56200000000024,3.8770000000000024,61.52,0,5,9,4,34
420.94500000000016,1.9676,92.53000000000002,2,7,6,2,29
533.5380000000002,1.5458000000000003,143.30999999999997,2,10,3,2,37
472.5530000000003,3.1050400000000016,102.98999999999998,1,7,7,4,35
494.50600000000026,3.0748200000000017,102.99,1,7,7,4,36
527.6600000000003,4.7378000000000045,65.65,2,6,11,3,38
438.5030000000002,3.9082000000000026,99.36,2,6,7,3,32
452.46500000000015,3.7269000000000014,107.94999999999999,2,6,7,4,33
434.47500000000014,3.5878000000000014,107.94999999999999,2,6,7,4,32
448.5020000000002,3.8962200000000022,107.94999999999999,2,6,7,4,33
452.46500000000015,3.7269000000000014,107.94999999999999,2,6,7,4,33
422.46000000000026,3.587200000000002,71.17,0,5,4,4,31
450.5140000000003,4.223300000000003,71.17,0,5,5,4,33
450.5140000000003,4.365800000000003,71.17,0,5,5,4,33
408.43300000000016,2.9315000000000007,82.17,1,5,4,4,30
422.4600000000002,3.585600000000002,71.17,0,5,5,4,31
422.4600000000002,3.585600000000002,71.17,0,5,5,4,31
420.51300000000026,3.7691000000000026,99.36000000000001,2,6,7,3,31
434.47500000000014,3.5878000000000014,107.95000000000002,2,6,7,4,32
404.47000000000025,3.448100000000002,71.17,0,5,4,4,30
443.5910000000002,5.206400000000006,39.52,0,4,8,4,33
507.5720000000002,5.540600000000006,49.52,2,4,11,3,36
465.9850000000002,3.663800000000002,78.31,1,5,5,4,33
381.314,2.5232,84.18,0,7,8,3,27
380.44800000000026,2.9277000000000015,89.13000000000001,2,5,6,3,28
500.5900000000003,3.997600000000004,67.79,0,6,10,2,36
482.6000000000003,3.858500000000003,67.79,0,6,10,2,35
463.57500000000016,3.2349000000000023,81.62,0,7,9,2,32
380.44800000000026,2.9277000000000015,89.13000000000001,2,5,6,3,28
414.48700000000025,1.9358000000000002,114.03999999999999,2,6,6,3,29
396.4470000000003,1.8905999999999998,93.12,1,7,3,2,29
556.5830000000004,3.0900200000000018,150.90999999999997,1,11,7,4,41
528.682,5.209320000000005,82.1,0,8,8,5,38
511.6260000000003,5.600340000000005,87.23000000000002,1,7,8,5,38
550.489,3.1129000000000016,102.16000000000001,0,9,6,3,37
508.52500000000026,3.5046000000000026,87.38000000000001,1,5,10,4,37
491.52300000000025,2.7605000000000013,100.27000000000001,1,6,10,4,36
429.8830000000002,3.3877000000000024,65.30000000000001,0,6,6,3,30
486.4880000000003,2.826100000000001,131.58,2,6,7,4,36
544.5740000000003,3.0667000000000018,87.04,2,5,8,3,39
499.51500000000027,3.898100000000003,101.17,0,9,5,2,34
458.32200000000006,3.448400000000002,94.82,1,6,5,3,32
441.5720000000004,3.239600000000002,72.8,1,4,7,2,32
530.5470000000001,2.724500000000001,95.83,3,5,8,3,38
519.0710000000003,3.7226000000000026,110.58999999999999,2,7,9,2,35
558.7490000000001,3.644140000000002,115.89999999999999,3,7,11,2,39
508.08800000000036,4.159340000000003,86.8,2,6,9,2,34
528.5060000000001,4.504320000000004,86.8,2,6,9,2,34
605.5980000000003,4.4920000000000035,119.97000000000003,2,7,9,5,44
659.6220000000002,4.343300000000004,132.61,2,9,10,5,46
673.6490000000005,4.630200000000004,132.61,2,9,9,5,47
623.6420000000004,3.7505000000000024,132.61,2,9,9,5,44
624.6300000000003,3.145500000000001,145.5,2,10,9,5,44
689.6630000000001,5.893000000000005,106.83000000000001,2,7,10,5,48
691.6390000000001,4.683000000000004,132.61,2,9,10,5,48
653.6390000000002,4.8197000000000045,116.06,2,8,8,5,46
725.6430000000001,6.572100000000005,106.83000000000001,2,7,10,5,50
675.6360000000001,5.6924000000000055,106.83000000000001,2,7,10,5,47
676.624,5.087400000000004,119.72000000000001,2,8,10,5,47
639.6560000000003,5.099600000000005,106.83000000000001,2,7,9,5,45
771.6720000000001,5.536800000000005,141.84000000000003,2,10,12,5,53
721.6650000000001,4.657100000000004,141.84000000000003,2,10,12,5,50
490.5230000000003,5.330900000000004,132.95,2,8,7,4,37
392.93500000000023,2.5887000000000002,83.30000000000001,2,6,8,2,27
448.2740000000001,3.363200000000001,124.15,2,7,5,4,30
1184.2649999999996,-8.200000000000035,499.5299999999999,18,21,34,2,83
431.4640000000002,1.9807,107.02000000000002,2,6,3,2,31
383.53600000000006,3.3224800000000014,71.50999999999999,1,5,4,1,28
404.94600000000025,2.7312000000000003,83.30000000000001,2,6,5,2,28
488.54800000000034,1.4781799999999998,121.51,2,8,7,3,36
488.5140000000002,2.9715000000000016,76.38,0,6,7,3,35
512.6170000000002,3.6796000000000024,58.14000000000001,0,6,6,1,36
513.6050000000002,3.074600000000001,71.03,0,7,6,1,36
498.5900000000002,3.3374000000000015,66.93,1,6,6,1,35
499.5780000000002,2.7324,79.82000000000001,1,7,6,1,35
499.5780000000002,2.7324,79.82000000000001,1,7,6,1,35
498.5900000000002,3.3374000000000015,66.93,1,6,6,1,35
498.5900000000002,3.3374000000000015,66.93,1,6,6,1,35
499.5780000000002,2.7324,79.82000000000001,1,7,6,1,35
498.5900000000002,3.3374000000000015,66.93,1,6,6,1,35
499.5780000000002,2.7324,79.82000000000001,1,7,6,1,35
504.6190000000002,3.398900000000002,66.93,1,7,6,1,34
499.5780000000002,2.7324,79.82000000000001,1,7,6,1,35
500.5660000000002,2.1273999999999997,92.71000000000001,1,8,6,1,35
467.5320000000002,3.3275000000000015,63.690000000000005,1,5,4,1,33
431.4640000000003,1.9807,107.02000000000001,2,6,3,2,31
390.91900000000015,2.3411,83.30000000000001,2,6,5,2,27
424.9320000000003,4.534500000000004,62.06,0,5,4,3,30
828.0060000000002,3.013400000000005,206.04999999999998,3,16,12,0,58
521.5490000000004,2.3785000000000007,116.60000000000001,2,8,6,3,38
467.6500000000003,4.413800000000004,62.16,2,5,4,1,34
411.4910000000001,2.3450999999999995,105.16,2,9,7,3,29
412.4790000000001,1.7400999999999986,118.05,2,10,7,3,29
553.7000000000003,3.858100000000002,111.17000000000002,3,8,10,2,40
392.93500000000023,2.5887000000000002,83.30000000000001,2,6,8,2,27
433.47800000000024,4.513900000000003,68.67999999999999,1,5,4,3,31
406.47300000000007,4.124100000000002,70.59,3,4,12,2,29
444.53500000000025,3.486900000000002,61.52,0,5,8,4,33
302.4180000000001,2.7564400000000013,48.489999999999995,2,3,4,2,22
383.53600000000006,3.3224800000000014,71.50999999999999,1,5,4,1,28
397.4790000000002,2.4821,100.47,2,7,4,2,29
406.40800000000013,4.664400000000003,60.67999999999999,1,5,5,3,29
356.85700000000014,4.419200000000003,51.45,1,4,4,3,25
376.89200000000005,1.951,83.30000000000001,2,6,5,2,26
475.5490000000004,1.9184799999999997,101.64,1,8,7,3,35
475.5490000000004,1.9184799999999997,101.64,1,8,7,3,35
488.54800000000034,1.4781799999999998,121.51,2,8,7,3,36
488.5140000000002,2.9715000000000016,76.38,0,6,7,3,35
467.5320000000002,3.3275000000000015,63.690000000000005,1,5,4,1,33
492.55500000000035,2.7306,94.28,1,6,7,4,36
408.4330000000002,2.9315000000000007,82.17,1,5,4,4,30
470.5260000000003,2.9838000000000005,96.08,0,6,5,4,33
478.57200000000034,3.437000000000001,68.42,0,6,7,4,35
506.5820000000004,3.719500000000002,94.28,1,6,8,4,37
464.5450000000003,3.412700000000001,77.21,1,6,7,4,34
479.5560000000004,3.769700000000002,74.41,0,6,8,4,35
497.5460000000004,3.908800000000002,74.41,0,6,8,4,36
465.52900000000034,3.3796000000000017,74.41,0,6,7,4,34
461.5660000000004,3.630600000000002,74.41,0,6,8,4,34
479.5560000000004,3.769700000000002,74.41,0,6,8,4,35
473.57700000000045,3.774700000000002,74.41,0,6,8,4,35
487.6040000000005,4.164800000000003,74.41,0,6,8,4,36
501.63100000000054,4.5549000000000035,74.41,0,6,8,4,37
958.2400000000001,6.197200000000008,204.65999999999994,3,14,9,0,68
390.91900000000015,2.3411,83.30000000000001,2,6,5,2,27
424.9320000000003,4.534500000000004,62.06,0,5,4,3,30
403.91000000000037,3.8251000000000026,58.400000000000006,0,5,2,2,28
1163.8919999999998,5.4256000000000135,246.78999999999996,7,14,16,3,82
1178.9069999999997,5.566100000000013,258.82,8,14,16,3,83
1164.8799999999999,5.888400000000011,258.82,8,14,15,3,82
1087.7939999999999,4.202800000000013,246.78999999999996,7,14,14,2,76
521.5490000000004,2.3785000000000007,116.60000000000001,2,8,6,3,38
534.4010000000003,4.679700000000003,76.39,2,5,7,3,34
532.4730000000002,4.8088200000000025,78.07000000000001,0,5,5,4,38
532.4730000000002,4.808820000000003,78.07000000000001,0,5,5,4,38
475.4020000000002,3.772280000000002,93.27000000000001,0,6,5,3,34
402.4290000000002,4.478800000000003,75.86,1,4,3,4,30
632.8360000000001,8.539200000000006,58.64,1,3,11,3,46
618.809,8.24530000000001,49.85,0,3,9,3,45
632.836,8.633800000000006,49.85,0,3,9,3,46
632.836,8.633800000000006,49.85,0,3,9,3,46
604.826,8.718700000000005,32.78,0,3,10,3,44
632.8360000000001,8.539200000000006,58.64,1,3,11,3,46
618.8530000000001,9.012600000000003,41.57,1,3,12,3,45
632.8360000000001,8.539200000000006,58.64,1,3,11,3,46
632.8360000000001,8.539200000000006,58.64,1,3,11,3,46
604.87,9.3724,24.5,1,3,13,3,44
604.826,8.605100000000007,32.78,0,3,10,3,44
590.8430000000001,9.078500000000004,15.71,0,3,11,3,43
391.21700000000004,4.691100000000003,68.9,1,5,5,3,24
479.49700000000024,0.15660000000000052,135.8,1,10,7,3,35
385.4710000000002,3.801840000000001,85.75,1,6,4,3,29
449.4890000000002,4.482200000000002,97.18,1,6,4,4,34
439.4940000000002,4.313940000000002,86.28,1,6,4,4,33
385.4710000000002,3.801840000000001,85.75,1,6,4,3,29
385.4710000000002,3.801840000000001,85.75,1,6,4,3,29
462.5100000000003,1.2706999999999995,102.68,0,8,7,3,34
483.95600000000036,3.818220000000002,110.39000000000001,3,7,6,3,34
486.9310000000004,4.2539000000000025,97.5,3,6,6,3,34
469.92900000000037,3.509800000000002,110.39000000000001,3,7,6,3,33
529.5250000000002,5.681000000000005,49.52,2,4,10,3,37
511.53500000000014,5.541900000000005,49.52,2,4,10,3,36
399.3480000000002,3.274300000000001,79.38,2,6,1,2,28
314.4040000000001,3.0233000000000008,24.5,1,3,5,2,23
450.4400000000001,4.009800000000003,82.09,1,6,4,3,32
375.40000000000015,1.9804,83.80000000000001,2,5,4,2,27
375.4000000000001,1.9673,97.78999999999999,2,5,5,2,27
357.4100000000001,1.8281999999999998,97.78999999999999,2,5,5,2,26
428.4640000000002,2.5118800000000006,107.59,2,6,8,2,31
410.4740000000002,2.3727800000000006,107.59,2,6,8,2,30
414.4370000000002,2.24958,121.57999999999998,2,6,6,2,30
396.4470000000002,2.11048,121.57999999999998,2,6,6,2,29
389.42700000000013,2.3558000000000003,97.78999999999999,2,5,5,2,28
371.4370000000001,2.2167000000000003,97.78999999999999,2,5,5,2,27
442.4910000000002,2.900380000000001,107.59,2,6,8,2,32
424.50100000000026,2.761280000000001,107.59,2,6,8,2,31
401.4380000000002,2.3705000000000007,83.80000000000001,2,5,4,2,29
631.7330000000001,7.849400000000007,122.84000000000002,4,7,9,5,47
479.5590000000003,2.7239200000000015,132.83999999999997,1,10,7,2,33
552.1230000000002,3.464900000000002,108.64,3,8,7,2,39
582.1490000000002,2.827400000000001,128.87,4,9,9,2,41
552.1230000000002,3.464900000000002,108.64,3,8,7,2,39
582.1490000000002,2.827400000000001,128.87,4,9,9,2,41
539.0800000000003,3.5497000000000023,114.63000000000001,3,8,7,2,38
589.1440000000001,4.668800000000004,103.6,3,9,9,4,42
642.2259999999999,4.023000000000002,123.16,3,10,9,3,44
630.2149999999999,3.7334000000000023,123.15999999999998,3,10,10,3,43
346.766,4.5820000000000025,68.9,1,5,5,3,24
650.807,7.891300000000009,68.31,0,5,13,3,47
553.6550000000003,7.410500000000008,80.02,0,7,9,4,41
536.6210000000003,6.767200000000008,115.43000000000002,2,7,11,3,39
600.6390000000004,7.385400000000007,104.42999999999999,1,7,10,4,44
525.4670000000001,4.6867000000000045,72.91000000000001,0,5,6,2,35
526.455,4.081700000000003,85.80000000000001,0,6,6,2,35
457.4700000000002,3.667900000000003,72.91000000000001,0,5,6,2,31
560.9000000000001,4.7351000000000045,85.80000000000001,0,6,6,2,36
544.4450000000002,4.220800000000004,85.80000000000001,0,6,6,2,36
528.4840000000002,3.304100000000002,103.62,0,7,6,3,36
461.95300000000003,5.007600000000004,86.27,1,4,4,4,33
409.5590000000002,4.216600000000003,54.38,0,7,4,3,29
434.4590000000002,5.013660000000003,129.87,2,8,6,4,33
433.3900000000001,3.641000000000002,82.37,0,6,5,3,31
543.4980000000002,6.524100000000005,94.32,1,6,6,5,38
738.8080000000001,3.7101400000000018,125.44999999999999,2,9,9,3,53
779.26,6.262800000000007,125.87,2,8,8,4,55
510.52000000000015,4.704720000000003,78.07000000000001,0,5,5,4,37
378.4360000000001,2.28742,86.86,1,5,4,3,28
434.4220000000001,3.077420000000001,86.86,1,5,4,3,31
420.3950000000001,2.6873200000000006,86.86,1,5,4,3,30
394.47900000000004,2.9251200000000015,86.86,1,5,4,3,29
448.5710000000001,4.0954200000000025,86.86,1,5,5,3,33
438.60800000000006,3.6073200000000023,86.86,1,5,5,3,31
422.53300000000013,3.7037200000000023,86.86,1,5,4,3,31
366.42500000000007,2.2890200000000007,86.86,1,5,4,3,27
510.64200000000017,5.370320000000005,78.07000000000001,0,5,6,4,38
420.5170000000001,3.457720000000002,86.86,1,5,4,3,31
532.4730000000002,4.808820000000003,78.07000000000001,0,5,5,4,38
514.4830000000002,4.6697200000000025,78.07000000000001,0,5,5,4,37
593.3789999999999,5.4322200000000045,78.07000000000001,0,5,5,4,38
546.5530000000001,5.683820000000006,78.07000000000001,0,5,5,5,40
514.4830000000002,4.6697200000000025,78.07000000000001,0,5,5,4,37
428.49600000000015,3.5981200000000024,78.07000000000001,0,5,4,4,32
496.4930000000001,4.530620000000003,78.07000000000001,0,5,5,4,36
478.5030000000001,4.233420000000003,78.07000000000001,0,5,6,4,35
498.5870000000003,4.004820000000003,87.3,0,6,6,4,37
468.5610000000002,4.378320000000003,78.07000000000001,0,5,6,4,35
460.51300000000015,3.937820000000003,78.07000000000001,0,5,6,4,34
504.59400000000016,5.168520000000004,78.07000000000001,0,5,6,5,38
505.58200000000016,4.563520000000004,90.96,0,6,6,5,38
505.58200000000016,4.563520000000003,90.96,0,6,6,5,38
505.58200000000016,4.563520000000003,90.96,0,6,6,5,38
414.4690000000001,3.573820000000002,86.86,1,5,4,4,31
497.4810000000001,3.925620000000003,90.96,0,6,5,4,36
497.4810000000001,3.925620000000003,90.96,0,6,5,4,36
514.5330000000002,4.690120000000003,78.07000000000001,0,6,5,4,36
476.6250000000003,4.941820000000005,78.07000000000001,0,5,7,3,35
510.52000000000027,4.532020000000004,78.07000000000001,0,5,7,4,37
550.4440000000001,4.364820000000003,96.53000000000002,0,7,7,4,39
520.5150000000002,5.196520000000005,78.07000000000001,0,5,7,5,38
520.5150000000002,5.196520000000005,78.07000000000001,0,5,7,5,38
554.6700000000002,5.440420000000005,78.07000000000001,0,5,8,4,41
484.48200000000014,4.038920000000003,78.07000000000001,0,5,8,4,35
492.5830000000002,4.676820000000004,78.07000000000001,0,5,9,5,37
506.6100000000002,5.237820000000005,78.07000000000001,0,5,9,5,38
520.6370000000003,5.798820000000005,78.07000000000001,0,5,9,5,39
470.57700000000034,4.8137200000000036,78.07000000000001,0,5,7,4,35
464.52900000000017,4.812720000000004,78.07000000000001,0,5,7,5,35
497.55900000000025,3.9952200000000033,104.10000000000001,0,7,6,5,37
446.55500000000023,3.388720000000003,86.86,1,5,6,3,33
468.42000000000013,3.4080200000000014,105.32000000000001,1,7,6,4,34
438.49100000000016,4.239720000000002,86.86,1,5,6,5,33
503.19800000000015,5.021120000000004,57.76,0,4,5,4,28
457.6220000000002,6.091120000000006,57.76,0,4,5,4,34
481.4000000000001,5.533720000000004,57.76,0,4,5,4,34
462.5130000000002,5.304320000000005,83.79,0,6,6,6,35
490.52700000000016,4.608120000000003,109.57000000000001,0,8,7,6,37
427.46800000000013,3.854540000000002,96.67999999999999,0,7,6,5,32
401.5140000000001,4.793620000000003,57.76,0,4,5,4,30
363.39600000000013,3.635220000000002,57.76,0,4,5,4,27
401.4950000000001,4.7108200000000044,57.76,0,5,5,5,29
427.46800000000013,3.8545400000000027,96.67999999999999,0,7,6,5,32
411.46900000000016,3.681820000000002,75.58000000000001,0,5,6,5,31
413.4030000000001,4.514920000000004,57.76,0,4,5,4,30
363.39600000000013,3.6352200000000012,57.76,0,4,5,4,27
429.4020000000001,4.394720000000003,66.99000000000001,0,5,6,4,31
396.4540000000001,4.044320000000003,70.65,0,5,5,5,30
363.39600000000013,3.635220000000002,57.76,0,4,5,4,27
401.4950000000001,4.7108200000000044,57.76,0,5,5,5,29
448.44900000000007,3.5637200000000027,78.07000000000001,0,5,5,3,32
532.6480000000003,5.5953200000000045,78.07000000000001,0,5,7,5,40
514.4830000000002,4.6697200000000025,78.07000000000001,0,5,5,4,37
515.4710000000001,4.064720000000002,90.96000000000001,0,6,5,4,37
492.66800000000023,5.3197200000000056,78.07000000000001,0,5,5,3,36
504.55700000000013,4.835920000000005,78.07000000000001,0,5,5,3,36
570.7820000000003,6.4900200000000074,78.07000000000001,0,5,6,3,42
516.4460000000001,4.352120000000003,78.07000000000001,0,5,5,3,36
524.5470000000003,4.990020000000004,78.07000000000001,0,5,6,4,38
502.41900000000015,3.9620200000000017,78.07000000000001,0,5,5,3,35
528.7330000000002,5.519920000000005,78.07000000000001,0,5,7,4,38
524.5470000000003,4.9574200000000035,78.07000000000001,0,5,6,4,38
510.5200000000002,5.091620000000004,78.07000000000001,0,5,5,4,37
504.50900000000024,3.281500000000002,68.54,0,6,7,3,36
409.5590000000002,4.216600000000003,54.38000000000001,0,7,4,3,29
416.52100000000024,5.126520000000005,52.61,1,5,6,3,31
432.56400000000025,5.559020000000006,43.82000000000001,0,5,6,3,32
462.5690000000003,4.501020000000003,71.69,1,5,6,3,34
461.60600000000034,5.280220000000005,47.06,0,6,7,3,34
434.5150000000002,3.7224200000000014,71.69,1,5,5,3,32
497.61700000000036,3.8314200000000023,81.2,0,7,7,3,35
430.5080000000002,3.722680000000002,79.64,1,7,6,3,32
407.48900000000015,4.289920000000003,46.620000000000005,1,5,5,3,30
419.5250000000002,4.1594200000000034,55.85000000000001,1,6,6,3,31
439.9430000000002,4.504400000000003,55.85000000000001,1,6,6,3,31
462.56900000000024,4.499420000000003,71.69,1,5,5,3,34
447.5790000000003,4.9364200000000045,55.85000000000001,1,6,6,3,33
434.5360000000003,4.880620000000004,61.84,1,6,7,3,32
402.3760000000001,4.193900000000004,60.25000000000001,0,4,3,3,29
417.4880000000001,4.821040000000004,57.76,0,4,4,4,31
417.4880000000001,4.821040000000004,57.76,0,4,4,4,31
453.4680000000001,5.392320000000005,57.76,0,4,4,4,33
455.4400000000001,4.586220000000004,66.99000000000001,0,5,4,4,33
433.55200000000036,3.8910000000000027,56.59000000000001,0,5,10,3,32
434.54000000000036,3.370300000000002,68.61999999999999,1,6,10,3,32
514.4830000000002,4.669720000000003,78.07000000000001,0,5,5,4,37
482.0050000000004,5.250800000000005,56.59000000000001,0,6,7,4,33
464.95300000000043,4.288800000000003,61.00000000000001,0,5,7,4,33
397.4380000000001,4.631320000000003,91.99,1,6,4,5,30
431.5650000000003,5.215520000000003,78.85000000000001,1,6,4,4,31
357.4170000000001,3.8851200000000015,78.85000000000001,1,5,4,4,27
399.45800000000014,3.8705200000000026,103.77,2,7,6,4,30
493.6360000000003,6.465220000000006,64.86,1,6,7,5,36
437.29700000000014,4.3587200000000035,72.8,1,4,4,4,28
426.39800000000014,4.615020000000004,72.8,1,4,4,4,31
392.8460000000001,4.249620000000003,72.8,1,4,4,4,28
436.49300000000017,2.9997200000000017,106.94000000000001,1,6,5,4,31
376.3910000000001,3.7353200000000015,72.8,1,4,4,4,28
330.3910000000001,4.236020000000003,55.73,1,3,4,4,25
358.4010000000001,3.5962200000000015,72.8,1,4,4,4,27
434.49900000000014,5.058820000000004,61.94,0,4,5,5,33
372.4280000000001,3.606620000000002,61.94,0,4,4,4,28
392.4840000000001,4.274560000000003,72.8,1,5,4,4,28
404.4950000000002,4.146420000000003,72.8,1,5,4,4,29
378.45700000000005,3.966140000000002,72.8,1,5,4,4,27
419.5000000000001,5.095420000000004,47.36,0,3,5,3,31
432.4990000000001,5.024220000000004,51.88,0,5,4,3,32
468.4790000000001,5.170820000000005,51.88,0,5,4,3,34
482.50600000000014,5.559320000000006,51.88,0,5,4,3,35
464.51600000000013,5.420220000000005,51.88,0,5,4,3,34
448.4980000000001,3.9966200000000027,72.11000000000001,1,6,5,3,33
416.5030000000002,2.8116200000000013,94.60000000000001,2,7,8,2,29
456.55000000000024,2.711080000000001,106.97,1,7,7,3,34
585.596,3.782280000000002,138.33,1,10,10,4,43
580.6720000000001,5.961400000000006,77.10000000000001,1,5,13,3,42
464.9130000000001,3.6693000000000016,93.88,1,7,5,4,33
514.6300000000003,3.0947000000000013,106.57999999999998,1,6,7,3,38
564.69,4.026900000000002,115.36999999999999,2,6,10,4,42
500.6030000000003,2.7509000000000006,115.36999999999999,2,6,8,3,37
542.6840000000002,3.9212000000000025,115.36999999999999,2,6,8,3,40
450.49500000000035,1.8684999999999998,124.78,2,8,6,2,33
566.6890000000001,6.434800000000007,60.03,1,5,14,3,41
386.43100000000015,1.9569200000000002,85.16999999999999,1,6,7,3,28
550.6310000000001,3.160700000000001,104.11999999999999,2,7,9,3,40
632.4880000000003,6.439500000000005,96.97,2,6,10,3,41
468.38100000000026,3.218300000000001,97.05,3,6,8,2,31
486.85500000000013,4.309600000000003,94.59,1,6,6,3,32
447.5790000000003,3.683600000000003,65.80000000000001,0,6,7,2,33
433.5520000000003,3.5095000000000027,65.80000000000001,0,6,7,2,32
425.87600000000015,3.2651000000000003,104.8,3,7,7,4,30
412.4270000000002,4.428300000000004,34.59,0,4,6,2,29
466.4660000000002,4.581500000000002,94.07000000000001,1,7,5,4,31
628.5829999999999,4.9294000000000056,114.54000000000002,1,9,10,4,45
614.5120000000001,5.537200000000005,86.17000000000002,1,8,11,4,40
657.562,4.810300000000004,117.52000000000002,1,11,13,4,43
627.5360000000001,4.801700000000004,108.29000000000002,1,10,12,4,41
649.542,5.741800000000007,109.98000000000002,1,9,12,5,43
650.5300000000001,5.136800000000005,122.87000000000002,1,10,12,5,43
435.5240000000003,2.4394,86.03,1,7,7,2,32
436.5120000000003,1.8343999999999996,98.91999999999999,1,8,7,2,32
451.5230000000003,1.9302999999999997,106.25999999999999,2,8,7,2,33
466.53800000000035,1.6337199999999996,119.15,2,9,7,2,34
481.9150000000003,3.8062000000000022,93.49000000000001,1,8,5,4,34
467.3490000000003,3.5311200000000023,80.86000000000001,1,5,6,2,31
518.5800000000003,4.720340000000004,79.36,2,4,7,3,37
495.94200000000023,4.114620000000003,93.49000000000001,1,8,5,4,35
507.5660000000003,3.6160200000000016,107.49000000000001,2,8,7,3,37
489.5760000000003,3.4769200000000016,107.49000000000001,2,8,7,3,36
373.4820000000002,2.064819999999999,88.91,2,7,4,3,26
370.4570000000001,2.31792,128.18,4,7,6,2,27
420.49500000000023,0.5624200000000017,162.32,4,9,6,2,29
411.44000000000017,3.6971000000000007,86.28,1,6,4,4,31
468.4790000000002,5.170820000000005,51.88,0,5,4,3,34
468.47900000000027,5.170820000000005,51.88,0,5,4,3,34
476.9680000000002,4.922800000000004,84.64999999999999,1,6,5,4,34
434.93100000000015,4.6639000000000035,76.37,2,6,5,4,31
462.5100000000002,1.2706999999999995,102.68,0,8,7,3,34
478.94000000000017,3.598200000000001,93.88,1,7,6,4,34
447.49500000000023,4.0459600000000036,104.3,1,7,7,4,33
546.6160000000003,5.7911200000000065,93.43,0,8,11,4,40
433.5520000000003,3.3370000000000015,65.80000000000001,0,6,7,2,32
399.4870000000002,3.5220000000000025,60.39,1,6,8,2,29
400.4940000000002,4.621700000000004,42.010000000000005,0,4,6,2,29
373.4680000000002,3.9324000000000034,41.93000000000001,1,4,8,2,27
439.6000000000003,3.761400000000003,56.25,1,5,9,2,32
412.53000000000026,3.192100000000002,73.24000000000001,2,5,8,2,30
465.5940000000004,3.4321000000000024,73.32000000000001,1,5,6,2,34
437.58400000000034,3.5154000000000027,56.25,1,5,6,2,32
423.5570000000003,3.173200000000002,65.04,2,5,6,2,31
424.54100000000034,3.600200000000003,62.24000000000001,1,5,6,2,31
425.57300000000026,3.4192000000000022,65.04,2,5,9,2,31
398.5030000000002,2.849900000000001,82.03,3,5,8,2,29
329.4150000000001,4.266900000000004,32.7,1,3,5,2,24
400.4940000000002,4.621700000000004,42.010000000000005,0,4,6,2,29
373.4680000000002,3.9324000000000034,41.93000000000001,1,4,8,2,27
389.51700000000017,3.531300000000003,66.84,1,5,6,2,27
505.5750000000004,3.177100000000002,116.72000000000001,2,9,8,3,37
433.5520000000003,3.5095000000000027,65.80000000000001,0,6,7,2,32
437.5150000000003,3.4166000000000025,65.80000000000001,0,6,7,2,32
435.52400000000034,2.4394,86.03,1,7,7,2,32
449.55100000000033,3.0935000000000015,75.03,0,7,8,2,33
405.4980000000002,2.640080000000001,65.80000000000001,0,6,7,2,30
419.52500000000026,2.948500000000001,65.80000000000001,0,6,7,2,31
497.5550000000002,2.5075000000000007,125.55000000000001,4,8,6,4,37
341.4070000000001,3.4664000000000024,51.160000000000004,1,5,5,2,25
385.4600000000002,3.131900000000002,60.39,1,6,8,2,28
365.3950000000001,4.756500000000004,32.7,1,3,5,2,26
331.8430000000001,4.391100000000004,32.7,1,3,5,2,23
315.38800000000003,3.8768000000000034,32.7,1,3,5,2,23
359.44100000000014,3.542300000000003,41.93000000000001,1,4,8,2,26
375.4900000000001,3.1412000000000018,66.84,1,5,6,2,26
315.38800000000003,3.8768000000000034,32.7,1,3,5,2,23
359.44100000000014,3.542300000000003,41.93000000000001,1,4,8,2,26
375.4900000000002,3.1412000000000018,66.84,1,5,6,2,26
552.7060000000001,6.794600000000008,42.96000000000001,1,5,15,3,40
538.6790000000002,6.500700000000008,34.17,0,5,13,3,39
450.9300000000002,4.029100000000002,76.81,1,7,6,4,32
373.4340000000002,2.8343000000000007,95.7,2,7,6,3,26
455.5630000000002,1.9167999999999998,132.37,4,9,10,3,33
483.61700000000025,2.5529,132.37,4,9,11,3,35
481.6010000000003,2.3068999999999997,132.37,4,9,11,3,35
552.7060000000001,6.794600000000008,42.96000000000001,1,5,15,3,40
460.5820000000001,3.430200000000001,98.33000000000001,4,7,11,4,34
390.44300000000004,3.2713,103.28999999999999,4,6,7,4,29
290.32300000000004,1.2575999999999998,105.51,2,7,5,2,21
417.8780000000001,3.0444800000000014,115.13000000000001,2,7,5,3,28
431.90500000000014,3.347480000000002,104.13000000000001,1,7,6,3,29
588.4230000000002,5.162670000000004,144.70999999999998,4,6,7,3,40
595.031,4.564000000000004,114.54000000000002,1,9,10,4,42
497.98300000000046,4.0784800000000025,92.11,1,9,9,3,35
333.81500000000017,3.4571000000000023,39.72,1,4,5,2,23
291.778,4.202500000000004,21.700000000000003,0,3,5,2,20
400.83000000000004,2.2665799999999994,147.65,3,9,8,3,28
516.3600000000004,4.459600000000004,93.49000000000001,1,8,5,4,35
481.9150000000003,3.8062000000000022,93.49000000000001,1,8,5,4,34
637.5140000000002,9.763099999999996,38.769999999999996,0,3,6,3,44
510.55100000000016,5.575000000000005,52.32,3,4,10,3,36
511.53500000000014,5.541900000000005,49.52,2,4,10,3,36
544.6640000000001,4.697500000000004,113.96000000000001,3,5,9,1,39
682.6550000000005,7.826300000000006,113.96000000000001,3,5,9,2,46
682.6550000000005,7.826300000000006,113.96000000000001,3,5,9,2,46
482.51200000000034,2.950700000000001,114.83000000000001,3,8,6,3,35
431.51500000000027,4.675520000000003,80.06,2,5,4,4,32
435.4780000000003,4.506200000000003,80.06,2,5,4,4,32
323.3310000000001,3.0346200000000003,65.72,0,5,2,4,24
300.377,3.9285000000000023,34.15,1,3,5,2,22
299.3890000000001,4.533500000000003,21.259999999999998,1,2,5,2,22
300.3770000000001,3.9285000000000023,34.15,1,3,5,2,22
349.39100000000013,1.1153,88.91,2,7,4,3,24
361.4460000000002,2.9231000000000007,68.67999999999999,1,6,3,3,25
363.4180000000002,1.5053999999999996,88.91,2,7,4,3,25
377.4450000000002,1.8954999999999997,88.91,2,7,4,3,26
363.4180000000002,1.5053999999999996,88.91,2,7,4,3,25
377.4450000000002,1.8954999999999995,88.91,2,7,4,3,26
365.4090000000001,2.481,68.67999999999999,1,6,3,3,25
363.4180000000001,1.5037999999999996,88.91,2,7,3,3,25
363.4180000000001,1.5037999999999996,88.91,2,7,3,3,25
363.4180000000001,1.5037999999999996,88.91,2,7,3,3,25
377.44500000000016,1.8938999999999997,88.91,2,7,3,3,26
363.4180000000001,1.5037999999999996,88.91,2,7,3,3,25
349.3910000000001,1.1137,88.91,2,7,3,3,24
272.3229999999999,3.320800000000001,34.15,1,3,3,2,20
300.3330000000001,2.922500000000001,51.22,1,3,5,2,22
314.3600000000001,3.3126000000000015,51.22,1,3,5,2,23
336.36600000000004,3.8263000000000025,51.22,1,3,5,3,25
337.35400000000004,3.221300000000001,64.11,1,4,5,3,25
338.34200000000004,2.6163000000000007,77.0,1,5,5,3,25
274.339,3.394300000000001,34.15,1,3,5,2,20
300.3770000000001,3.9285000000000023,34.15,1,3,5,2,22
301.3650000000001,3.323500000000002,47.04,1,4,5,2,22
314.40400000000017,4.3186000000000035,34.15,1,3,5,2,23
287.3380000000001,2.7909000000000006,47.04,1,4,6,2,21
302.3490000000001,3.4872000000000014,43.379999999999995,1,4,4,2,22
308.356,4.508400000000003,34.15,1,3,5,3,23
300.337,2.7880200000000013,44.87,0,3,4,3,22
286.31,2.4796000000000005,44.870000000000005,0,3,4,3,21
508.4810000000004,4.319600000000003,106.79,1,9,6,4,37
287.298,1.9682199999999996,57.760000000000005,0,4,4,3,21
313.33600000000007,2.5372000000000003,57.760000000000005,0,4,5,3,23
387.4070000000001,4.371600000000003,56.260000000000005,0,4,5,3,27
408.31100000000004,4.082700000000002,86.23,1,6,5,3,29
481.5390000000003,5.128100000000006,51.160000000000004,1,5,8,3,35
529.6050000000004,4.523000000000003,76.07000000000001,1,6,8,3,37
496.6230000000003,6.017000000000006,44.730000000000004,2,5,8,3,35
515.5970000000003,5.980500000000006,41.93,1,5,8,3,36
497.6070000000003,5.841400000000006,41.93,1,5,8,3,35
509.64500000000027,4.889600000000005,47.63,1,5,9,3,37
465.9530000000003,3.358100000000002,86.05,2,6,9,2,32
373.8840000000002,3.3252000000000024,67.58999999999999,2,4,5,2,26
465.9530000000003,3.358100000000002,86.05,2,6,9,2,32
495.0640000000005,3.034600000000001,97.12999999999998,2,6,6,1,34
481.03700000000043,2.6445000000000007,97.12999999999998,2,6,7,1,33
495.0640000000005,3.034600000000001,97.12999999999998,2,6,8,1,34
482.02500000000043,2.1435000000000013,100.36999999999998,2,6,6,1,33
496.0520000000004,2.579900000000001,109.15999999999998,3,6,7,1,34
497.1050000000004,3.4453000000000022,80.05999999999999,2,6,7,1,33
452.9830000000004,2.0084,97.12999999999998,2,6,6,1,31
543.1080000000005,3.6213000000000024,97.13,2,6,9,2,38
438.9560000000004,1.7624,97.13,2,6,7,1,30
452.98300000000046,2.1525,97.13,2,6,7,1,31
454.95500000000044,0.9988000000000012,106.36,2,7,7,1,31
465.9530000000003,3.358100000000002,86.05,2,6,9,2,32
420.94100000000026,2.641700000000001,81.74999999999999,2,5,8,2,29
421.92900000000026,2.0366999999999997,94.63999999999999,2,6,8,2,29
422.91700000000026,1.4316999999999995,107.52999999999999,2,7,8,2,29
423.90500000000026,0.8267000000000009,120.41999999999999,2,8,8,2,29
406.9140000000002,2.2516,81.74999999999999,2,5,7,2,28
480.4240000000002,3.2466000000000017,101.93,0,7,5,3,33
616.682,4.547020000000003,140.41,2,8,7,5,46
600.683,5.253720000000004,120.44,1,8,7,5,45
559.6300000000002,4.735300000000003,115.55,0,8,6,4,42
605.6990000000001,4.565420000000004,112.07,0,8,7,4,45
592.6560000000001,4.8702400000000035,129.06,1,8,7,4,44
613.0740000000001,5.215220000000004,129.06,1,8,7,4,44
578.6290000000001,4.561820000000003,129.06,1,8,7,4,43
579.6170000000001,3.9568200000000022,141.95,1,9,7,4,43
592.6560000000001,4.8702400000000035,129.06,1,8,7,4,44
593.6440000000001,4.265240000000003,141.95,1,9,7,4,44
613.0740000000001,5.215220000000004,129.06,1,8,7,4,44
596.619,4.700920000000003,129.06,1,8,7,4,44
584.658,4.623320000000002,129.06,1,9,7,4,42
577.6450000000001,3.962520000000003,134.85,1,8,7,4,43
574.6450000000002,4.739920000000003,120.44,1,8,6,5,43
574.6450000000001,4.739920000000002,120.44,1,8,6,5,43
574.6450000000001,4.739920000000002,120.44,1,8,6,5,43
578.6290000000001,4.561820000000003,129.06,1,8,7,4,43
578.6290000000004,4.174320000000002,129.06,1,8,7,4,43
578.6290000000001,4.561820000000003,129.06,1,8,7,4,43
568.5900000000001,4.1548200000000035,142.2,1,9,7,4,42
584.6580000000001,4.623320000000003,129.06,1,9,7,4,42
522.0090000000001,3.0786000000000007,100.28,2,9,7,4,37
477.95600000000013,3.373900000000001,88.84,2,8,5,4,34
477.95600000000013,3.373900000000001,88.84,2,8,5,4,34
472.54100000000034,3.727000000000002,71.47,1,6,9,3,35
464.56200000000035,3.7176000000000022,71.47,1,6,10,2,34
464.56200000000035,3.7176000000000022,71.47,1,6,10,2,34
450.53500000000037,3.5931000000000015,60.47,0,6,9,2,33
452.5260000000003,4.304700000000003,51.24,0,5,9,2,33
450.5350000000003,3.3275000000000015,71.47,1,6,9,2,33
591.1600000000001,3.591000000000001,115.64000000000001,3,8,7,3,42
578.1170000000001,3.6758000000000015,121.63,3,8,7,3,41
451.52300000000037,2.621520000000001,92.2,1,7,5,2,33
469.59000000000015,3.112700000000002,72.20000000000002,0,8,8,3,33
491.9830000000002,4.255500000000002,87.89,1,7,5,4,35
492.9710000000001,2.8042000000000007,113.91,2,8,6,4,35
493.95500000000015,2.8378000000000005,108.12,2,8,6,4,35
451.2760000000002,3.874520000000003,50.6,0,4,4,2,29
506.99800000000016,4.000500000000002,91.13000000000001,1,7,5,4,36
506.99800000000016,3.192700000000001,113.91,2,8,6,4,36
507.9820000000002,3.226300000000001,108.12,2,8,6,4,36
506.99800000000016,3.192700000000001,113.91,2,8,6,4,36
507.9820000000002,3.226300000000001,108.12,2,8,6,4,36
477.95600000000013,3.865400000000002,87.89,1,7,5,4,34
477.95600000000013,3.865400000000002,87.89,1,7,5,4,34
478.9440000000002,3.3976000000000006,113.91,2,7,5,4,34
508.0260000000002,3.1266000000000007,112.4,3,7,6,3,36
521.0250000000002,3.4071000000000016,91.13000000000001,1,8,7,4,37
479.9720000000002,3.3112000000000004,91.05,2,8,7,4,34
542.065,3.363500000000002,104.96000000000001,1,9,8,4,37
565.7000000000002,3.0471000000000004,115.53999999999998,2,9,9,4,40
514.0110000000002,3.278500000000001,104.96000000000001,1,8,6,4,35
449.90200000000016,3.1331000000000007,96.68,2,7,5,4,32
435.9190000000001,3.6065000000000014,79.61,2,7,5,4,31
436.90300000000013,4.033500000000002,76.81,1,7,5,4,31
499.5410000000003,4.136700000000003,80.99,1,7,5,3,36
467.5240000000002,3.8286000000000024,71.34,1,7,5,3,34
479.5770000000004,5.015500000000005,54.9,0,6,8,3,34
424.88800000000026,3.2657000000000016,70.83,1,5,4,3,30
440.8870000000002,2.2364999999999995,91.06,2,6,4,3,31
408.37600000000015,3.546100000000002,76.66,2,4,6,2,29
374.8240000000002,3.1807000000000007,76.66,2,4,6,2,26
405.458,3.5031000000000017,109.86,2,6,6,3,30
357.7930000000001,4.869500000000003,60.7,1,4,5,3,25
433.43400000000025,3.977700000000003,72.28,1,5,4,3,31
422.4070000000002,3.872000000000002,89.27,2,5,6,3,30
467.54500000000047,4.814600000000003,92.52,2,7,10,3,34
469.51700000000045,3.6609000000000016,101.75,2,8,10,3,34
453.5180000000004,4.424500000000003,92.52,2,7,9,3,33
455.4900000000004,3.2708000000000013,101.75,2,8,9,3,33
452.5150000000003,2.010299999999999,116.75999999999999,2,8,8,3,33
423.47700000000026,1.3966999999999994,120.41999999999999,2,8,7,3,31
454.4910000000003,0.8003000000000003,142.53999999999996,2,10,8,3,33
424.46500000000026,0.7917000000000002,133.31,2,9,7,3,31
498.93800000000033,5.384800000000006,92.81,3,6,10,4,35
525.0010000000003,5.562720000000007,102.04,3,7,11,4,37
386.45100000000014,5.221200000000004,63.349999999999994,2,4,7,4,29
416.4770000000002,4.583700000000004,83.58,3,5,9,4,31
531.5980000000001,5.458100000000005,56.42,2,5,8,3,38
513.6080000000002,5.004400000000005,56.42,2,5,9,3,37
497.63400000000024,5.111300000000005,56.42,2,5,9,3,36
501.5970000000002,5.018400000000005,56.42,2,5,9,3,36
483.6070000000002,4.721200000000004,56.42,2,5,9,3,35
517.5960000000002,3.9908000000000032,76.65,3,6,10,3,37
505.5600000000002,4.925500000000005,56.42,2,5,8,3,36
487.57000000000016,4.628300000000004,56.42,2,5,9,3,35
525.6440000000002,4.349300000000004,65.65,2,6,10,3,38
495.6180000000003,4.865300000000005,56.42,2,5,9,3,36
501.59700000000015,4.802400000000004,56.42,2,5,9,3,36
506.5480000000002,4.320500000000004,69.30999999999999,2,6,8,3,36
496.6060000000003,4.2603000000000035,69.30999999999999,2,6,9,3,36
381.4840000000001,2.3015999999999996,80.13000000000001,2,7,6,3,28
422.41100000000006,3.1342000000000008,86.12000000000002,2,7,6,3,30
393.46800000000013,4.511700000000003,80.32,2,5,5,4,28
582.9840000000002,6.176700000000006,106.72,2,7,9,4,39
530.4560000000004,5.190380000000005,82.88,1,8,9,3,36
532.4280000000003,4.731880000000005,92.11,1,9,9,3,36
399.4980000000003,4.124280000000003,64.42,1,6,5,3,30
386.45500000000027,4.209080000000003,70.41,1,6,5,3,29
888.0819999999998,6.281800000000007,206.74999999999997,5,12,16,5,62
823.9729999999998,6.454300000000006,198.47,6,11,14,5,59
811.9619999999998,7.162900000000007,181.48,5,11,14,5,58
855.0309999999996,7.0867000000000075,184.72,5,12,15,5,61
860.9869999999999,6.864800000000008,216.92999999999995,6,13,20,5,61
940.966,6.981800000000009,263.4599999999999,7,14,22,5,65
795.9629999999999,7.924900000000008,172.25,5,10,12,5,57
811.9619999999998,7.162900000000007,181.48,5,11,14,5,58
699.7860000000003,7.799100000000006,177.20999999999998,5,9,11,5,50
733.7840000000003,7.626400000000007,177.20999999999998,5,9,11,5,51
554.6550000000002,3.016700000000001,123.66,2,9,6,4,41
427.4830000000001,5.625720000000005,56.9,1,4,5,5,32
428.4710000000001,5.020720000000004,69.78999999999999,1,5,5,5,32
406.4500000000001,1.9788799999999998,114.00999999999999,1,9,6,3,30
408.4660000000001,2.2248799999999997,114.00999999999999,1,9,8,3,30
276.315,2.742320000000001,50.28,1,5,4,2,20
387.35,2.1614999999999993,113.77000000000001,3,7,6,4,28
361.40600000000006,3.0959200000000004,97.74000000000001,2,9,6,3,25
610.7499999999999,5.304200000000005,75.21999999999998,1,9,11,3,44
582.696,4.525600000000003,75.21999999999998,1,9,10,3,42
582.696,4.525600000000003,75.21999999999998,1,9,10,3,42
580.4660000000002,3.094500000000001,186.71999999999997,4,12,10,3,40
584.6679999999999,4.3194000000000035,84.44999999999999,1,10,10,3,42
501.5340000000003,3.855000000000002,81.21,1,9,9,3,36
585.656,3.714400000000002,97.33999999999999,1,11,10,3,42
511.41300000000035,4.591500000000004,75.51999999999998,1,7,5,4,35
497.3860000000003,4.249300000000003,84.30999999999999,2,7,5,4,34
403.50000000000017,3.153100000000001,73.86,1,6,5,2,28
433.41100000000023,3.683600000000001,105.91999999999999,2,5,4,3,31
394.4490000000002,2.2839,109.97,1,8,8,2,27
472.5410000000002,2.0732,130.12,1,9,10,2,31
394.4490000000002,2.2839,109.97000000000001,1,8,8,2,27
472.5410000000002,2.0732,130.12,1,9,10,2,31
537.4470000000003,5.769700000000006,79.48,2,5,6,4,37
572.6320000000004,4.449900000000004,75.22,1,9,9,3,41
555.6300000000005,3.7058000000000026,88.11,1,10,9,3,40
556.6180000000004,3.1008000000000013,100.99999999999999,1,11,9,3,40
475.5000000000003,2.196299999999999,98.59,2,9,10,3,34
503.5540000000003,2.9749000000000008,98.59,2,9,11,3,36
407.3770000000001,2.2834000000000003,103.55000000000001,2,8,9,3,29
482.5770000000004,3.0811400000000013,84.61,1,8,8,3,35
505.57500000000033,3.177100000000001,116.72000000000001,2,9,8,3,37
335.3670000000001,2.9041200000000007,74.95000000000002,0,6,3,4,25
443.5510000000003,4.545020000000003,89.29,2,6,5,4,33
547.5820000000001,3.5257000000000014,111.63,1,8,10,3,39
499.5230000000002,4.931800000000004,103.99,0,8,8,4,37
475.5890000000003,4.293980000000004,83.82,1,6,7,2,35
407.5140000000002,3.2820800000000023,74.58999999999999,1,5,8,2,30
461.48400000000015,4.258380000000003,74.58999999999999,1,5,7,2,33
423.5130000000002,3.2481800000000023,83.82,1,6,8,2,31
480.4830000000002,3.8194000000000026,88.1,2,5,8,2,34
413.5220000000002,3.021320000000002,88.61,2,7,7,2,30
492.9670000000001,4.586600000000003,93.88000000000001,1,7,6,4,35
450.9300000000002,4.327700000000002,85.60000000000001,2,7,6,4,32
464.9130000000001,3.806400000000002,93.88000000000001,1,7,6,4,33
518.5800000000003,3.957700000000003,73.85000000000001,2,6,10,3,37
488.55400000000014,4.595200000000004,53.620000000000005,1,5,9,3,35
496.60200000000026,4.832200000000005,53.620000000000005,1,5,9,3,36
422.8760000000001,3.547500000000001,85.60000000000001,2,7,6,4,30
505.5810000000002,4.468100000000005,69.75,3,5,12,3,36
602.6289999999998,8.091100000000004,62.410000000000004,2,6,10,5,42
581.66,8.011800000000006,59.61000000000001,1,6,10,5,41
584.639,7.952000000000005,62.410000000000004,2,6,10,5,41
585.623,7.918900000000005,59.61000000000001,1,6,10,5,41
416.4810000000002,4.407800000000003,94.89999999999999,2,6,5,4,31
464.5010000000001,2.968820000000001,102.36,1,8,4,3,34
475.47500000000014,3.4719200000000017,108.92,2,7,7,3,34
489.5020000000002,3.4823200000000023,98.06,1,7,7,3,35
452.5110000000003,1.3252999999999997,119.15,2,9,7,2,33
643.535,4.507300000000003,128.52000000000004,2,11,12,4,42
615.5000000000001,4.932200000000004,99.06000000000002,1,9,11,4,40
518.5740000000002,1.8966000000000005,147.46999999999997,4,9,8,4,38
477.5270000000003,4.345600000000004,74.69,2,5,10,2,34
452.5110000000003,1.3252999999999997,119.15,2,9,7,2,33
633.5830000000002,7.519300000000008,77.19,1,7,11,5,42
584.4860000000002,5.528600000000006,76.94000000000001,1,7,10,4,38
579.6970000000002,6.628480000000006,100.98,1,8,11,5,43
489.5760000000002,3.2996000000000016,104.38000000000001,3,8,8,4,36
344.386,2.691700000000001,73.58,2,4,6,2,25
490.5260000000002,3.3656000000000015,83.56,2,5,7,2,35
657.562,4.810300000000004,117.52000000000002,1,11,13,4,43
598.5130000000001,5.837020000000005,76.94000000000001,1,7,10,4,39
642.566,6.3158000000000065,86.17000000000002,1,8,12,4,42
650.4920000000002,6.130000000000005,86.17000000000002,1,8,12,4,42
614.5120000000001,5.537200000000005,86.17000000000002,1,8,11,4,40
662.5780000000001,4.932100000000005,111.08,1,9,11,4,42
630.58,6.250500000000006,76.94000000000001,1,8,11,4,40
626.548,5.406700000000005,95.40000000000002,1,9,12,4,41
620.588,6.268300000000006,76.94000000000001,1,7,10,4,41
646.4850000000002,5.711000000000005,95.40000000000002,1,9,11,4,42
606.517,6.135700000000005,90.08000000000001,1,8,10,5,40
615.5000000000001,4.932200000000004,99.06000000000002,1,9,11,4,40
655.59,5.580300000000005,108.29000000000002,1,10,13,4,43
663.5160000000002,5.394500000000004,108.29000000000002,1,10,13,4,43
627.5360000000001,4.801700000000004,108.29000000000002,1,10,12,4,41
667.6009999999999,5.724400000000005,108.29000000000002,1,10,13,4,44
580.6070000000003,5.539000000000005,100.73,1,8,11,4,42
596.6060000000003,5.2391800000000055,109.96000000000001,1,9,12,4,43
576.6940000000002,5.359680000000006,100.73,1,9,11,4,41
552.6750000000003,4.987380000000004,100.73,1,8,10,4,41
570.6460000000003,4.269880000000003,119.19000000000001,1,10,10,4,42
592.5990000000004,4.820180000000004,119.19000000000001,1,10,11,4,43
556.6190000000003,4.227380000000004,119.19000000000001,1,10,10,4,41
586.6930000000001,3.9682800000000036,126.09,1,11,12,4,43
609.6300000000003,4.503680000000004,132.08,1,11,13,4,44
601.7040000000002,4.689480000000004,132.08,1,11,13,4,44
657.562,4.810300000000004,117.52000000000002,1,11,13,4,43
640.579,4.859100000000004,102.30000000000003,1,10,12,4,42
586.6930000000002,3.9682800000000027,126.09000000000002,1,11,12,4,43
601.7040000000002,4.689480000000004,132.08,1,11,13,4,44
659.672,6.228300000000007,89.83000000000001,1,10,12,4,41
614.5120000000001,5.537200000000006,86.17000000000002,1,8,11,4,40
608.5770000000001,6.476520000000008,76.94000000000001,1,7,11,4,40
597.5100000000001,4.793100000000004,99.06000000000002,1,9,11,4,39
386.51700000000017,3.4803000000000024,67.43,2,4,6,2,27
518.7020000000003,5.962820000000007,63.00000000000001,1,7,9,3,38
504.67500000000047,5.713620000000007,63.00000000000001,1,7,9,3,37
518.7020000000003,5.962820000000007,63.00000000000001,1,7,9,3,38
492.6200000000004,4.709220000000005,80.07,1,7,9,3,36
476.6210000000003,4.790920000000004,63.00000000000001,1,7,6,3,35
478.6370000000004,5.182620000000005,63.00000000000001,1,7,9,3,35
567.5970000000003,3.790100000000002,137.52,4,9,12,4,41
498.9710000000004,3.473480000000002,104.99999999999999,1,10,9,3,35
497.9830000000004,4.078480000000003,92.11,1,9,9,3,35
580.6860000000003,4.632000000000005,121.73,3,10,12,4,41
466.58200000000033,2.6159,66.51,1,7,5,2,34
487.5560000000002,2.7820800000000014,108.07000000000001,2,8,6,3,36
415.45300000000015,4.162540000000002,98.83,1,6,4,5,31
462.5100000000002,1.2706999999999995,102.68,0,8,7,3,34
497.53100000000035,1.3410000000000002,146.28,3,9,7,3,36
596.1320000000002,3.959800000000003,104.32000000000001,2,10,9,3,42
626.2269999999999,5.635100000000006,112.04999999999998,2,10,8,3,43
530.0940000000003,5.359000000000004,119.22999999999999,3,8,7,3,36
610.7510000000002,6.459300000000008,83.86,2,8,9,4,45
645.244,6.241300000000007,74.35000000000001,1,6,9,3,46
415.48000000000013,4.592300000000004,38.77,0,4,6,2,30
379.50000000000017,4.361100000000004,38.77,0,4,6,2,28
445.55900000000025,5.160300000000005,40.160000000000004,0,5,6,3,33
347.4590000000002,2.2079000000000004,45.25000000000001,0,4,3,1,25
343.442,4.569900000000004,21.700000000000003,0,3,6,2,25
415.5300000000002,3.810500000000003,60.39,1,6,10,2,30
380.31500000000005,5.347500000000005,21.700000000000003,0,3,6,2,25
380.31500000000005,5.347500000000005,21.700000000000003,0,3,6,2,25
588.5710000000001,5.590800000000003,135.73,4,9,8,4,43
247.29399999999998,2.25,38.77,0,3,2,1,18
624.7780000000002,6.7623000000000095,72.86,1,8,10,4,46
378.47200000000015,4.181920000000003,54.56,1,3,6,3,28
361.86900000000014,4.009900000000004,41.93,1,4,5,2,25
418.57800000000026,3.5641000000000025,74.02,1,6,7,1,30
387.4420000000001,3.9624000000000033,41.93000000000001,1,4,5,1,27
481.59600000000034,5.379300000000005,57.800000000000004,1,4,5,4,36
482.58400000000034,4.774300000000003,70.69,1,5,5,4,36
415.53700000000026,4.784300000000004,37.830000000000005,0,5,5,3,31
451.5270000000003,1.8254999999999992,90.74000000000001,1,8,7,3,33
384.3570000000001,4.140880000000002,68.27,1,4,2,3,28
562.5040000000002,6.619420000000008,51.16000000000001,1,5,8,4,37
592.5490000000001,7.218700000000009,41.93,1,4,9,4,39
559.5480000000001,6.574600000000009,35.940000000000005,1,4,8,4,37
544.4890000000003,7.328500000000009,45.84,1,4,8,5,36
544.5330000000001,7.0710000000000095,32.7,1,3,8,4,36
559.5480000000001,6.57460000000001,35.940000000000005,1,4,8,4,37
544.4890000000003,7.328500000000009,45.84,1,4,8,5,36
560.5570000000002,7.797000000000009,32.7,1,4,8,5,36
605.5290000000003,6.740700000000008,77.19,1,7,10,5,40
605.5290000000003,6.7407000000000075,77.19,1,7,10,5,40
605.5290000000003,6.7407000000000075,77.19,1,7,10,5,40
605.5290000000003,6.7407000000000075,77.19,1,7,10,5,40
624.5320000000002,5.160700000000006,95.4,1,9,10,4,41
605.5290000000003,6.7407000000000075,77.19,1,7,10,5,40
508.6180000000004,5.728600000000006,74.95,1,6,8,4,38
508.5930000000003,6.576780000000007,69.63,1,5,8,5,38
508.5930000000003,6.576780000000007,69.63,1,5,8,5,38
550.6990000000002,6.197380000000007,74.95,1,6,10,4,41
553.6590000000002,5.038580000000005,97.07000000000001,1,8,10,4,41
872.9459999999996,6.802120000000006,198.17999999999998,4,12,18,4,63
462.47200000000026,4.888620000000003,91.52000000000001,2,7,6,3,33
388.4680000000002,2.0769199999999994,85.81,1,7,8,2,28
389.4560000000002,1.3507000000000002,111.83,2,8,8,2,28
387.44000000000017,1.0567999999999995,103.04,1,8,4,2,28
451.4830000000003,1.7177999999999993,112.27000000000001,1,9,4,3,33
383.40800000000024,1.7845999999999997,106.95,1,8,4,3,28
573.8430000000001,6.121820000000004,97.72,2,5,7,5,38
367.42800000000017,3.004100000000001,63.480000000000004,2,5,5,3,27
523.5650000000004,3.316200000000002,116.72000000000001,2,9,8,3,38
500.5590000000003,3.040180000000001,131.28,2,9,7,3,37
519.5580000000003,2.8667000000000007,144.79,3,9,8,3,38
505.57500000000033,3.177100000000002,116.72000000000001,2,9,8,3,37
388.49300000000017,3.8991400000000027,96.97,2,6,4,3,27
503.5300000000002,5.786800000000005,98.78000000000002,2,6,8,4,37
501.51400000000024,5.5408000000000035,98.78000000000002,2,6,8,4,37
446.9100000000004,4.275600000000003,68.74000000000001,1,7,8,3,31
428.53900000000027,4.563900000000003,94.07,1,8,4,4,29
402.8570000000003,4.006700000000003,59.510000000000005,1,6,5,3,28
461.9250000000004,3.732300000000002,71.98,1,8,8,3,32
448.8820000000004,3.8171000000000026,77.97000000000001,1,8,8,3,31
447.4950000000002,4.3979000000000035,100.39,1,7,8,4,33
451.5460000000003,4.516220000000004,93.36999999999999,2,6,6,3,33
453.5180000000003,3.100120000000002,113.6,3,7,7,3,33
452.5340000000003,3.458820000000002,96.60999999999999,2,7,6,3,33
439.49100000000027,3.5436200000000024,102.6,2,7,6,3,32
438.5070000000003,3.0703200000000015,96.60999999999999,2,7,5,3,32
468.53300000000036,2.4328200000000004,116.83999999999999,3,8,7,3,34
482.5160000000003,1.9578200000000001,133.90999999999997,3,8,6,3,35
452.5340000000003,3.458820000000002,96.60999999999999,2,7,6,3,33
424.48000000000025,2.680220000000001,96.60999999999999,2,7,5,3,31
454.5060000000003,2.04272,116.83999999999999,3,8,7,3,33
488.5450000000003,2.01002,130.74999999999997,2,8,6,3,34
411.43700000000024,2.7650200000000016,102.6,2,7,5,3,30
459.50300000000027,2.16322,127.50999999999999,2,8,5,3,32
438.5070000000002,3.1150200000000012,105.39999999999999,3,7,5,3,32
454.4540000000003,3.0638000000000014,90.24000000000001,1,7,5,3,33
451.47700000000026,3.200280000000001,97.16999999999999,1,6,4,3,33
486.57500000000016,6.165180000000005,79.94,1,5,7,5,37
231.29899999999998,2.2791000000000006,63.93,2,3,3,2,17
428.53600000000023,4.921300000000003,74.96000000000001,3,4,4,4,32
348.40600000000006,3.1032,81.34,1,5,4,3,26
403.48600000000016,2.7890000000000006,84.58,1,6,4,3,30
390.4430000000001,2.8738,90.57,1,6,4,3,29
384.4610000000001,2.6517,98.41000000000001,1,6,5,3,27
439.5410000000003,2.3375000000000004,101.65,1,7,5,3,31
426.4980000000003,2.4223,107.64,1,7,5,3,30
396.47200000000015,2.8421000000000003,107.2,2,6,6,3,28
355.41900000000004,2.8049,95.17,1,6,4,3,25
349.3900000000001,3.7764000000000024,68.46000000000001,0,5,4,3,26
284.267,2.8798000000000012,79.9,2,5,2,3,21
266.296,3.777020000000003,39.44,0,3,2,3,20
286.714,4.1220000000000026,39.44,0,3,2,3,20
252.269,3.468600000000002,39.44,0,3,2,3,19
362.8610000000001,2.573100000000001,59.39,1,4,4,2,25
381.52000000000015,3.478100000000002,37.830000000000005,0,5,5,2,28
367.4930000000001,3.1359000000000012,46.620000000000005,1,5,5,2,27
413.52200000000016,2.7483000000000004,90.56,2,5,8,2,30
342.44300000000004,3.289900000000001,70.25,2,4,7,2,25
461.4820000000001,2.433020000000001,135.48000000000002,2,10,8,4,34
407.5180000000001,3.426700000000001,107.67,3,5,5,3,30
408.5060000000001,2.8217,120.56,3,6,5,3,30
409.55900000000025,4.216600000000003,54.38,0,7,4,3,29
506.62500000000017,6.661900000000008,22.34,0,2,4,5,39
711.5770000000003,10.174219999999993,76.07000000000001,1,4,7,4,50
712.5650000000004,9.569219999999996,88.96000000000001,1,5,7,4,50
709.5900000000004,9.05712,101.85000000000001,1,6,8,4,50
712.5650000000004,9.569219999999996,88.96000000000001,1,5,7,4,50
713.5530000000003,8.964220000000001,101.85000000000001,1,6,7,4,50
688.6250000000005,8.011420000000006,105.09000000000002,1,7,8,4,49
655.0730000000003,7.646020000000006,105.09000000000002,1,7,8,4,46
621.5210000000002,7.280620000000006,105.09000000000002,1,7,8,4,43
638.6180000000003,7.131720000000006,105.09000000000002,1,7,8,4,46
588.6110000000002,6.252020000000006,105.09000000000002,1,7,8,4,43
636.6270000000003,6.872420000000005,114.32000000000002,1,8,9,4,46
620.6280000000004,6.992620000000006,105.09000000000002,1,7,8,4,45
621.6160000000003,6.387620000000005,117.98000000000002,1,8,8,4,45
587.0760000000002,6.627220000000006,105.09000000000002,1,7,8,4,42
636.6270000000003,6.872420000000005,114.32000000000002,1,8,9,4,46
621.6160000000003,6.387620000000005,117.98000000000002,1,8,8,4,45
621.6160000000003,6.387620000000005,117.98000000000002,1,8,8,4,45
718.6260000000004,8.103520000000005,105.09000000000002,1,7,8,4,51
714.6630000000006,8.545620000000003,105.09000000000002,1,7,8,4,51
730.6620000000005,7.782020000000006,114.32000000000001,1,8,8,4,52
344.411,4.046700000000003,43.71,0,5,6,2,24
406.41700000000014,5.177120000000002,102.41,3,5,4,4,30
442.3970000000001,5.748400000000002,102.41,3,5,4,4,32
508.6230000000003,2.2325000000000004,105.10000000000001,2,10,8,3,37
465.5540000000002,2.6429000000000014,93.07000000000001,1,9,5,3,34
432.4840000000001,2.603500000000001,98.42000000000002,1,8,5,4,32
464.5700000000003,2.1696000000000004,87.08000000000001,1,9,5,3,34
506.6070000000003,2.852400000000001,93.14999999999999,0,9,5,3,37
479.58100000000024,3.203900000000002,93.07000000000001,1,9,5,3,35
478.5530000000003,2.2495000000000003,115.93,1,9,5,3,35
465.55400000000026,2.6429000000000014,93.07000000000001,1,9,5,3,34
451.5270000000002,1.9888,104.07000000000001,2,9,5,3,33
496.5670000000004,4.285300000000003,84.86000000000001,0,6,5,4,37
467.52900000000034,3.671700000000002,88.52000000000001,0,6,4,4,35
468.55700000000036,4.368600000000003,67.79,0,6,5,4,35
439.5190000000003,3.7550000000000026,71.45000000000002,0,6,4,4,33
440.5070000000003,3.1500000000000012,84.33999999999999,0,7,4,4,33
446.5550000000003,2.690800000000001,74.69000000000001,0,7,4,3,33
533.6720000000003,6.296200000000007,59.230000000000004,1,5,9,5,40
501.62700000000024,5.062800000000005,63.269999999999996,1,6,9,3,37
534.6600000000003,5.238800000000005,62.47,1,6,9,5,40
333.313,3.7417000000000025,39.42,0,3,4,3,24
367.75800000000004,4.395100000000002,39.42,0,3,4,3,25
409.5590000000002,4.216600000000003,54.38000000000001,0,7,4,3,29
514.6740000000003,5.726000000000005,89.94,2,7,6,4,38
321.398,3.5797000000000025,70.78,1,6,5,2,22
471.60400000000016,4.309020000000004,88.60000000000001,1,6,6,3,32
454.3960000000001,4.769500000000002,63.25,2,6,4,3,25
516.5490000000003,4.319500000000003,76.38,0,7,5,4,36
517.5370000000003,3.714500000000002,89.27,0,8,5,4,36
495.53100000000035,3.1781400000000017,89.27,0,8,5,3,34
568.6700000000003,6.236320000000006,102.10000000000001,1,6,10,4,42
516.5500000000003,5.631640000000005,111.33000000000001,1,7,10,4,38
508.5640000000002,2.1439000000000004,138.72000000000003,2,12,7,4,36
556.6100000000004,5.274700000000005,115.57000000000001,2,6,8,3,40
414.5530000000003,5.406840000000005,42.660000000000004,0,4,4,4,31
400.41800000000006,5.098200000000004,51.22,1,3,6,4,29
548.9520000000001,7.534400000000005,69.03999999999999,1,4,6,5,39
422.48500000000024,3.018620000000002,80.93,0,7,7,3,31
426.4480000000002,2.8493000000000013,80.93,0,7,7,3,31
408.4580000000002,2.7102000000000013,80.93,0,7,7,3,30
409.4460000000002,2.1052,93.82000000000001,0,8,7,3,30
478.5490000000004,3.116900000000002,90.16000000000001,0,8,9,3,35
450.4950000000003,2.4792000000000005,90.16000000000001,0,8,8,3,33
476.5330000000004,3.0134000000000016,90.16000000000001,0,8,7,3,35
476.5330000000004,2.8709000000000016,90.16000000000001,0,8,7,3,35
462.50600000000037,2.4808000000000003,90.16000000000001,0,8,7,3,34
464.52200000000033,2.6053000000000006,101.16000000000001,1,8,7,3,34
434.4960000000003,3.2444000000000024,80.93,0,7,7,3,32
476.5330000000004,3.0134000000000016,90.16000000000001,0,8,7,3,35
464.5220000000004,2.8709000000000016,90.16000000000001,0,8,7,3,34
481.52800000000036,2.5351,84.17,0,8,7,3,35
480.5210000000004,2.4894000000000007,99.39000000000001,0,9,8,3,35
506.60300000000035,3.6315000000000026,101.16000000000001,1,8,7,3,37
478.5490000000003,2.995400000000002,101.16000000000001,1,8,7,3,35
462.55000000000035,4.024600000000003,80.93,0,7,7,3,34
463.53800000000035,3.4196000000000017,93.82000000000001,0,8,7,3,34
463.53800000000035,3.4196000000000026,93.82000000000001,0,8,7,3,34
491.5920000000004,3.1762000000000015,84.17,0,8,7,3,36
478.5490000000004,3.261000000000002,90.16000000000001,0,8,7,3,35
569.6690000000001,5.8254000000000055,112.67999999999999,2,7,7,6,43
368.4410000000001,2.0359,79.02000000000001,1,7,4,3,27
489.64500000000027,5.037120000000004,69.21000000000001,0,7,8,4,35
490.63300000000027,4.432120000000004,82.10000000000001,0,8,8,4,35
409.4710000000001,3.935220000000002,88.09,0,8,7,4,29
691.639,4.683000000000003,132.60999999999999,2,9,10,5,48
655.6050000000002,5.127300000000004,119.97,2,7,11,5,47
673.6490000000001,4.385800000000002,132.60999999999999,2,9,11,5,47
416.4850000000001,3.014500000000001,91.2,1,6,4,4,31
439.4970000000002,3.943820000000003,97.32000000000001,0,9,8,4,31
456.5310000000001,4.988620000000005,91.75,0,8,7,5,33
400.4170000000001,3.8266000000000027,70.65,0,5,5,3,30
471.60500000000036,4.686620000000003,65.18,0,5,6,4,35
514.6300000000006,3.8522200000000026,87.3,0,7,7,4,38
334.4000000000001,4.1228000000000025,44.120000000000005,0,4,3,4,24
348.4270000000001,4.431220000000003,44.120000000000005,0,4,3,4,25
352.3900000000001,4.2619000000000025,44.120000000000005,0,4,3,4,25
503.5870000000002,5.978080000000006,93.16,0,7,6,5,37
419.4890000000002,1.8911399999999996,89.27,0,7,4,3,31
456.54600000000016,3.891700000000002,87.9,2,5,6,3,34
335.4910000000001,5.1093000000000055,12.47,0,2,6,2,25
341.4260000000001,4.3045000000000035,21.700000000000003,0,3,6,2,25
383.5170000000001,4.457300000000004,63.05,1,5,3,1,27
347.4210000000001,3.2159700000000013,75.51,1,7,4,2,23
474.42900000000014,6.411000000000004,67.84,2,3,5,4,34
410.6990000000001,3.3099000000000016,90.69999999999999,2,2,5,2,24
393.7120000000001,4.246100000000005,33.62,1,3,5,2,23
354.4290000000001,3.3279000000000014,22.34,0,2,2,3,27
416.48100000000034,4.217680000000002,79.64,1,7,6,3,31
565.6740000000002,4.091380000000004,115.62999999999998,1,7,8,3,42
331.755,3.1292000000000018,72.47,1,4,6,2,23
327.33600000000007,2.484400000000001,81.7,1,5,7,2,24
614.787,6.750220000000008,105.09,1,7,12,3,45
417.5130000000002,3.691620000000002,84.58,1,6,5,3,31
429.3140000000001,3.4555000000000025,49.85,0,3,4,2,27
430.3020000000001,2.850500000000001,62.74,0,4,4,2,27
395.4590000000002,2.5509000000000004,71.11,1,5,4,2,29
464.9130000000001,3.6693000000000016,93.88,1,7,5,4,33
588.6400000000003,4.059440000000003,144.66,5,6,8,3,43
449.9200000000002,2.7689000000000004,115.20999999999998,2,6,7,3,30
432.5240000000002,3.606700000000002,89.71000000000001,2,6,6,3,32
436.9430000000002,4.251500000000003,80.48,2,5,5,3,31
416.4590000000001,2.425840000000001,123.41999999999999,2,7,7,3,29
361.7850000000001,2.0567199999999994,96.53,3,4,3,2,25
389.3330000000001,4.303100000000003,73.34,1,5,5,3,28
305.717,3.299100000000001,75.63,2,3,4,2,21
418.54400000000015,3.0858000000000008,98.83,2,8,4,2,28
419.53200000000015,2.4808000000000003,111.72,2,9,4,2,28
418.4010000000001,4.402000000000004,95.20000000000002,1,7,5,4,31
488.56200000000035,2.4859999999999998,131.03,3,8,6,2,34
508.94100000000026,3.341700000000002,116.35000000000001,1,8,6,4,36
492.4860000000003,2.827400000000001,116.35000000000001,1,8,6,4,36
490.95100000000025,3.2026000000000012,116.35000000000001,1,8,6,4,35
514.9700000000003,3.403200000000002,116.35000000000001,1,9,6,4,35
474.49600000000027,2.688300000000001,116.35000000000001,1,8,6,4,35
495.94200000000023,3.9803000000000033,93.49000000000001,1,8,5,4,35
619.5240000000003,9.623999999999997,38.769999999999996,0,3,6,3,43
424.50500000000017,2.1502,118.39,3,7,6,3,31
340.492,4.560800000000004,25.36,0,4,6,3,24
469.5850000000002,5.011220000000005,58.81,0,5,7,4,35
331.459,4.768500000000004,35.25,1,2,7,3,25
580.6260000000001,6.546700000000007,59.39,1,4,9,4,42
443.46300000000014,3.1758000000000015,119.35000000000001,2,8,7,4,33
431.45200000000017,2.9045000000000014,111.39,2,7,7,4,32
531.9220000000001,4.225500000000003,93.49000000000001,1,8,6,4,37
516.3600000000002,4.459600000000003,93.49000000000001,1,8,5,4,35
499.9050000000003,3.9453000000000022,93.49000000000001,1,8,5,4,35
479.9390000000003,5.016200000000005,67.71000000000001,1,6,5,4,34
481.9150000000003,3.806200000000003,93.49000000000001,1,8,5,4,34
481.4740000000003,4.641000000000004,67.71000000000001,1,6,5,4,35
463.48400000000026,4.501900000000004,67.71000000000001,1,6,5,4,34
464.47200000000026,3.896900000000003,80.60000000000001,1,7,5,4,34
464.47200000000026,3.896900000000003,80.60000000000001,1,7,5,4,34
465.46000000000026,3.291900000000002,93.49000000000001,1,8,5,4,34
463.9250000000003,3.6671000000000022,93.49000000000001,1,8,5,4,33
447.47000000000025,3.152800000000002,93.49000000000001,1,8,5,4,33
482.90300000000025,3.201200000000002,106.38000000000001,1,9,5,4,34
487.9440000000003,3.867700000000003,93.49000000000001,1,9,5,4,33
465.46000000000026,3.291900000000001,93.49000000000001,1,8,5,4,34
465.46000000000026,3.291900000000001,93.49000000000001,1,8,5,4,34
447.47000000000025,3.152800000000001,93.49000000000001,1,8,5,4,33
461.4970000000003,3.8069000000000024,82.49000000000001,0,8,6,4,34
393.50800000000004,4.132200000000003,72.55,2,4,8,3,28
373.4560000000002,3.7767000000000017,69.73,1,5,5,3,28
356.42900000000014,3.790000000000002,72.86,1,5,4,3,27
361.47000000000014,4.062300000000002,60.5,1,5,4,3,26
344.4180000000002,3.546800000000001,73.39,1,5,4,3,26
357.41700000000014,3.1850000000000005,85.75,1,6,4,3,27
371.4440000000002,3.4934200000000013,85.75,1,6,4,3,28
385.4710000000002,3.821100000000002,85.75,1,6,5,3,29
410.45200000000017,4.302100000000002,73.39,1,5,4,4,31
413.5060000000002,3.927920000000002,86.28,1,7,4,4,30
396.4540000000002,3.125420000000001,91.21,1,6,4,4,30
485.6570000000002,5.103020000000004,56.07,0,6,8,4,35
425.55800000000016,3.5428200000000025,69.21000000000001,0,7,8,3,30
493.5550000000002,4.561620000000004,69.21000000000001,0,7,8,3,34
460.00300000000016,4.196220000000004,69.21000000000001,0,7,8,3,31
307.393,3.6415000000000024,30.49,1,3,2,2,23
381.51600000000013,4.839600000000005,30.930000000000003,0,4,6,2,28
382.50400000000013,3.782200000000003,34.17,0,5,6,2,28
381.51600000000013,4.839600000000005,30.930000000000003,0,4,6,2,28
402.4900000000001,5.558360000000006,44.760000000000005,0,4,5,3,30
525.6530000000002,3.7139200000000017,101.65,1,6,6,3,39
468.60100000000017,4.306600000000004,58.56,0,5,5,3,35
479.5800000000002,4.588600000000004,80.32,2,4,10,4,36
500.5450000000002,5.429300000000005,67.42999999999999,2,3,9,4,37
441.4840000000002,3.1096000000000013,122.96000000000001,3,7,7,2,32
388.89500000000004,3.5708800000000025,74.50999999999999,2,5,9,2,27
354.45000000000005,2.917480000000001,74.50999999999999,2,5,9,2,26
385.46400000000006,2.2154,99.36999999999998,4,5,9,3,28
389.4990000000002,3.9612000000000025,54.46,1,4,6,3,29
433.5300000000002,2.5795000000000012,88.18,1,5,9,2,30
433.5300000000002,2.5795000000000012,88.18,1,5,9,2,30
454.6110000000002,5.093080000000005,63.95,0,6,13,2,33
537.6130000000002,4.840600000000005,103.61000000000001,0,8,14,3,39
417.93700000000007,3.7737000000000025,45.25,0,4,9,2,29
423.5350000000002,2.2108,103.12,2,7,11,2,29
285.387,3.2485000000000017,21.700000000000003,0,3,8,2,21
444.51300000000026,2.08318,111.97000000000001,1,6,9,2,31
437.4930000000002,2.4866,88.18,1,5,9,2,30
495.6010000000003,3.759800000000003,88.18,1,5,10,3,35
457.47400000000016,3.199600000000002,78.95,1,4,7,2,31
417.53100000000023,2.7976400000000012,78.95,1,4,7,2,29
403.5040000000002,2.4892200000000004,78.95,1,4,7,2,28
429.54200000000026,3.058200000000002,78.95,1,4,8,2,30
423.92200000000014,2.834200000000001,78.95,1,4,7,2,28
447.55700000000024,2.968000000000001,88.18,1,5,9,2,31
419.5030000000002,2.1894,88.18,1,5,8,2,29
419.5030000000002,2.1894,88.18,1,5,8,2,29
385.52300000000014,4.930800000000005,21.700000000000003,0,3,10,2,28
385.5230000000002,4.930800000000005,21.700000000000003,0,3,10,2,28
350.4660000000001,3.690500000000002,53.18,2,4,6,3,26
446.6390000000004,5.7442000000000055,42.32,1,4,8,3,33
420.6010000000003,5.210000000000005,42.32,1,4,9,3,31
458.58100000000024,5.351300000000005,42.32,1,4,8,4,34
476.57100000000025,5.4904000000000055,42.32,1,4,8,4,35
369.4650000000001,3.0062000000000015,58.849999999999994,0,5,8,2,27
479.02000000000015,5.045300000000005,50.8,1,4,9,3,34
476.4550000000001,3.8595000000000024,95.46000000000001,1,7,10,3,34
413.43000000000023,2.743500000000001,104.94000000000001,1,8,9,3,30
343.4670000000001,3.9202400000000033,39.72,1,4,9,2,25
387.43600000000015,2.5642000000000005,102.73,2,6,11,2,28
432.5430000000001,4.866600000000004,51.11,2,4,11,4,32
349.47100000000006,2.6407000000000007,51.16000000000001,1,5,7,1,25
569.6620000000003,4.159040000000003,164.63,4,6,11,4,42
326.22300000000007,4.855900000000004,21.700000000000003,0,3,5,2,21
410.4930000000001,2.909880000000001,82.59,1,5,7,2,30
396.46600000000007,2.662280000000001,82.59,1,5,6,2,29
422.5040000000001,2.9245800000000015,68.6,1,5,6,2,31
285.391,2.658400000000001,28.6,0,4,7,2,21
502.4230000000003,6.045100000000005,77.68,1,6,7,4,33
485.63200000000023,4.615180000000004,83.17999999999999,1,5,9,3,36
423.5130000000002,3.2481800000000023,83.82000000000001,1,6,8,2,31
428.4350000000002,3.4742000000000015,71.78,1,5,5,3,31
410.44500000000016,3.3351000000000024,71.78,1,5,5,3,30
428.4350000000002,3.4742000000000015,71.78,1,5,5,3,31
467.96100000000024,2.444420000000001,89.27,0,7,7,3,33
339.4640000000001,3.4879000000000016,51.379999999999995,1,5,3,3,24
610.1320000000004,4.811300000000005,105.25,1,6,7,3,42
381.411,2.4435000000000002,65.30000000000001,0,6,4,3,28
416.52500000000015,3.527000000000002,80.48,2,5,6,3,31
494.37800000000016,6.064600000000005,73.34,1,5,7,4,34
360.4140000000001,2.9680400000000002,90.13,2,6,4,3,25
531.7410000000004,5.162500000000005,61.88,1,4,7,2,39
534.6610000000002,2.891800000000001,139.70999999999998,5,9,11,4,39
420.50900000000024,3.899700000000003,52.93000000000001,0,5,9,3,31
422.48500000000024,2.4788200000000007,86.55,0,7,9,3,31
521.4850000000004,5.253100000000005,62.24000000000001,1,5,9,2,35
415.49300000000005,4.020100000000003,77.24,1,5,4,4,31
339.3910000000001,3.860000000000003,49.81,0,5,6,3,25
357.8010000000001,2.9786,95.05999999999999,2,5,4,3,25
425.91600000000034,4.999400000000004,55.85000000000001,1,6,6,3,30
494.0130000000003,3.641700000000003,113.6,3,5,8,2,33
519.5830000000003,3.3872000000000018,117.33999999999999,1,7,7,5,37
471.48900000000026,2.7025000000000006,81.72999999999999,0,6,4,4,33
501.55900000000037,3.4966000000000026,73.89,0,7,5,4,35
483.5690000000004,3.086400000000001,73.89,0,7,5,4,34
465.5790000000004,2.947300000000001,73.89,0,7,5,4,33
363.50500000000005,4.6810000000000045,30.29,0,3,5,3,27
335.451,3.9024000000000028,30.29,0,3,4,3,25
403.57000000000016,5.605300000000006,30.29,0,3,5,3,30
405.54200000000014,4.451600000000004,39.519999999999996,0,4,5,3,30
364.493,3.6236000000000024,33.53,0,4,5,3,27
448.6110000000003,4.420400000000004,42.760000000000005,0,5,7,3,33
434.58400000000023,4.078200000000003,51.55,1,5,7,3,32
401.5140000000001,4.439620000000004,48.11,0,4,5,4,30
350.466,3.233500000000002,33.53,0,4,5,3,26
339.46400000000006,3.4707000000000017,39.08,1,4,4,3,24
395.4230000000002,2.3825200000000004,126.14000000000001,2,9,7,4,29
359.45100000000014,3.0815400000000013,73.22,1,4,5,3,25
440.4790000000003,2.1407999999999996,107.52999999999999,2,7,7,3,32
550.1470000000004,5.743460000000006,70.59,1,6,10,3,39
450.54200000000014,6.262800000000005,67.24,2,6,9,4,34
450.54200000000014,6.262800000000005,67.24,2,6,9,4,34
311.38100000000003,3.8179000000000025,38.769999999999996,0,3,4,2,23
512.5620000000002,4.938820000000003,102.10000000000001,1,6,10,4,38
512.5620000000002,4.938820000000003,102.10000000000001,1,6,10,4,38
437.5400000000003,3.094920000000002,75.13,1,7,5,2,32
451.60000000000014,2.973600000000001,72.20000000000002,0,8,8,3,32
406.4890000000002,2.501800000000001,87.95,1,7,4,2,27
477.95600000000013,3.865400000000002,87.89,1,7,5,4,34
433.5160000000002,2.5876,94.03999999999999,1,8,5,4,32
435.9190000000001,3.6065000000000014,79.61,2,7,5,4,31
436.90300000000013,4.033500000000002,76.81,1,7,5,4,31
317.364,3.239670000000001,66.37,3,3,7,2,23
477.95600000000013,4.253200000000002,96.68,2,7,8,4,34
382.2030000000001,2.401700000000001,96.53,3,4,3,2,25
352.3900000000001,3.5779200000000024,69.68,1,5,6,3,26
389.43000000000006,4.638620000000003,55.629999999999995,1,3,5,4,29
390.41800000000006,4.033620000000002,68.52,1,4,5,4,29
493.5850000000002,3.818200000000002,98.66000000000001,2,5,10,4,35
522.6930000000002,5.120900000000005,48.050000000000004,1,4,5,3,39
410.48200000000014,2.0051199999999993,114.43,2,7,3,3,30
410.48200000000014,2.0051199999999993,114.43,2,7,3,3,30
461.55100000000016,3.6982000000000017,109.5,2,8,4,4,33
462.53900000000016,3.0932000000000013,122.39,2,9,4,4,33
412.5190000000001,3.333120000000002,96.61,2,7,3,3,29
385.4530000000001,2.0312,109.5,2,8,3,3,27
414.4950000000001,2.12312,122.39,2,9,3,3,29
399.4800000000001,2.4197000000000006,109.5,2,8,3,3,28
413.5070000000001,2.7281200000000005,109.5,2,8,3,3,29
342.39899999999994,1.9748999999999992,75.72,2,5,5,2,25
502.01100000000037,3.8419000000000025,92.29,3,6,8,2,35
447.55700000000036,3.4604000000000026,96.97,2,6,9,2,31
580.0220000000002,5.669020000000005,126.81000000000002,1,11,6,5,40
266.322,0.8652999999999996,67.43,2,4,3,1,18
451.91400000000016,4.135170000000002,107.41000000000001,3,5,6,3,32
469.90400000000017,4.274270000000002,107.41000000000001,3,5,6,3,33
579.0570000000004,4.436170000000003,147.95,4,7,8,3,41
535.0480000000003,5.1254700000000035,110.64999999999999,3,6,7,3,38
495.60100000000034,3.5306000000000024,112.61000000000001,2,6,8,3,35
500.55900000000037,3.291900000000002,120.25999999999999,2,7,8,4,37
446.9060000000003,4.032000000000003,87.66,3,4,7,2,31
510.55100000000016,5.575000000000005,52.32,3,4,10,3,36
492.56100000000015,5.4359000000000055,52.32,3,4,10,3,35
493.54900000000015,4.830900000000004,65.21,3,5,10,3,35
345.4070000000001,1.2166999999999997,141.07,4,8,8,2,25
399.49900000000014,2.5279000000000007,141.07,4,8,7,2,29
387.44400000000013,1.4130999999999998,150.29999999999998,4,9,7,2,28
401.4710000000001,1.3742,150.3,4,9,7,2,29
358.4020000000001,0.8558000000000003,137.41,4,8,6,2,26
406.44800000000015,4.493300000000002,42.52,2,4,6,2,29
380.4100000000001,4.176700000000003,42.52,2,4,6,2,27
513.6820000000004,6.878000000000007,65.38,1,4,7,4,38
349.36800000000005,1.165,105.75999999999999,3,6,4,2,24
385.23900000000003,3.1861000000000006,72.73,2,5,4,2,22
528.5750000000003,4.941900000000005,58.970000000000006,1,4,7,3,38
422.54500000000013,4.551500000000004,40.800000000000004,0,4,12,3,31
507.5720000000002,5.711220000000005,49.52,2,4,10,3,36
541.5610000000001,4.746300000000005,69.75,3,5,12,3,38
523.5710000000003,4.607200000000005,69.75,3,5,12,3,37
511.53500000000014,5.541900000000005,49.52,2,4,10,3,36
493.54500000000013,5.244700000000005,49.52,2,4,11,3,35
501.59300000000025,5.481700000000005,49.52,2,4,11,3,36
517.5920000000002,4.718100000000004,58.75,2,5,11,3,37
523.5710000000003,4.607200000000005,69.75,3,5,12,3,37
505.5810000000002,4.468100000000004,69.75,3,5,12,3,36
493.54500000000013,5.402800000000005,49.52,2,4,10,3,35
475.5550000000001,5.105600000000004,49.52,2,4,11,3,34
483.60300000000024,5.342600000000005,49.52,2,4,11,3,35
497.6110000000002,4.561200000000003,86.82000000000001,3,5,12,3,36
519.6080000000003,4.856600000000005,69.75,3,5,12,3,37
519.6080000000003,4.856600000000005,69.75,3,5,12,3,37
519.6080000000003,4.856600000000005,69.75,3,5,12,3,37
519.6080000000003,4.856600000000005,69.75,3,5,12,3,37
449.5070000000002,6.0142400000000045,73.34,1,6,6,4,32
460.5520000000003,3.0591000000000017,113.96000000000001,3,7,6,2,32
400.4820000000002,4.823700000000003,61.2,1,5,5,4,30
558.5950000000004,4.522200000000003,129.19000000000003,2,11,10,4,41
417.53100000000023,2.7890000000000015,71.11,1,6,5,2,29
465.5750000000002,2.9628000000000014,78.95,1,5,4,3,33
374.4180000000001,1.9183000000000001,95.94000000000001,2,5,5,2,26
535.6700000000003,4.861800000000005,118.37000000000002,3,7,10,4,38
500.6210000000003,1.6992800000000006,104.13000000000001,1,8,11,2,35
486.5940000000003,1.309180000000001,104.13000000000001,1,8,10,2,34
498.00400000000013,4.463000000000003,89.43,2,4,9,4,34
305.39900000000006,3.421260000000002,55.400000000000006,1,3,4,2,21
447.9880000000003,4.354820000000003,63.57000000000001,1,5,5,3,30
431.53300000000024,3.8405200000000024,63.57000000000001,1,5,5,3,30
326.44,3.8076000000000034,51.22,1,3,5,2,24
504.71500000000026,6.331600000000007,67.43,2,4,8,2,37
518.7420000000003,6.673800000000008,58.64,1,4,8,2,38
545.7930000000002,7.446220000000008,64.11,1,6,8,3,39
519.7300000000004,5.189300000000006,61.88,1,4,7,2,38
545.7680000000004,5.723500000000007,61.88,1,4,7,2,40
559.7950000000003,6.113600000000007,61.88,1,4,7,2,41
531.7850000000004,6.544500000000008,44.81,1,4,7,2,39
545.7680000000004,6.0711000000000075,61.88,1,4,7,2,40
546.7560000000003,5.473900000000006,73.91,2,4,7,2,40
547.7400000000004,5.900900000000007,71.11000000000001,1,5,7,2,40
560.1820000000001,7.197800000000008,54.46,1,4,7,3,40
555.7630000000001,6.553000000000007,63.69,1,5,8,3,41
524.7490000000003,7.149400000000008,41.57,1,3,7,3,39
525.7370000000003,6.5444000000000075,54.46,1,4,7,3,39
530.7130000000003,5.840820000000007,80.49,1,6,7,3,39
516.6860000000003,5.532400000000006,80.49,1,6,7,3,38
357.4500000000001,3.3651000000000026,51.160000000000004,1,5,6,2,26
481.9150000000003,3.806200000000003,93.49000000000001,1,8,5,4,34
447.47000000000025,3.152800000000001,93.49000000000001,1,8,5,4,33
414.52700000000016,3.368500000000002,59.080000000000005,0,6,6,2,29
484.4780000000001,4.918900000000004,78.27,1,5,7,4,35
545.7680000000004,5.723500000000007,61.88,1,4,7,2,40
364.3690000000001,1.1933999999999991,134.35999999999999,3,7,6,4,27
599.7380000000005,6.265900000000007,61.88,1,4,7,2,43
581.7480000000005,5.968700000000007,61.88,1,4,8,2,42
481.9150000000003,3.806200000000003,93.49000000000001,1,8,5,4,34
447.47000000000025,3.152800000000001,93.49000000000001,1,8,5,4,33
298.338,3.4307000000000025,44.760000000000005,0,4,4,2,22
502.5410000000002,3.924000000000002,95.17,3,6,7,3,36
516.5680000000002,3.934400000000003,84.31000000000002,2,6,7,3,37
503.52500000000026,4.188900000000002,92.52000000000001,2,7,7,3,36
489.53800000000024,3.970600000000003,70.67,2,4,7,2,35
490.52600000000024,3.3656000000000024,83.56,2,5,7,2,35
473.01300000000015,4.324400000000003,71.03,2,5,8,2,33
457.014,5.209500000000006,50.800000000000004,1,4,8,2,32
457.014,4.610700000000004,50.800000000000004,1,4,8,2,32
505.08000000000027,4.607700000000004,75.71,1,5,8,2,34
470.05700000000013,4.573800000000003,53.6,2,4,9,2,33
471.04100000000005,5.599600000000006,50.800000000000004,1,4,9,2,33
471.04100000000005,5.000800000000005,50.800000000000004,1,4,9,2,33
556.1280000000003,5.1036000000000055,78.95,1,5,11,3,38
494.05700000000024,3.6743000000000023,78.95,1,5,10,2,33
470.01300000000015,4.405300000000003,61.88,1,4,9,2,33
523.0730000000002,5.444000000000005,60.03,1,5,11,3,37
523.0730000000002,5.677000000000006,51.24,0,5,10,3,37
523.0730000000002,5.330400000000005,60.03,1,5,11,3,37
509.04600000000016,5.652700000000006,60.03,1,5,10,3,36
523.0730000000002,5.444000000000005,60.03,1,5,11,3,37
519.0850000000003,6.7380000000000075,46.72,1,4,10,4,37
520.0730000000003,6.133000000000006,59.61000000000001,1,5,10,4,37
509.04600000000016,5.053900000000005,60.03,1,5,10,3,36
506.0460000000002,5.742900000000006,59.61000000000001,1,5,9,4,36
479.0200000000002,5.045300000000005,50.800000000000004,1,4,9,3,34
495.01900000000023,5.0114000000000045,60.03,1,5,9,3,35
473.4730000000002,3.0794000000000015,88.18,1,5,8,2,32
481.53900000000027,5.128100000000004,51.160000000000004,1,5,8,3,35
464.53700000000026,4.384000000000003,64.05000000000001,1,6,8,3,34
497.6070000000003,5.8414000000000055,41.93,1,5,8,3,35
505.5370000000002,3.074600000000002,90.9,3,5,7,2,36
506.5250000000002,2.4696000000000007,103.79,3,6,7,2,36
506.5250000000002,2.4696000000000007,103.79,3,6,7,2,36
518.5400000000002,3.0280000000000014,115.39999999999999,4,7,7,3,37
530.5510000000002,3.094900000000001,112.5,3,8,7,3,38
520.5520000000002,2.859700000000001,103.79,3,6,7,2,37
387.41800000000006,3.1780800000000013,83.19,1,6,4,3,29
459.50600000000026,4.502800000000002,123.11,2,7,7,4,34
465.55400000000037,4.047400000000003,113.46,2,7,7,3,34
527.6730000000005,3.805600000000002,92.16999999999999,1,7,8,4,39
586.0450000000002,4.199200000000003,129.55,3,7,8,4,40
348.4020000000002,3.5607000000000024,46.72,1,4,1,3,26
348.4020000000002,3.5607000000000024,46.72,1,4,1,3,26
301.34900000000005,4.0961000000000025,39.94,0,3,3,4,23
358.37600000000003,4.415300000000003,63.73,0,4,3,4,27
312.27700000000004,2.9029000000000007,78.13000000000001,1,6,2,3,23
436.4640000000003,2.9247000000000014,90.24000000000001,1,7,5,3,32
419.52500000000026,4.0984200000000035,56.59,0,5,5,3,31
393.4870000000002,3.567420000000003,56.59,0,5,7,3,29
419.52500000000026,4.004800000000003,56.59,0,5,5,3,31
322.408,3.2757000000000023,34.47,0,3,4,3,24
440.50300000000016,3.094480000000001,100.16999999999999,2,6,8,4,33
418.37100000000004,2.9207800000000015,95.47999999999999,2,5,5,3,30
368.36400000000003,2.04108,95.47999999999999,2,5,5,3,27
338.338,2.680180000000001,75.25,1,4,4,3,25
350.374,1.9019799999999998,95.47999999999999,2,5,5,3,26
350.374,1.9019799999999998,95.47999999999999,2,5,5,3,26
347.374,2.5041800000000007,95.24000000000001,2,5,5,3,26
464.5660000000003,2.738920000000001,77.85000000000001,1,7,7,3,34
465.5540000000003,2.13392,90.74000000000001,1,8,7,3,34
349.39000000000004,2.547180000000001,98.4,3,6,6,3,26
350.3740000000001,2.5140800000000008,95.6,2,6,6,3,26
432.4800000000002,4.267420000000002,87.5,1,6,7,4,32
346.279,3.1084000000000023,101.77000000000001,2,5,5,3,24
574.5670000000002,6.250600000000007,132.37,0,11,11,3,40
428.53200000000015,4.974000000000004,58.64,1,3,5,3,32
400.51900000000035,3.195400000000002,59.080000000000005,0,5,5,1,29
367.88000000000005,5.176800000000004,36.86,1,4,2,2,26
453.61200000000014,4.2493200000000035,69.21000000000001,0,7,7,3,32
721.9240000000003,5.873400000000006,104.18999999999998,1,6,8,4,52
631.7990000000003,3.9608000000000034,112.97999999999998,2,6,6,3,45
309.41299999999995,2.989300000000002,38.25,0,4,6,2,23
323.44,3.5503000000000027,38.25,0,4,6,2,24
353.46600000000007,3.558900000000002,47.480000000000004,0,5,7,2,26
328.481,4.216800000000004,25.36,0,4,6,2,23
373.4070000000001,3.522420000000002,64.34,1,5,4,3,27
373.44300000000004,4.375700000000004,21.700000000000003,0,3,4,2,27
453.61200000000014,4.2493200000000035,69.21000000000001,0,7,7,3,32
374.5250000000002,3.0618000000000007,61.8,2,4,6,1,27
374.5250000000002,3.0618000000000007,61.8,2,4,6,1,27
327.44300000000004,4.0667000000000035,12.47,0,2,6,2,24
424.6100000000002,4.474300000000004,32.78,0,4,6,2,30
441.5530000000003,3.269400000000002,54.480000000000004,0,6,3,2,31
195.28699999999998,1.8904999999999998,21.259999999999998,1,3,1,1,13
454.5270000000003,1.8409999999999997,85.39,1,8,7,2,33
470.5950000000003,2.5543000000000005,76.16,1,8,7,2,33
465.5540000000003,1.9544999999999997,96.03,2,7,7,2,34
467.5260000000003,1.4006999999999994,105.26,2,8,7,2,34
467.5260000000003,2.1319,105.26,2,8,7,2,34
431.5540000000002,3.855800000000003,65.07,0,6,7,2,30
431.55400000000037,3.855800000000003,65.07000000000001,0,6,7,2,30
645.8260000000004,4.3030000000000035,104.18999999999998,1,6,6,3,46
658.8650000000004,5.624900000000006,100.94999999999999,1,6,6,3,47
670.8760000000002,5.769000000000006,100.94999999999999,1,6,6,3,48
672.8920000000003,5.872500000000006,100.94999999999999,1,6,7,3,48
659.8530000000003,4.693100000000004,104.18999999999998,1,6,6,3,47
271.404,3.3834000000000026,12.47,0,2,1,1,20
511.00300000000027,4.562820000000003,101.78999999999999,2,5,8,4,35
357.793,3.9273200000000026,68.53,1,3,4,3,25
421.49700000000024,3.3523000000000014,64.96000000000001,1,6,5,3,31
442.55900000000014,5.282420000000005,58.64,1,3,5,3,33
432.5280000000002,2.2344,96.07000000000001,1,7,7,3,32
363.4170000000001,3.3320000000000025,57.800000000000004,1,4,2,3,27
315.3690000000001,1.0481999999999998,59.00000000000001,1,5,1,1,23
299.3700000000001,1.5010999999999999,41.93,1,4,1,1,22
588.4910000000003,7.4995000000000065,93.45,2,4,9,5,41
588.4910000000003,7.4995000000000065,93.45,2,4,9,5,41
339.399,2.543,109.05,2,5,3,3,25
453.92200000000014,5.651740000000004,85.72,1,5,7,3,32
449.5030000000002,5.006940000000004,94.95,1,6,8,3,33
381.3580000000001,3.135200000000001,79.38,2,6,1,2,27
336.3670000000001,3.096300000000001,40.8,0,4,2,3,25
450.5390000000003,2.4305000000000003,77.85000000000001,1,7,7,3,33
451.5270000000003,1.8254999999999995,90.74000000000001,1,8,7,3,33
464.5260000000003,1.385199999999999,110.61000000000001,2,8,7,3,34
506.5190000000003,1.6670999999999996,136.91,2,9,6,3,37
506.5190000000003,1.6670999999999996,136.91,2,9,6,3,37
506.5190000000003,1.6670999999999996,136.91,2,9,6,3,37
506.5190000000003,1.6670999999999996,136.91,2,9,6,3,37
522.5870000000002,2.3804,127.67999999999999,2,9,6,3,37
507.5070000000003,1.0620999999999996,149.8,2,10,6,3,37
480.52500000000026,0.7957000000000011,142.62,3,9,7,3,35
478.5530000000003,1.8068999999999988,133.39,3,8,7,3,35
481.50900000000024,0.8293,136.82999999999998,3,9,7,3,35
473.57700000000034,4.569420000000004,82.37,0,7,6,4,35
430.57700000000006,5.0792000000000055,41.49,0,6,5,4,31
419.52500000000026,4.004800000000003,56.59,0,5,5,3,31
368.40800000000013,4.325260000000003,60.45,1,4,5,3,27
350.4180000000001,4.186160000000003,60.45,1,4,5,3,26
366.41700000000014,3.8863400000000023,69.68,1,5,6,3,27
356.809,4.222720000000003,60.45,1,4,5,3,25
352.3900000000001,3.5779200000000024,69.68,1,5,6,3,26
334.37500000000006,4.580440000000004,57.38,0,5,4,4,25
419.52500000000026,4.0984200000000035,56.59,0,5,5,3,31
393.4870000000002,3.567420000000002,56.59,0,5,7,3,29
385.89500000000004,3.703300000000003,50.52,1,4,6,3,27
180.232,1.8871,48.14,1,4,1,2,12
344.44000000000005,2.567400000000001,58.980000000000004,1,7,2,2,24
397.42500000000007,3.7771000000000026,54.46,1,4,5,3,29
449.5030000000002,5.006940000000005,94.95,1,6,8,3,33
496.5430000000003,1.8989999999999996,133.39,3,8,7,3,36
451.5270000000003,1.8254999999999992,90.74000000000001,1,8,7,3,33
452.5150000000003,1.2204999999999993,103.63000000000001,1,9,7,3,33
464.5260000000003,1.385199999999999,110.61,2,8,7,3,34
433.51600000000025,1.6293999999999995,108.96,1,8,7,3,32
467.5260000000003,0.7963,110.97000000000001,2,9,7,3,34
481.55300000000034,1.4504000000000004,99.97000000000001,1,9,8,3,35
467.5260000000003,0.7963,110.97000000000001,2,9,7,3,34
482.51600000000025,1.3331999999999997,110.61,2,8,7,3,35
480.52500000000026,0.35600000000000087,130.84,3,9,7,3,35
494.5520000000003,1.010100000000001,119.84,2,9,8,3,36
494.5520000000003,1.010100000000001,119.84,2,9,8,3,36
469.5170000000003,1.7734999999999994,90.74000000000001,1,8,7,3,34
481.55300000000034,1.4504000000000004,99.97000000000001,1,9,8,3,35
467.5260000000003,0.7963,110.97000000000001,2,9,7,3,34
482.51600000000025,1.3331999999999997,110.61,2,8,7,3,35
482.51600000000025,1.3331999999999997,110.61,2,8,7,3,35
480.52500000000026,0.35600000000000087,130.84,3,9,7,3,35
507.5070000000003,1.0620999999999987,149.79999999999995,2,10,6,3,37
478.5530000000003,1.8068999999999997,133.39,3,8,7,3,35
479.5410000000003,1.2019000000000004,146.28,3,9,7,3,35
516.5580000000003,2.01098,151.51,3,10,7,3,38
500.55900000000037,3.040180000000001,131.28000000000003,2,9,7,3,37
460.53800000000035,2.4729800000000006,105.42,1,9,7,3,34
461.5910000000003,3.7487800000000027,83.3,1,8,7,3,33
543.5460000000003,4.187300000000002,107.49000000000001,2,8,7,3,39
525.5560000000003,4.106100000000002,107.49000000000001,2,8,8,3,38
489.5760000000003,3.4769200000000016,107.49000000000001,2,8,7,3,36
505.57500000000033,2.660800000000001,127.72000000000001,3,9,8,3,37
509.9940000000003,3.821900000000002,107.49000000000001,2,8,7,3,36
469.9730000000003,3.2547000000000015,81.63000000000001,1,8,7,3,33
487.62200000000024,4.320300000000003,65.9,1,7,9,3,33
487.62200000000024,4.320300000000003,65.9,1,7,9,3,33
485.6060000000002,3.6586000000000025,65.9,1,7,7,3,33
507.52200000000033,2.947800000000001,124.56000000000002,2,9,7,3,37
523.5650000000003,2.972600000000001,127.72000000000001,3,9,7,3,38
537.5480000000003,2.933300000000001,144.79000000000002,3,9,8,3,39
523.5650000000003,2.841000000000001,127.72000000000001,3,9,8,3,38
509.53800000000035,2.7985000000000007,127.72000000000001,3,9,7,3,37
505.6370000000002,3.7306000000000026,86.13000000000001,2,8,10,3,34
470.4970000000003,3.108500000000001,91.30000000000001,2,8,7,3,34
522.5370000000004,2.747700000000001,140.08000000000004,3,10,7,3,38
522.5370000000004,2.747700000000001,140.08000000000004,3,10,7,3,38
507.52200000000033,2.4866,124.56000000000002,2,9,7,3,37
523.5650000000003,2.6685000000000008,127.72000000000001,3,9,7,3,38
511.52900000000034,3.255600000000001,107.49000000000001,2,8,7,3,37
508.5540000000003,2.2447999999999997,133.51,3,9,7,3,37
566.5900000000003,2.3537999999999997,145.82,3,11,9,3,41
586.6460000000002,1.8352999999999997,153.65999999999997,3,10,9,3,41
577.5350000000002,3.2109000000000005,127.72000000000001,3,9,7,3,41
567.5740000000003,2.3872999999999998,154.01999999999998,3,10,10,3,41
553.5910000000003,2.295,136.95,3,10,10,3,40
521.5490000000003,3.290000000000001,115.77,1,8,6,3,38
507.5660000000004,3.6498000000000017,98.7,1,8,7,3,37
507.52200000000033,2.947800000000001,124.56000000000002,2,8,6,3,37
507.5660000000004,3.6160200000000016,107.49000000000001,2,8,7,3,37
507.5660000000004,3.331900000000002,98.7,1,8,7,3,37
521.5930000000003,4.0862000000000025,107.49000000000001,2,8,7,3,38
507.5660000000003,3.696100000000002,107.49000000000001,2,8,7,3,37
493.5390000000003,3.3076000000000008,107.49000000000001,2,8,7,3,36
549.6470000000003,4.7394200000000035,107.49000000000001,2,8,8,3,40
521.5930000000004,3.9244400000000024,107.49000000000001,2,8,7,3,38
525.5560000000004,3.7551200000000016,107.49000000000001,2,8,7,3,38
507.5660000000004,3.6160200000000016,107.49000000000001,2,8,7,3,37
527.9840000000003,3.961000000000002,107.49000000000001,2,8,7,3,37
511.52900000000034,3.4467000000000017,107.49000000000001,2,8,7,3,37
497.5920000000002,3.7048000000000023,82.97,1,6,9,3,35
503.6210000000002,3.766300000000002,82.97,1,7,9,3,34
499.5330000000002,4.377500000000003,65.9,1,5,9,3,36
463.55300000000017,4.099300000000003,65.9,1,5,9,3,34
479.5960000000003,4.408800000000004,65.9,1,5,11,3,35
465.56900000000024,4.018700000000003,65.9,1,5,10,3,34
574.7000000000003,3.2726000000000006,112.07000000000001,2,9,12,3,39
489.6380000000002,4.239700000000003,65.9,1,7,10,3,33
488.6540000000002,3.6404000000000014,71.69,1,7,10,3,33
489.6380000000002,4.239700000000003,65.9,1,7,10,3,33
489.6380000000002,4.239700000000003,65.9,1,7,10,3,33
451.5420000000002,3.6286000000000023,65.9,1,5,9,3,33
437.51500000000016,3.586100000000002,65.9,1,5,8,3,32
452.5300000000003,3.3454000000000024,68.74000000000001,1,7,7,3,33
453.5180000000003,2.740400000000001,81.63000000000001,1,8,7,3,33
466.5170000000003,2.3001000000000005,101.5,2,8,7,3,34
469.5170000000003,1.7111999999999998,101.86000000000001,2,9,7,3,34
469.5170000000003,1.7111999999999998,101.86000000000001,2,9,7,3,34
469.5170000000003,1.7111999999999998,101.86000000000001,2,9,7,3,34
498.5110000000003,1.5633999999999997,117.08000000000001,2,10,7,3,36
453.5140000000002,2.7056200000000006,85.73,2,7,7,3,33
508.3770000000002,3.7040000000000015,85.73,2,7,7,3,34
497.5230000000003,2.1684,104.19000000000001,2,9,7,3,36
511.5100000000003,1.1230999999999993,136.95,3,10,7,3,37
456.47400000000033,2.4076000000000004,96.85000000000001,1,9,7,3,33
466.34000000000026,4.548200000000004,65.5,1,6,7,3,31
455.48600000000033,3.012600000000001,83.96000000000001,1,8,7,3,33
469.4730000000003,1.9672999999999996,116.72000000000001,2,9,7,3,34
467.5410000000003,3.9448000000000025,85.73,2,7,7,3,34
478.3950000000002,5.480400000000004,67.27000000000001,2,5,7,3,32
467.5410000000003,3.9448000000000025,85.73,2,7,7,3,34
482.51600000000025,1.7105999999999995,133.51,3,9,7,3,35
509.53800000000035,2.2783999999999995,127.72000000000001,3,9,7,3,37
501.4900000000003,1.8832999999999995,127.72000000000003,3,9,7,3,36
485.4680000000003,1.6236,121.26000000000002,2,9,6,3,35
499.45500000000027,0.5782999999999995,154.01999999999998,3,10,6,3,36
515.5230000000003,1.2915999999999999,144.79000000000002,3,10,6,3,36
523.5650000000003,2.932500000000001,116.72000000000001,2,9,8,3,38
528.5710000000003,5.4432000000000045,82.89,2,5,8,3,38
528.5710000000003,5.443200000000005,82.89,2,5,8,3,38
528.5710000000003,5.4432000000000045,82.89,2,5,8,3,38
529.5590000000002,4.838200000000003,95.78,2,6,8,3,38
528.5710000000003,5.4432000000000045,82.89,2,5,8,3,38
492.59100000000024,5.1650000000000045,82.89,2,5,8,3,36
483.54000000000025,4.153000000000002,108.92,2,7,8,3,35
511.56900000000024,4.699100000000004,95.78000000000002,2,6,8,3,37
504.6490000000002,5.072600000000004,82.89,2,7,10,3,34
469.51700000000034,2.2313,101.86000000000001,2,9,7,3,34
525.5370000000004,1.7693,147.95,4,10,7,3,38
551.5310000000003,2.951500000000001,143.02000000000004,2,11,6,3,40
469.51700000000034,2.2313,101.86000000000001,2,9,7,3,34
525.5370000000004,1.7693,147.95,4,10,7,3,38
551.5310000000003,2.951500000000001,143.02000000000004,2,11,6,3,40
491.54800000000034,2.874100000000001,127.72000000000001,3,9,7,3,36
505.57500000000033,3.177100000000001,116.72000000000001,2,9,8,3,37
553.6410000000003,2.572,141.63,2,10,8,3,39
510.5120000000002,4.698000000000004,79.73,1,5,7,3,37
506.3910000000002,5.4512000000000045,67.27000000000001,2,5,7,3,32
506.3910000000002,5.4512000000000045,67.27000000000001,2,5,7,3,32
445.5630000000002,5.018140000000005,54.900000000000006,0,5,5,3,33
475.54900000000026,3.1685000000000016,107.49000000000001,2,8,7,3,35
505.36300000000017,4.116000000000003,67.35,1,5,6,3,32
460.91200000000015,4.006900000000003,67.35,1,5,6,3,32
534.373,3.8190000000000026,67.35,1,5,6,3,31
491.3800000000001,4.475800000000004,50.28,1,5,7,3,31
446.9290000000001,4.366700000000003,50.28,1,5,7,3,31
434.54000000000025,3.2063000000000015,68.74000000000001,1,7,7,3,32
473.3900000000001,4.336700000000004,50.28,1,5,7,3,30
444.4060000000001,5.346900000000005,37.39,1,4,7,3,30
520.3900000000001,4.178800000000003,50.28,1,5,7,3,30
433.55200000000025,3.811300000000003,55.85000000000001,1,6,7,3,32
447.5390000000002,2.766000000000001,88.61,2,7,7,3,33
433.55200000000025,4.690800000000004,65.5,1,6,7,3,32
443.4180000000002,6.831400000000006,34.15,1,3,7,3,30
432.56400000000025,5.295800000000005,52.61,1,5,7,3,32
446.5510000000002,4.250500000000002,85.37,2,6,7,3,33
450.49100000000027,3.1187000000000014,88.14000000000001,1,7,6,3,33
435.5240000000003,3.4273000000000025,74.73,1,7,7,3,32
437.49600000000027,2.873500000000001,83.96000000000001,1,8,7,3,32
447.36200000000014,5.014100000000004,52.61,1,5,7,3,30
412.9170000000001,4.360700000000003,52.61,1,5,7,3,29
436.50800000000027,3.478500000000002,71.07000000000001,1,7,7,3,32
450.49500000000023,2.4332000000000003,103.83000000000001,2,8,7,3,33
466.5630000000002,3.1465000000000014,94.60000000000001,2,8,7,3,33
449.51100000000037,3.0917000000000012,107.49000000000001,2,8,6,3,33
447.53500000000037,4.301700000000003,81.71000000000001,2,6,6,3,33
464.52200000000033,2.811600000000001,114.83000000000001,3,8,6,3,34
465.51000000000033,2.2066,127.72000000000001,3,9,6,3,34
464.52200000000033,2.811600000000001,114.83000000000001,3,8,6,3,34
465.51000000000033,2.2066,127.72000000000001,3,9,6,3,34
508.31900000000013,4.0355000000000025,82.57000000000001,1,6,6,3,32
463.86800000000017,3.926400000000002,82.57000000000001,1,6,6,3,32
537.3290000000001,3.738500000000002,82.57000000000001,1,6,6,3,31
494.3360000000001,4.395300000000003,65.5,1,6,7,3,31
506.34700000000015,5.046700000000004,73.34,1,5,6,3,32
461.8960000000002,4.937600000000004,73.34,1,5,6,3,32
535.3570000000001,4.749700000000004,73.34,1,5,6,3,31
492.36400000000015,5.406500000000005,56.27,1,5,7,3,31
510.58100000000024,5.3041000000000045,82.89,2,5,8,3,37
510.58100000000024,5.304100000000005,82.89,2,5,8,3,37
528.5710000000003,5.443200000000005,82.89,2,5,8,3,38
510.58100000000024,5.3041000000000045,82.89,2,5,8,3,37
492.59100000000024,5.1650000000000045,82.89,2,5,8,3,36
474.6010000000002,5.0259000000000045,82.89,2,5,8,3,35
492.59100000000024,5.1650000000000045,82.89,2,5,8,3,36
533.5520000000001,3.929000000000002,82.89,2,6,10,3,33
470.59100000000024,4.465000000000003,96.03000000000002,2,7,10,3,33
486.6590000000002,4.933500000000004,82.89,2,7,10,3,33
451.5270000000003,2.0922,101.86000000000001,2,9,7,3,33
449.55100000000033,3.302200000000002,76.08000000000001,2,7,7,3,33
456.54600000000016,4.8826000000000045,70.69,1,5,5,4,34
486.6590000000002,4.933500000000004,82.89,2,7,10,3,33
465.5140000000003,0.7801999999999998,123.50000000000001,2,9,7,3,34
364.445,3.6019000000000023,54.17999999999999,1,3,4,3,27
428.53600000000023,4.921300000000003,74.96000000000001,3,4,4,4,32
429.5240000000002,4.316300000000003,87.85000000000001,3,5,4,4,32
507.5580000000002,3.5654200000000014,135.36,3,8,5,6,38
342.4430000000001,3.289900000000001,70.25,2,4,7,2,25
407.5180000000001,3.426700000000001,107.67,3,5,5,3,30
506.62500000000017,6.661900000000008,22.34,0,2,4,5,39
380.4440000000002,3.0900000000000016,75.30000000000001,1,6,2,2,28
312.438,4.029000000000003,47.61,1,4,3,2,22
296.36999999999995,2.9648000000000003,56.84,1,4,3,2,22
312.438,3.681400000000002,47.61,1,4,3,2,22
293.36999999999995,3.366600000000001,59.97,1,4,3,2,22
312.43799999999993,4.029000000000003,47.61,1,4,3,2,22
323.396,2.754200000000001,67.92,1,4,3,2,24
298.41099999999994,3.6389000000000014,47.61,1,4,3,2,21
404.5140000000002,3.6052000000000017,80.28,1,5,4,2,30
363.461,3.7733000000000017,69.2,1,5,4,2,27
361.4700000000001,4.062300000000002,60.5,1,5,4,3,26
568.6700000000002,6.236320000000006,102.10000000000001,1,6,10,4,42
367.45200000000006,4.921800000000005,47.900000000000006,0,4,6,4,28
525.5440000000002,3.5321000000000025,118.89,1,7,5,5,39
471.60500000000036,4.686620000000003,65.18,0,5,6,4,35
472.59300000000036,4.081620000000003,78.07000000000001,0,6,6,4,35
514.6300000000006,3.8522200000000018,87.3,0,7,7,4,38
437.54400000000027,2.7902200000000015,74.41,0,6,6,3,32
479.6250000000004,3.6803000000000026,74.41,0,6,8,3,35
543.5590000000003,5.3853000000000035,136.05,3,7,6,5,40
314.337,3.3141000000000016,64.99000000000001,1,5,6,2,23
333.4130000000002,1.9465999999999999,84.66,2,6,3,1,23
371.41400000000004,2.851000000000001,81.69999999999999,1,6,7,2,26
504.59100000000035,2.030779999999999,114.28999999999999,1,7,7,3,37
504.59100000000035,2.158579999999999,128.28,1,7,7,3,37
526.5970000000003,2.2406800000000002,128.28,1,7,7,4,39
403.48600000000016,3.3832000000000013,84.58,1,6,5,3,30
428.941,5.287100000000005,51.66,0,5,6,3,29
370.438,2.3306200000000006,86.03,0,7,3,3,26
436.5120000000002,3.059000000000002,77.85,1,6,8,3,32
340.492,4.560800000000003,25.36,0,4,6,3,24
580.479,5.109600000000004,86.17000000000002,1,8,9,4,38
381.3940000000001,3.7814000000000023,41.93,1,4,5,2,27
594.5500000000002,6.006340000000007,76.94000000000001,1,7,10,4,39
594.5500000000003,6.006340000000007,76.94000000000001,1,7,10,4,39
540.6640000000003,5.1155200000000045,100.73,1,8,10,4,40
269.348,2.4503000000000004,51.38,1,4,3,2,20
410.51400000000024,2.985400000000001,82.03,3,5,5,2,30
425.55800000000016,3.5428200000000025,69.21000000000001,0,7,8,3,30
413.9490000000001,4.470200000000005,36.02,0,3,6,2,29
347.4590000000002,1.8123999999999993,63.69,1,5,6,1,25
570.6179999999999,7.423500000000007,41.57,1,3,7,2,40
387.911,3.765100000000003,36.02,0,3,8,2,27
485.63200000000023,4.615180000000004,83.17999999999999,1,5,9,3,36
423.5130000000002,3.2481800000000023,83.82000000000001,1,6,8,2,31
410.44500000000016,3.3351000000000015,71.78,1,5,5,3,30
457.03900000000004,6.817200000000007,34.59,0,5,7,3,31
422.59400000000005,6.163800000000007,34.59,0,5,7,3,30
339.4640000000001,3.4879000000000016,51.379999999999995,1,5,3,3,24
456.5860000000002,6.118020000000006,63.49,2,3,9,4,34
399.4680000000001,4.380100000000002,80.01,1,7,7,3,28
365.39700000000016,2.37392,116.91000000000001,2,8,6,4,27
314.4040000000001,3.0233000000000008,24.5,1,3,5,2,23
367.4240000000001,3.5916200000000025,39.52,0,4,6,3,27
394.51500000000016,3.524200000000002,42.010000000000005,0,4,5,2,29
451.60000000000014,2.973600000000001,72.20000000000002,0,8,8,3,32
572.559,5.707400000000006,77.84,1,7,6,3,41
471.0890000000003,4.853200000000005,22.190000000000005,0,5,10,2,33
466.6700000000003,4.208400000000004,31.420000000000005,0,6,11,2,34
373.45700000000016,0.5530000000000015,72.6,0,6,7,2,27
385.5520000000002,4.0854000000000035,36.02,0,3,7,1,28
371.4030000000001,3.211500000000002,36.02,0,3,5,1,26
346.47500000000014,1.9632,39.260000000000005,0,4,6,1,25
410.4360000000001,3.275900000000002,45.17,1,5,7,2,29
433.5160000000002,2.587600000000001,94.03999999999999,1,8,5,4,32
279.29900000000004,4.3644000000000025,67.07000000000001,1,5,3,3,21
389.43000000000006,4.638620000000004,55.629999999999995,1,3,5,4,29
390.41800000000006,4.033620000000003,68.52,1,4,5,4,29
418.5440000000001,3.0858000000000008,98.83,2,8,4,2,28
419.5320000000001,2.4808,111.72,2,9,4,2,28
422.48900000000026,2.0016999999999996,107.52999999999999,2,7,7,3,31
365.397,2.2181799999999994,134.76,3,8,8,3,27
544.6080000000001,4.318400000000003,94.39,0,6,6,4,39
374.41800000000006,1.9183000000000001,95.94000000000001,2,5,5,2,26
380.4880000000001,3.9295000000000027,64.78999999999999,1,4,6,2,28
545.7680000000004,5.723500000000006,61.88,1,4,7,2,40
477.4690000000003,4.0439000000000025,101.55000000000001,1,8,6,3,35
373.46800000000013,3.831000000000003,41.93000000000001,1,4,7,2,27
646.6480000000001,6.963800000000007,67.71000000000001,1,8,11,4,40
592.7620000000003,6.072980000000006,91.5,1,9,11,4,41
506.5250000000002,2.4696000000000007,103.79,3,6,7,2,36
530.551,3.0949000000000018,112.5,3,8,7,3,38
382.4240000000001,1.2605000000000002,141.17,4,7,5,3,28
419.52500000000026,4.0984200000000035,56.59,0,5,5,3,31
393.4870000000002,3.567420000000002,56.59,0,5,7,3,29
419.52500000000026,4.004800000000003,56.59,0,5,5,3,31
400.4640000000002,1.01836,145.13,2,7,5,2,28
389.48100000000017,1.51468,121.33999999999999,2,6,5,2,27
367.43100000000015,-0.2371999999999992,130.67,3,7,5,2,25
485.46200000000016,4.044800000000002,80.76,1,5,8,3,35
453.61200000000014,4.2493200000000035,69.21000000000001,0,7,7,3,32
370.5810000000002,4.845600000000005,15.71,0,3,6,1,27
457.59200000000027,4.386800000000004,65.07,0,6,5,2,32
431.5540000000002,3.855800000000003,65.07,0,6,7,2,30
445.58100000000024,4.245900000000003,65.07,0,6,7,2,31
445.5810000000002,4.2443000000000035,65.07,0,6,7,2,31
459.60800000000023,4.491900000000004,65.07,0,6,7,2,32
445.5810000000002,4.2443000000000035,65.07,0,6,7,2,31
431.5540000000002,3.855800000000003,65.07,0,6,7,2,30
431.5540000000002,3.855800000000003,65.07,0,6,7,2,30
369.42100000000016,3.1879000000000017,83.91999999999999,2,6,3,2,27
431.55400000000037,3.855800000000003,65.07000000000001,0,6,7,2,30
354.4500000000001,2.1396999999999995,61.8,2,4,6,2,26
421.48000000000013,2.7181000000000006,84.80999999999999,1,7,4,4,31
422.46800000000013,2.1131,97.69999999999999,1,8,4,4,31
421.48000000000013,2.7181000000000006,84.80999999999999,1,7,4,4,31
403.4900000000001,2.5790000000000006,84.80999999999999,1,7,4,4,30
421.48000000000013,2.7181000000000006,84.80999999999999,1,7,4,4,31
404.4780000000001,1.974,97.69999999999999,1,8,4,4,30
404.4780000000001,1.974,97.69999999999999,1,8,4,4,30
404.4780000000001,1.974,97.69999999999999,1,8,4,4,30
424.53400000000016,2.3439200000000007,97.69999999999999,1,9,4,4,30
449.5630000000002,2.5305,102.62999999999998,1,8,4,4,33
407.48200000000014,1.3124999999999993,102.62999999999998,1,8,4,4,30
424.53400000000016,2.3439200000000007,97.69999999999999,1,9,4,4,30
405.4660000000001,1.3689999999999996,110.58999999999999,1,9,4,4,30
445.9400000000001,2.0839,110.58999999999999,1,10,4,4,30
438.5610000000002,2.6523400000000015,97.69999999999999,1,9,4,4,31
442.56300000000016,4.356400000000004,42.64,0,3,6,4,33
430.5520000000001,3.5062000000000015,58.53,2,4,7,3,32
419.5250000000003,4.004800000000003,56.59,0,5,5,3,31
259.30800000000005,3.643200000000002,22.12,0,2,1,3,20
260.29600000000005,3.0382000000000016,35.010000000000005,0,3,1,3,20
419.5250000000003,4.0984200000000035,56.59,0,5,5,3,31
393.48700000000025,3.567420000000002,56.59,0,5,7,3,29
503.6870000000003,6.2190000000000065,67.45,1,5,10,3,37
407.51800000000014,3.426700000000001,107.67,3,5,5,3,30
360.41700000000003,3.779000000000001,83.06,3,5,6,4,27
325.45200000000006,4.6170000000000035,21.700000000000003,0,3,7,2,24
528.5570000000002,3.6320000000000014,131.12,3,8,9,3,36
377.44400000000013,3.3274000000000017,67.6,1,5,4,3,28
405.49800000000016,4.2485000000000035,67.6,1,5,4,3,30
875.4229999999994,8.871720000000005,132.26,1,12,16,7,62
489.6450000000003,5.037120000000004,69.21000000000001,0,7,8,4,35
447.4990000000003,2.4663999999999993,117.35,1,9,7,4,33
424.9720000000001,6.652500000000006,36.28,0,3,4,3,30
431.0010000000001,6.714000000000006,36.28,0,4,4,3,29
360.4130000000001,4.508220000000002,67.43,2,3,5,3,27
314.4040000000001,3.0233000000000008,24.5,1,3,5,2,23
314.4040000000001,3.0233000000000008,24.5,1,3,5,2,23
296.41400000000004,2.8842000000000008,24.5,1,3,5,2,22
314.4040000000001,3.0233000000000008,24.5,1,3,5,2,23
385.52300000000014,4.930800000000005,21.700000000000003,0,3,10,2,28
385.52300000000014,4.930800000000005,21.700000000000003,0,3,10,2,28
324.468,3.0980000000000016,15.71,0,3,7,2,24
354.4940000000001,3.106600000000002,24.94,0,4,8,2,26
406.5700000000002,4.533600000000003,41.57,1,3,7,2,30
485.63200000000023,4.615180000000004,83.17999999999999,1,5,9,3,36
315.38800000000003,3.736200000000002,30.49,1,3,7,2,23
521.4850000000002,5.253100000000004,62.24000000000001,1,5,9,2,35
451.6000000000001,2.973600000000001,72.20000000000002,0,8,8,3,32
489.4540000000001,5.038500000000004,53.010000000000005,1,4,9,2,31
455.60200000000015,5.825900000000006,37.71,0,4,8,4,34
443.5910000000001,4.694400000000004,44.81,1,4,9,3,33
444.3880000000001,2.4382,56.84,2,5,9,2,33
417.57500000000016,2.8843200000000015,61.88,1,5,9,2,29
422.52500000000015,4.091220000000003,55.150000000000006,0,6,8,3,31
367.4680000000001,4.070400000000003,31.5,1,3,6,3,27
410.43600000000004,3.275900000000002,45.17,1,5,7,2,29
433.5160000000002,2.587600000000001,94.03999999999999,1,8,5,4,32
389.43000000000006,4.638620000000003,55.629999999999995,1,3,5,4,29
390.41800000000006,4.033620000000002,68.52,1,4,5,4,29
338.4070000000002,4.076200000000003,67.43,2,3,5,2,25
386.8600000000001,4.735400000000003,63.5,2,4,4,3,26
417.4650000000002,3.708580000000002,100.44999999999999,2,7,7,3,31
437.4520000000002,3.7451000000000025,119.79999999999998,2,8,8,3,32
427.5450000000002,2.30804,74.27,2,6,9,2,31
406.482,3.738000000000002,75.74000000000001,3,5,10,4,30
543.6640000000001,4.344300000000002,100.13000000000001,3,6,9,3,40
499.6550000000003,4.8895000000000035,62.830000000000005,2,5,8,3,37
487.6000000000003,4.639300000000004,68.95,0,5,6,3,36
505.05800000000033,6.659300000000007,42.010000000000005,0,4,6,3,36
487.6000000000003,4.639300000000004,68.95,0,5,6,3,36
472.5890000000003,4.795900000000004,67.79,0,6,6,3,35
583.5120000000003,7.010900000000007,79.31,1,5,7,3,40
486.6160000000004,4.983100000000004,80.92,1,6,6,3,36
487.60000000000036,4.639300000000004,68.95,0,5,6,3,36
505.05800000000033,6.659300000000007,42.010000000000005,0,4,6,3,36
487.60000000000036,4.694200000000003,74.87,1,5,6,3,36
487.60000000000036,4.639300000000004,68.95,0,5,6,3,36
538.6520000000002,5.186000000000004,96.47,1,7,7,4,40
514.6220000000003,5.704100000000005,79.31,1,5,7,3,38
471.60100000000034,5.4009000000000045,54.900000000000006,0,5,6,3,35
486.6160000000004,4.983100000000004,80.92,1,6,6,3,36
471.60100000000034,5.4009000000000045,54.900000000000006,0,5,6,3,35
472.58900000000034,4.795900000000004,67.79,0,6,6,3,35
308.78600000000006,3.7932000000000032,43.370000000000005,0,3,4,2,20
542.485,4.408100000000004,88.17999999999999,1,6,6,2,35
545.7680000000004,5.723500000000007,61.88,1,4,7,2,40
569.6360000000001,3.9533200000000024,135.02,1,9,9,4,40
595.6740000000001,4.559420000000004,135.02,1,9,9,4,42
292.404,2.3770000000000002,56.84,1,5,2,1,20
493.0070000000003,4.6223000000000045,74.77000000000001,1,5,6,3,35
365.39700000000016,2.37392,116.91,2,8,6,4,27
366.3810000000002,2.34082,114.11,1,8,6,4,27
408.4580000000003,2.705700000000001,100.22,2,8,3,2,30
340.492,4.560800000000004,25.36,0,4,6,3,24
342.37800000000004,1.9118,76.37,2,6,4,3,25
342.378,1.9117999999999997,76.37,2,6,4,3,25
377.37000000000006,2.795000000000001,63.480000000000004,2,5,4,3,27
538.5700000000003,5.863920000000006,68.10000000000001,1,5,7,4,39
381.4320000000002,2.4850000000000003,88.19000000000001,1,7,2,2,28
372.42500000000024,2.657000000000001,117.46000000000002,3,7,5,2,27
418.2840000000001,3.700000000000003,73.14000000000001,0,5,3,3,28
380.398,3.445500000000001,59.400000000000006,1,5,4,3,28
515.4670000000002,3.632900000000003,91.04,1,5,8,4,37
392.423,2.0032799999999997,147.65,3,9,8,3,29
409.372,2.7603,123.86000000000001,3,8,8,3,29
375.82000000000005,2.3949,123.86000000000001,3,8,8,3,26
466.5020000000001,3.1791800000000006,159.96,3,10,9,3,34
406.4420000000001,2.1273,95.6,1,5,4,3,30
442.5190000000001,4.089400000000002,99.27,4,5,9,4,33
415.3710000000001,4.737900000000002,80.32,2,4,4,3,30
481.9150000000003,3.806200000000003,93.49000000000001,1,8,5,4,34
447.4700000000003,3.152800000000002,93.49000000000001,1,8,5,4,33
386.5610000000003,4.692600000000004,43.379999999999995,1,5,7,2,27
472.6330000000003,5.498900000000005,69.03999999999999,1,4,4,2,35
473.6210000000003,4.893900000000005,81.92999999999999,1,5,4,2,35
478.44600000000014,4.046120000000003,86.23,1,6,9,3,34
482.40900000000016,3.876800000000003,86.23,1,6,9,3,34
389.38100000000003,3.4325800000000015,97.17999999999999,1,6,4,2,28
353.401,3.187380000000001,97.17999999999999,1,6,3,2,26
406.48300000000006,2.4608000000000008,107.53,1,7,4,2,28
371.391,3.136980000000001,97.17999999999999,1,6,4,2,27
371.391,3.136980000000001,97.17999999999999,1,6,4,2,27
500.39900000000017,4.2870000000000035,86.23,1,6,9,3,35
474.4390000000002,3.3596000000000013,95.46000000000001,1,7,7,3,34
460.41200000000015,3.221800000000001,95.46000000000001,1,7,6,3,33
482.40900000000016,4.147900000000003,86.23,1,6,9,3,34
446.4290000000001,3.850900000000002,86.23,1,6,9,3,32
346.312,3.5766000000000018,59.93000000000001,1,5,5,3,25
378.329,4.317200000000002,59.93000000000001,1,5,5,3,27
310.332,3.2984000000000018,59.93000000000001,1,5,5,3,23
473.49300000000034,1.6279199999999991,126.30999999999997,1,7,5,4,35
488.5200000000002,4.028640000000002,128.51999999999998,2,9,5,3,34
407.35200000000015,2.587300000000001,111.72,2,7,4,2,29
377.3510000000001,1.7748,111.72,2,7,4,2,27
427.3580000000001,2.410100000000001,111.72,2,7,4,2,30
409.3680000000001,2.1129,111.72,2,7,5,2,29
467.4980000000002,1.9941,136.63,2,8,5,2,32
435.48100000000017,1.656,136.63,2,8,4,2,30
471.46100000000007,2.11087,134.13,3,7,5,2,32
453.4710000000001,1.8152699999999997,134.13,3,7,5,2,31
471.46100000000007,2.11087,134.13,3,7,5,2,32
453.4710000000001,1.8152699999999997,134.13,3,7,5,2,31
420.40800000000013,1.5790799999999998,144.09999999999997,2,8,4,3,31
420.40800000000013,1.5790799999999998,144.09999999999997,2,8,4,3,31
498.5190000000002,2.1989,131.51,2,10,5,3,35
381.39200000000017,1.4503,120.95,2,8,3,2,28
425.4450000000002,1.4652999999999994,130.18,2,9,3,2,31
409.4460000000002,2.2289000000000003,120.95,2,8,3,2,30
425.4450000000002,1.4652999999999994,130.18,2,9,3,2,31
420.52000000000015,1.8758,124.61,2,10,4,2,28
525.3780000000003,4.520300000000004,80.6,1,7,5,4,34
480.92700000000025,4.411200000000004,80.6,1,7,5,4,34
447.47000000000025,3.152800000000002,93.49,1,8,5,4,33
447.47000000000025,3.152800000000002,93.49,1,8,5,4,33
459.50600000000026,3.0223000000000013,102.72,1,9,6,4,34
480.9270000000003,4.411200000000004,80.6,1,7,5,4,34
481.9150000000003,3.8062000000000022,93.49,1,8,5,4,34
493.54900000000015,4.830900000000004,65.21,3,5,10,3,35
614.5120000000002,5.537200000000006,86.17000000000002,1,8,11,4,40
627.5360000000002,4.801700000000004,108.29,1,10,12,4,41
573.6500000000003,3.9108800000000024,132.08,1,11,12,4,42
494.53300000000013,4.797800000000004,62.410000000000004,2,5,10,3,35
828.3069999999999,4.764300000000005,182.32999999999998,3,10,13,2,56
532.5570000000002,5.013240000000004,121.24000000000001,1,10,5,5,38
384.4400000000001,0.9797199999999993,105.39999999999999,2,7,7,3,28
371.3970000000001,0.9223199999999996,111.39,2,7,7,3,27
475.54900000000026,3.1685000000000016,107.49000000000001,2,8,7,3,35
404.45900000000006,3.120120000000002,103.00999999999999,1,9,5,5,29
419.3950000000001,3.633400000000001,90.11999999999999,1,7,5,5,31
429.56100000000026,2.3172999999999995,72.92,1,6,5,1,31
520.5460000000003,2.057199999999999,136.90999999999997,2,9,7,3,38
452.9420000000001,3.506400000000002,76.46000000000001,1,5,5,3,32
446.51100000000025,1.8745999999999996,113.14000000000001,1,7,6,3,33
461.3930000000002,3.9661000000000026,59.39,1,5,7,3,31
432.52800000000025,2.2344,96.07,1,7,7,3,32
433.51600000000025,1.6293999999999997,108.96,1,8,7,3,32
448.52700000000027,1.9345799999999995,105.30000000000001,1,8,8,3,33
470.4950000000001,4.784800000000004,63.15,1,4,5,4,34
427.50800000000015,3.6376800000000022,86.94,1,5,5,4,32
442.5230000000002,3.3411000000000017,99.82999999999998,1,6,5,4,33
428.49600000000015,3.032680000000001,99.82999999999998,1,6,5,4,32
471.4830000000001,4.179800000000003,76.03999999999999,1,5,5,4,34
451.9580000000002,4.122820000000003,76.03999999999999,1,5,5,4,32
455.92100000000016,3.9535000000000027,76.03999999999999,1,5,5,4,32
437.93100000000015,3.8144000000000027,76.03999999999999,1,5,5,4,31
443.5110000000002,2.2836999999999996,103.07,1,7,5,4,33
472.4710000000001,3.1224000000000016,79.28,1,6,5,4,34
404.4740000000001,2.1036,79.28,1,6,5,4,30
482.51600000000025,1.3331999999999997,110.61,2,8,7,3,35
494.5520000000003,1.010100000000001,119.84,2,9,8,3,36
450.5180000000002,2.1823999999999995,96.07,1,7,7,3,33
462.55400000000026,1.8592999999999997,105.3,1,8,8,3,34
482.51600000000025,1.3331999999999997,110.61,2,8,7,3,35
506.5190000000003,1.667099999999999,136.90999999999997,2,9,6,3,37
507.5070000000003,1.0620999999999987,149.79999999999995,2,10,6,3,37
478.5530000000003,1.8068999999999997,133.39,3,8,7,3,35
478.5530000000003,1.8068999999999997,133.39,3,8,7,3,35
519.5580000000003,1.5938999999999988,136.83,3,9,6,3,38
433.51600000000025,1.6293999999999997,108.96000000000001,1,8,7,3,32
452.94600000000014,3.5178200000000013,88.93,1,6,5,4,32
338.3710000000001,2.30814,94.82,1,6,4,3,25
337.37900000000013,2.4700000000000006,78.96000000000001,1,6,2,2,25
381.4320000000002,2.4850000000000003,88.19000000000001,1,7,2,2,28
393.44300000000027,2.629100000000001,88.19000000000001,1,7,2,2,29
367.40500000000014,2.0949,88.19000000000001,1,7,2,2,27
445.51900000000023,4.876300000000003,88.19000000000001,1,7,4,3,33
367.40500000000014,2.30457,85.69000000000001,2,6,2,2,27
419.4880000000001,5.374500000000005,72.82000000000001,1,6,6,5,32
652.4450000000002,5.275600000000004,121.32000000000002,1,7,7,6,45
382.3820000000001,3.176400000000001,54.82,1,5,5,2,27
266.3,3.336000000000001,48.150000000000006,0,4,4,3,20
357.41300000000007,4.607600000000002,67.00999999999999,2,4,6,4,27
428.403,2.11908,133.66,3,9,8,3,31
392.423,1.8738799999999995,133.66,3,9,7,3,29
392.423,2.0032799999999997,147.65,3,9,8,3,29
396.386,1.5758799999999995,133.66,3,9,7,3,29
378.3960000000001,1.4837799999999994,133.66,3,9,7,3,28
366.385,1.6131799999999996,147.65,3,9,8,3,27
380.41200000000003,2.0016799999999995,147.65,3,9,8,3,28
380.41200000000003,2.0016799999999995,147.65,3,9,8,3,28
380.41200000000003,1.8591799999999996,147.65,3,9,8,3,28
384.37500000000006,1.5611799999999996,147.65,3,9,8,3,28
382.38400000000007,0.5839799999999999,167.87999999999997,4,10,8,3,28
408.422,1.2527799999999998,142.89,3,10,7,3,30
410.413,1.9659799999999996,133.66,3,9,7,3,30
380.41200000000003,1.8591799999999996,147.65,3,9,8,3,28
384.37500000000006,1.5611799999999996,147.65,3,9,8,3,28
392.423,1.8738799999999995,133.66,3,9,7,3,29
408.422,1.2527799999999998,142.89,3,10,7,3,30
410.413,1.9659799999999996,133.66,3,9,7,3,30
406.45,2.53428,147.65,3,9,6,3,30
392.423,2.1441799999999995,147.65,3,9,6,3,29
408.422,0.9871799999999997,153.89,4,10,7,3,30
392.423,1.8722799999999995,133.66,3,9,7,3,29
404.434,2.0000799999999996,147.65,3,9,6,3,30
457.5300000000002,2.773480000000001,98.83999999999999,2,7,5,3,34
514.5520000000001,3.9909000000000026,92.27,2,7,7,3,37
490.52600000000024,3.3656000000000015,83.56,2,5,7,2,35
481.9150000000003,3.806200000000003,93.49000000000001,1,8,5,4,34
465.46000000000026,3.291900000000002,93.49000000000001,1,8,5,4,34
463.9250000000003,3.6671000000000022,93.49000000000001,1,8,5,4,33
447.47000000000025,3.152800000000002,93.49000000000001,1,8,5,4,33
537.1030000000003,7.5352000000000094,45.59,1,4,9,5,39
463.61100000000033,5.2817200000000035,82.67999999999999,1,7,5,4,33
407.50300000000016,3.6736200000000023,82.67999999999999,1,7,5,4,29
479.6100000000003,4.297620000000004,102.91000000000001,2,8,7,4,34
475.5000000000002,4.698920000000003,82.67999999999999,1,7,6,4,33
439.5200000000002,4.106120000000002,82.67999999999999,1,7,7,4,31
453.54700000000025,4.496220000000003,82.67999999999999,1,7,7,4,32
451.55600000000027,3.519020000000002,102.91000000000001,2,8,7,4,32
447.39600000000013,4.281320000000003,82.68000000000002,1,6,5,4,32
447.39600000000013,4.281320000000003,82.68000000000002,1,6,5,4,32
454.4560000000001,4.787320000000005,70.65,0,5,4,4,33
482.5400000000002,2.6451600000000006,122.63000000000001,2,8,5,3,36
402.5240000000003,2.2748,101.8,2,8,5,3,28
374.4700000000002,1.4598199999999995,101.8,2,8,4,3,26
423.90400000000005,4.0390200000000025,73.56,1,6,5,3,30
389.4150000000001,3.353220000000001,86.7,1,7,4,4,29
457.8360000000002,4.206400000000004,92.62,1,6,8,2,31
420.39500000000015,1.5389900000000005,94.44000000000001,2,6,3,2,30
375.8120000000002,2.5757000000000003,89.55000000000001,2,5,6,2,26
355.7850000000001,3.0248800000000013,103.69,2,6,4,3,25
495.6500000000004,2.2752000000000008,134.35999999999999,3,9,9,2,34
428.4710000000001,5.020720000000004,69.78999999999999,1,5,5,5,32
557.6940000000002,6.762080000000008,78.61,1,6,10,5,42
561.5360000000004,4.326400000000003,107.49000000000001,2,8,7,3,40
511.5290000000003,3.4467000000000017,107.49000000000001,2,8,7,3,37
500.5590000000003,3.040180000000001,131.28,2,9,7,3,37
509.99400000000026,3.821900000000002,107.49000000000001,2,8,7,3,36
493.53900000000027,3.3076000000000016,107.49000000000001,2,8,7,3,36
519.6450000000002,6.176100000000006,78.18,2,6,9,5,39
550.4970000000003,5.6893200000000075,67.71000000000001,1,6,9,4,36
557.5290000000003,6.794740000000007,45.59,1,5,8,4,35
567.5030000000004,5.577400000000005,61.720000000000006,1,6,9,4,37
642.6410000000002,6.544800000000007,76.94,1,9,10,4,40
555.5160000000003,7.1305000000000085,45.59,1,4,8,5,37
659.6720000000003,6.228300000000007,89.83000000000001,1,10,12,4,41
580.5230000000004,5.697920000000005,76.94000000000001,1,7,10,4,38
496.61100000000033,4.798500000000004,91.5,1,7,9,4,37
576.7630000000003,6.372800000000007,82.27,1,8,10,4,40
588.7550000000003,5.653980000000006,100.73,1,10,10,4,41
547.6990000000003,6.069800000000007,65.89999999999999,1,5,9,5,41
520.6290000000002,6.066200000000005,82.89,2,5,9,5,39
490.6470000000003,6.676420000000007,45.59,1,4,8,5,37
532.6840000000002,6.499500000000007,62.660000000000004,1,5,10,5,40
533.7160000000002,6.429600000000008,48.830000000000005,1,5,10,5,40
505.66200000000026,5.826700000000006,71.61,2,5,9,5,38
506.6460000000003,5.860300000000005,65.82,2,5,9,5,38
511.0650000000003,7.021400000000009,45.59,1,4,8,5,37
586.7430000000002,5.883300000000005,121.89000000000001,3,8,12,5,41
588.7150000000003,5.543200000000005,132.13,2,10,12,5,41
419.4770000000002,4.998340000000003,85.72000000000001,1,5,7,3,31
476.6200000000003,6.368000000000007,45.59,1,4,8,5,36
464.4190000000001,3.9083200000000025,86.23,1,6,8,3,33
675.5820000000003,7.954020000000005,111.08000000000001,1,7,8,4,48
557.5790000000002,4.227820000000002,138.54999999999998,2,9,7,4,39
428.464,3.9826200000000025,106.46000000000001,2,7,10,3,31
898.0020000000001,7.880920000000008,198.87999999999997,3,12,21,5,64
543.5520000000002,3.837720000000002,138.54999999999998,2,9,7,4,38
743.5790000000003,8.97282,111.08,1,7,8,4,52
712.5650000000004,9.569219999999996,88.96000000000001,1,5,7,4,50
713.5530000000003,8.964220000000001,101.85000000000001,1,6,7,4,50
713.5530000000003,8.964220000000001,101.85000000000001,1,6,7,4,50
714.5410000000004,8.359220000000004,114.74,1,7,7,4,50
348.45,3.7272000000000025,51.14,0,5,5,3,26
492.5390000000004,3.5433800000000018,112.30999999999997,0,7,4,4,37
535.5260000000004,4.6905000000000046,88.51999999999998,0,6,4,4,39
464.52900000000034,3.626680000000002,95.23999999999998,0,7,4,4,35
507.5160000000003,4.773800000000004,71.44999999999999,0,6,4,4,37
460.4560000000001,4.159320000000003,86.23,1,6,9,3,33
480.87400000000014,4.504300000000003,86.23,1,6,9,3,33
464.4190000000001,3.990000000000003,86.23,1,6,9,3,33
512.4350000000001,4.452300000000003,95.46000000000001,1,7,11,3,36
474.4390000000002,3.3596000000000013,95.46000000000001,1,7,7,3,34
477.41400000000016,3.965900000000002,82.57000000000001,1,6,6,3,34
460.41200000000015,3.221800000000001,95.46000000000001,1,7,6,3,33
474.4390000000002,3.611900000000001,95.46000000000001,1,7,7,3,34
482.40900000000016,4.147900000000003,86.23,1,6,9,3,34
446.4290000000001,3.850900000000002,86.23,1,6,9,3,32
303.28600000000006,-1.2701299999999993,191.8,5,9,3,2,22
385.4320000000003,0.5280700000000003,169.01999999999998,4,9,4,2,28
518.5250000000003,3.1095000000000015,102.16000000000001,0,9,5,4,36
496.51900000000035,2.5731400000000004,102.16000000000001,0,9,5,3,34
456.5070000000003,1.5843999999999996,140.41000000000003,2,10,10,3,33
420.4760000000001,4.769500000000003,85.71000000000001,1,7,6,5,32
423.5570000000002,3.4788000000000023,75.55,1,5,2,1,31
431.2900000000001,2.2455,75.63,0,5,4,2,27
432.38300000000015,1.8044999999999998,94.09,0,7,4,2,31
440.52500000000015,3.2479200000000024,95.34000000000002,1,6,7,3,31
511.6480000000003,2.4672,96.89,1,8,7,2,36
481.9150000000003,3.8062000000000022,93.49000000000001,1,8,5,4,34
410.331,3.2584000000000017,94.82000000000001,1,6,5,3,29
472.95200000000034,4.605300000000004,82.61999999999999,2,6,5,3,33
493.54900000000015,4.830900000000004,65.21,3,5,10,3,35
422.44100000000014,1.7473999999999992,104.82999999999998,1,6,5,3,31
494.53300000000013,4.797800000000004,62.410000000000004,2,5,10,3,35
520.5520000000002,2.7780200000000006,103.78999999999999,3,6,7,2,37
558.5660000000001,5.294800000000003,110.27999999999999,2,6,1,5,40
559.5540000000002,4.689800000000003,123.16999999999999,2,7,1,5,40
560.5420000000001,4.084800000000002,136.06,2,8,1,5,40
548.6240000000003,5.285100000000004,101.48999999999998,1,6,1,5,40
529.6220000000003,4.066000000000003,113.51999999999998,2,7,1,4,38
530.6100000000004,3.461000000000002,126.40999999999998,2,8,1,4,38
526.5780000000002,3.7131000000000025,128.1,2,7,1,5,38
515.5550000000002,2.8126000000000007,132.51,2,7,1,5,37
516.5430000000002,2.2076000000000002,145.4,2,8,1,5,37
516.5430000000002,2.2076000000000002,145.39999999999998,2,8,1,5,37
527.5660000000003,3.108100000000002,140.99,2,8,1,5,38
523.5740000000002,4.411600000000003,123.16999999999999,2,7,1,5,38
540.5760000000001,5.155700000000004,110.27999999999999,2,6,1,5,39
522.5860000000002,5.016600000000003,110.27999999999999,2,6,1,5,38
523.5740000000002,4.411600000000003,123.16999999999999,2,7,1,5,38
512.5510000000002,3.5111000000000017,127.57999999999998,2,7,1,5,37
523.5740000000002,4.411600000000003,123.16999999999999,2,7,1,5,38
529.6030000000002,4.473100000000003,123.16999999999999,2,8,1,5,37
532.6070000000002,3.4964000000000013,127.57999999999998,2,8,1,5,37
540.5760000000001,5.155700000000004,110.27999999999999,2,6,1,5,39
523.5740000000002,4.411600000000003,123.16999999999999,2,7,1,5,38
524.5620000000001,3.806600000000002,136.06,2,8,1,5,38
512.5510000000002,3.5111000000000017,127.57999999999998,2,7,1,5,37
513.5390000000002,2.9061000000000012,140.47,2,8,1,5,37
513.5390000000002,2.9061000000000012,140.46999999999997,2,8,1,5,37
513.5390000000002,3.1347000000000014,151.85,3,8,1,5,37
524.5620000000002,3.806600000000002,136.06,2,8,1,5,38
530.5910000000002,3.868100000000002,136.06,2,9,1,5,37
533.5950000000001,2.891400000000001,140.47,2,9,1,5,37
452.5150000000003,1.2204999999999993,103.63000000000001,1,9,7,3,33
453.5030000000003,0.6154999999999999,116.52000000000001,1,10,7,3,33
452.5110000000003,2.01652,105.08999999999999,1,8,5,2,33
392.423,1.8738799999999995,133.66,3,9,7,3,29
392.423,2.0032799999999997,147.65,3,9,8,3,29
408.422,0.8462799999999999,153.89,4,10,8,3,30
394.39500000000004,0.5986799999999997,153.89,4,10,7,3,29
366.385,1.6131799999999996,147.65,3,9,8,3,27
420.51300000000026,3.3998000000000017,69.47999999999999,0,6,5,3,31
471.50400000000025,3.8800000000000026,104.39999999999999,1,6,6,2,34
503.5940000000002,5.2663000000000055,56.07000000000001,0,6,8,3,35
448.4870000000003,1.8614,130.24,1,10,7,4,33
430.46800000000013,1.7375799999999995,113.13999999999999,1,7,7,3,32
392.341,3.119300000000001,94.82000000000001,1,6,5,3,28
340.492,4.560800000000004,25.36,0,4,6,3,24
526.9310000000003,3.480800000000002,116.35,1,8,6,4,37
508.94100000000026,3.341700000000002,116.35,1,8,6,4,36
492.4860000000003,2.827400000000001,116.35,1,8,6,4,36
490.95100000000025,3.2026000000000012,116.35,1,8,6,4,35
474.49600000000027,2.688300000000001,116.35,1,8,6,4,35
474.49600000000027,2.688300000000001,116.35,1,8,6,4,35
499.9050000000003,3.945300000000003,93.49000000000001,1,8,5,4,35
481.9150000000003,3.806200000000003,93.49000000000001,1,8,5,4,34
465.46000000000026,3.291900000000002,93.49000000000001,1,8,5,4,34
463.9250000000003,3.6671000000000022,93.49000000000001,1,8,5,4,33
447.47000000000025,3.152800000000002,93.49000000000001,1,8,5,4,33
482.90300000000025,3.201200000000002,106.38000000000001,1,9,5,4,34
465.46000000000026,3.291900000000002,93.49000000000001,1,8,5,4,34
447.47000000000025,3.152800000000002,93.49000000000001,1,8,5,4,33
343.858,3.642700000000003,38.25000000000001,0,4,6,2,24
327.40299999999996,3.128400000000002,38.25000000000001,0,4,6,2,24
309.41299999999995,2.989300000000002,38.25000000000001,0,4,6,2,23
592.6560000000002,4.870240000000004,129.06,1,8,7,4,44
481.9150000000003,3.806200000000003,93.49000000000001,1,8,5,4,34
465.46000000000026,3.291900000000002,93.49000000000001,1,8,5,4,34
337.46700000000004,3.8587200000000035,38.25000000000001,0,4,6,2,25
341.43,3.6894000000000027,38.25000000000001,0,4,6,2,25
323.44,3.5503000000000027,38.25000000000001,0,4,6,2,24
481.9150000000003,3.806200000000003,93.49000000000001,1,8,5,4,34
465.46000000000026,3.291900000000002,93.49000000000001,1,8,5,4,34
605.6210000000001,6.606900000000007,104.22,0,9,7,5,44
375.3790000000002,2.4949400000000006,81.93,1,5,6,3,27
357.3890000000001,2.1993400000000003,81.93,1,5,6,3,26
355.39800000000014,1.2221399999999993,102.16000000000001,2,6,6,3,26
343.3620000000001,1.89092,81.93,1,5,6,3,25
393.411,1.3982799999999997,160.54,3,10,8,3,29
367.37300000000005,1.0081799999999999,160.54,3,10,8,3,27
405.42200000000014,2.1575999999999995,125.53000000000002,1,8,6,4,30
340.38700000000006,2.5204000000000004,86.86,1,5,5,3,25
341.37500000000006,1.9154,99.75000000000001,1,6,5,3,25
568.4800000000004,3.4475000000000016,116.22999999999998,3,8,7,4,37
503.61100000000033,2.9934200000000013,116.22999999999998,3,8,7,4,37
524.0290000000003,3.338400000000002,116.22999999999998,3,8,7,4,37
507.57400000000035,2.8241000000000005,116.22999999999998,3,8,7,4,37
489.5840000000003,2.6850000000000005,116.22999999999998,3,8,7,4,36
466.9330000000001,3.5768000000000013,102.47,1,7,5,4,33
466.9330000000001,3.5768000000000013,102.47,1,7,5,4,33
453.45100000000014,4.570500000000004,80.25000000000001,0,8,5,5,32
453.45100000000014,4.570500000000004,80.25000000000001,0,8,5,5,32
532.9630000000003,4.354400000000004,106.38000000000001,1,9,5,5,38
495.94200000000035,4.114620000000003,93.49000000000001,1,8,5,4,35
516.3600000000004,4.459600000000004,93.49000000000001,1,8,5,4,35
481.9150000000003,3.8062000000000022,93.49000000000001,1,8,5,4,34
495.52100000000013,4.192800000000003,75.3,2,6,10,3,35
508.94100000000026,3.341700000000002,116.35,1,8,6,4,36
481.9150000000003,3.806200000000003,93.49000000000001,1,8,5,4,34
447.47000000000025,3.152800000000002,93.49000000000001,1,8,5,4,33
458.5400000000003,2.07802,105.08999999999999,1,9,5,2,32
396.3970000000001,2.2620000000000005,68.50999999999999,1,5,4,3,29
530.038,3.931300000000001,137.04000000000002,3,9,4,3,35
530.0380000000001,3.9313000000000002,137.04,3,9,4,3,35
487.8620000000001,5.972970000000003,92.14000000000001,2,5,5,3,32
398.48800000000006,2.4952000000000005,88.17999999999999,1,6,4,3,28
441.55700000000013,2.0847999999999995,100.21,2,7,4,3,31
442.54100000000017,2.5118,97.41,1,7,4,3,31
470.5510000000005,2.2728,106.64000000000001,1,8,3,3,33
451.4260000000001,3.3099000000000016,89.46000000000001,0,6,4,3,31
495.6050000000004,3.2416800000000023,136.02,2,6,6,2,35
481.6220000000004,3.715080000000003,118.94999999999999,2,6,7,2,34
526.0630000000003,0.4820000000000022,146.54,3,9,8,2,35
439.4150000000001,3.215300000000001,98.25,1,6,6,3,30
581.0690000000002,6.139100000000005,106.35000000000001,2,8,11,5,40
469.0110000000003,1.3658000000000006,117.44000000000001,2,8,6,2,31
398.48800000000006,2.5371000000000006,88.17999999999999,1,6,4,3,28
485.54100000000005,3.307900000000001,113.52,2,7,6,3,34
426.52000000000004,0.8962999999999999,118.55999999999999,1,8,6,2,28
372.45,2.0061,88.17999999999999,1,6,4,3,26
373.438,1.4010999999999998,101.07,1,7,4,3,26
372.45,2.0061,88.17999999999999,1,6,4,3,26
373.438,1.4010999999999993,101.07000000000001,1,7,4,3,26
367.38700000000006,0.09809999999999969,127.52,1,9,5,2,25
428.5540000000002,2.9045000000000005,89.69999999999999,1,5,7,2,30
384.807,2.6510000000000007,66.48,1,3,6,1,24
318.4420000000002,2.3534000000000006,49.410000000000004,1,3,4,2,22
304.41500000000013,1.9632999999999998,49.410000000000004,1,3,4,2,21
304.41500000000013,1.9632999999999998,49.410000000000004,1,3,4,2,21
330.45300000000015,2.4771,49.410000000000004,1,3,5,2,23
381.4210000000001,1.1822599999999999,131.45999999999998,1,6,4,3,27
356.4110000000001,1.3105799999999999,107.67,1,5,4,3,25
475.6180000000003,4.157700000000003,93.88,3,4,4,4,34
535.4970000000001,5.073400000000004,76.46000000000001,1,5,5,3,35
482.61000000000035,2.2310999999999996,109.34,2,8,6,3,34
500.60000000000036,2.3701999999999996,109.34,2,8,6,3,35
369.5310000000003,1.1349000000000005,60.93000000000001,0,4,3,0,25
511.6730000000003,3.8965000000000023,108.63,2,7,5,3,35
478.5490000000004,3.313480000000002,94.37,0,5,4,3,34
521.6180000000004,3.153080000000002,97.61000000000001,0,6,4,3,37
508.00800000000027,0.335700000000002,135.07999999999998,1,10,5,3,34
473.5630000000003,-0.31769999999999654,135.07999999999998,1,10,5,3,33
513.6490000000003,2.1483999999999996,107.55000000000001,1,9,5,4,35
528.6940000000002,2.147100000000001,64.17000000000002,0,5,7,2,37
496.5970000000004,1.1863999999999997,111.96000000000001,1,8,5,4,35
474.5510000000004,-0.9226999999999965,147.96999999999997,1,11,5,3,33
508.9960000000003,-0.26929999999999743,147.97000000000003,1,11,5,3,34
474.5510000000003,-0.9226999999999959,147.97000000000003,1,11,5,3,33
483.59800000000035,1.1737000000000004,112.58000000000001,2,9,6,3,34
501.58800000000036,1.3127999999999993,112.58000000000001,2,9,6,3,35
452.5150000000002,2.7032000000000007,84.22000000000001,0,6,4,4,32
458.9750000000003,2.9749000000000008,84.22,0,6,3,3,31
282.3210000000001,0.4803999999999996,86.71000000000001,2,4,3,1,19
571.5930000000001,3.4669000000000008,105.76,3,7,9,2,39
415.91400000000027,3.7637000000000027,72.47,1,4,5,1,27
380.19900000000007,3.628000000000002,63.24,1,3,3,2,23
410.225,3.540000000000002,72.47,1,4,5,2,25
396.1980000000001,3.753300000000001,72.47,1,4,4,2,24
344.21900000000005,3.349800000000002,63.24,1,3,3,2,21
428.8190000000001,4.2634000000000025,76.13,1,4,3,3,28
444.81800000000004,4.388700000000003,85.36,1,5,4,3,29
482.99700000000024,3.653900000000003,93.01,1,6,5,4,33
492.0050000000002,1.3157000000000008,146.1,4,7,7,3,33
557.61,3.9403000000000024,88.69000000000001,3,6,10,2,38
506.03200000000027,1.7058000000000006,146.1,4,7,8,3,34
441.98900000000026,1.1030000000000006,120.24000000000001,3,7,9,2,29
408.52400000000017,0.26138000000000194,94.90000000000002,1,7,9,1,28
394.4970000000001,-0.12871999999999773,94.90000000000002,1,7,8,1,27
570.6280000000003,0.9320800000000007,171.97999999999996,3,10,11,2,40
557.0720000000002,2.3978,109.22,2,6,9,4,38
423.62900000000025,3.978200000000003,71.09,2,6,5,2,27
543.0450000000002,2.3552999999999997,109.22,2,6,8,4,37
488.5360000000002,1.6543999999999999,119.22,4,6,7,2,33
508.57900000000035,3.7184000000000017,121.89,3,7,6,4,36
427.35300000000007,4.127100000000003,75.27,2,3,8,2,27
430.3570000000001,3.525800000000002,87.3,3,4,9,2,27
416.37400000000014,3.999200000000002,70.23,3,4,10,2,26
883.058,6.121200000000007,200.67,5,11,19,5,62
785.8530000000002,5.172700000000006,197.86999999999995,4,11,12,5,55
590.6400000000001,3.0021000000000013,186.87,2,11,13,4,40
418.3460000000001,3.445400000000001,79.46000000000001,3,5,10,2,26
577.4520000000003,5.266800000000004,78.87,2,5,12,3,37
539.4810000000003,4.555100000000005,99.10000000000001,3,6,12,3,35
523.4820000000003,4.8495000000000035,78.87,2,5,12,3,34
541.4720000000003,4.988600000000004,78.87,2,5,12,3,35
539.4810000000003,4.555100000000004,99.10000000000001,3,6,12,3,35
439.96500000000015,2.2734000000000005,82.11,2,6,8,2,29
433.3570000000002,2.9369000000000014,87.66000000000001,3,5,10,2,27
416.90200000000016,2.4226,87.66000000000001,3,5,10,2,27
398.91200000000015,2.2835,87.66000000000001,3,5,10,2,26
400.4470000000001,1.9083,87.66000000000001,3,5,10,2,27
456.5240000000003,2.636800000000001,114.63000000000001,1,8,5,3,32
467.59100000000035,3.137780000000002,102.66000000000001,2,6,3,2,33
467.59100000000035,3.137780000000002,102.66000000000001,2,6,3,2,33
410.4210000000001,2.4923,90.01,2,4,3,3,28
376.4370000000001,3.7867000000000015,76.13,1,4,3,4,27
447.53500000000014,5.028800000000004,71.95,1,4,7,4,32
445.5010000000001,3.3782000000000014,116.83999999999999,3,6,6,4,30
427.5110000000001,3.2391000000000005,116.83999999999999,3,6,6,4,29
448.52300000000014,4.346200000000003,84.84,1,5,7,4,32
407.5380000000002,3.110100000000001,94.3,1,6,5,3,26
408.5260000000002,2.5051000000000005,107.19,1,7,5,3,26
451.4830000000002,2.7772000000000006,106.83999999999999,1,6,5,4,32
453.56400000000025,2.0349799999999996,90.71000000000001,0,7,7,2,32
425.44500000000005,2.2881,106.83999999999999,1,6,5,4,30
435.50900000000007,2.9270000000000005,101.07000000000001,1,7,4,4,31
493.56400000000036,3.7504000000000026,109.86000000000001,2,7,5,4,35
427.5070000000001,2.870300000000001,98.46999999999998,0,6,4,4,29
460.5150000000002,2.743400000000001,111.02000000000001,1,6,5,4,33
479.5080000000002,4.377000000000003,72.27000000000001,0,4,4,4,34
480.4960000000002,3.772000000000002,85.16000000000001,0,5,4,4,34
393.39000000000004,3.815100000000002,85.94,1,5,3,3,27
393.39000000000004,3.815100000000002,85.94,1,5,3,3,27
394.37800000000004,3.2101000000000006,98.83,1,6,3,3,27
369.40600000000006,2.3999000000000006,102.39,1,7,5,4,26
453.5450000000002,3.4029000000000016,98.46999999999998,0,6,5,4,31
470.57600000000025,2.5893000000000006,124.48999999999998,1,7,7,4,32
426.5190000000001,3.4753000000000016,85.57999999999998,0,5,4,4,29
427.5070000000001,2.870300000000001,98.46999999999998,0,6,4,4,29
452.55700000000024,4.007900000000003,85.57999999999998,0,5,5,4,31
453.54500000000024,3.4029000000000025,98.46999999999998,0,6,5,4,31
426.5190000000002,3.4753000000000025,85.57999999999998,0,5,4,4,29
460.93900000000014,5.7508000000000035,73.06,0,6,5,4,30
441.9610000000001,6.216700000000004,60.17,0,5,5,4,29
519.4060000000001,2.881800000000002,119.73,1,8,6,4,31
458.9670000000001,5.886500000000004,51.96,0,4,5,4,30
466.56300000000016,3.585200000000002,105.4,1,6,5,3,33
454.4990000000002,2.0606,119.38999999999999,1,7,7,2,31
436.5090000000002,1.9214999999999998,119.38999999999999,1,7,7,2,30
453.9670000000002,4.802100000000004,99.08,1,6,7,2,30
443.9280000000002,3.384400000000002,119.31,2,7,7,2,29
513.3780000000003,3.524700000000002,94.39000000000001,0,7,5,3,33
511.64400000000046,2.974800000000001,87.22999999999999,0,6,6,2,36
525.6710000000005,3.3649000000000022,87.22999999999999,0,6,6,2,37
499.6330000000005,2.8339000000000008,87.22999999999999,0,6,8,2,35
421.30500000000006,4.7112000000000025,76.13,1,4,4,3,27
396.50899999999996,3.9883000000000033,76.13,1,5,6,2,26
565.1320000000002,3.486900000000002,107.38,2,7,10,2,38
417.5310000000001,2.4011000000000005,83.76,0,6,8,2,29
513.6670000000003,4.478780000000004,91.02,1,6,8,4,37
504.5340000000002,3.8064000000000027,75.51,0,5,4,3,35
505.5220000000002,3.2014000000000022,88.4,0,6,4,3,35
485.45900000000023,3.004380000000002,90.71000000000001,0,6,5,2,33
457.5270000000002,2.8520800000000017,90.71000000000001,0,6,6,2,32
455.51100000000014,3.359700000000003,81.50000000000001,0,5,6,3,32
436.96500000000015,3.2501000000000024,85.28000000000002,0,7,7,2,29
383.34700000000004,3.2888800000000016,87.39,1,5,3,2,26
467.975,2.8618000000000006,129.48000000000002,3,7,8,2,31
407.923,3.8361000000000027,89.02,1,5,6,2,27
568.4790000000003,2.8725000000000005,128.79999999999998,3,7,8,3,37
563.4760000000001,3.728080000000002,127.57000000000001,2,6,6,2,38
540.4380000000001,2.4166,124.01,3,6,5,2,36
510.41200000000003,3.054100000000001,103.78000000000002,2,5,5,2,34
515.5920000000003,0.7956000000000012,130.17000000000002,2,9,7,2,36
532.095,3.086800000000001,154.11,3,10,4,3,35
354.35300000000007,3.5069000000000026,51.96,0,3,3,3,24
395.4060000000001,2.524300000000001,77.98,1,4,2,3,27
400.2870000000001,3.0624000000000002,98.21,2,5,4,3,25
228.298,1.2820000000000003,73.05,1,5,1,2,14
515.6610000000005,2.3271800000000002,123.47,1,8,5,2,35
427.5260000000003,1.81588,122.28,2,6,6,2,30
462.53100000000023,2.6736000000000013,104.86999999999999,1,6,4,4,33
427.5070000000001,2.870300000000001,98.46999999999998,0,6,4,4,29
302.359,1.7249999999999999,80.64,1,4,4,3,21
349.39100000000013,1.4276,82.67,0,5,6,3,24
347.40000000000015,0.45039999999999975,102.9,1,6,6,3,24
525.6710000000005,3.3649000000000022,87.22999999999999,0,6,6,2,37
499.6330000000005,2.8339000000000016,87.22999999999999,0,6,8,2,35
615.4910000000003,4.767300000000004,133.99,2,6,7,4,41
529.6700000000003,3.6834000000000024,121.1,2,8,3,4,38
413.90600000000023,3.0980000000000008,110.0,3,7,5,2,27
462.55600000000015,4.5023000000000035,86.45,0,7,6,5,32
431.90500000000026,2.5326000000000004,91.9,0,6,5,4,29
476.5230000000002,4.136400000000003,84.5,2,6,4,2,30
466.4320000000001,2.0729999999999995,90.45,1,6,3,2,31
398.4350000000001,1.1421,90.45,1,6,3,2,27
289.22300000000007,3.020500000000001,24.39,1,3,2,1,14
3825.680999999989,-7.212260000000035,1445.749999999999,53,53,75,9,263
437.01300000000015,2.6842000000000015,83.3,2,7,6,2,29
379.24300000000005,5.030180000000002,45.79,0,3,2,3,24
404.53900000000016,3.6401600000000025,88.71000000000001,2,5,6,2,29
421.56600000000026,3.3533800000000022,56.57,0,6,7,2,30
424.5340000000001,2.938180000000001,104.78,1,9,8,3,30
429.5450000000002,4.912800000000003,63.99,1,4,5,4,31
297.38300000000004,3.0611000000000015,60.910000000000004,1,3,3,3,21
497.9830000000003,4.5195000000000025,84.26,1,8,5,4,34
431.5610000000001,4.733400000000003,68.01,1,5,4,4,31
453.6080000000003,3.808220000000003,65.9,1,7,5,2,32
279.32099999999997,2.629200000000001,70.19,0,5,5,2,19
273.40099999999995,4.262400000000004,12.47,0,3,5,2,19
481.6430000000002,4.887600000000004,70.99999999999999,1,6,6,3,33
481.6430000000002,4.887600000000004,70.99999999999999,1,6,6,3,33
370.587,5.885600000000005,6.48,0,4,4,2,25
196.29999999999998,2.6003999999999996,38.91,1,4,1,2,12
290.43199999999996,2.7651000000000012,32.34,1,3,4,1,20
304.459,3.1552000000000016,32.34,1,3,4,1,21
318.486,3.545300000000002,32.34,1,3,4,1,22
304.459,3.0127000000000015,32.34,1,3,5,1,21
312.4380000000001,3.417200000000001,32.34,1,3,4,2,22
555.7290000000002,6.479700000000006,99.77000000000001,3,6,11,5,39
383.53600000000006,4.783700000000004,22.27,1,3,6,3,27
448.379,4.999880000000004,77.83,1,6,6,3,29
356.4260000000001,3.9685000000000024,59.81,1,4,4,3,25
376.46000000000004,5.743300000000003,53.6,2,4,5,4,27
399.5640000000002,2.6757600000000012,61.36000000000001,1,6,6,2,28
427.57000000000033,3.268900000000002,82.53,2,5,5,1,30
435.54500000000024,5.711640000000005,76.49,1,5,7,3,31
528.6220000000002,3.2444000000000024,94.56,3,7,7,2,35
446.5360000000002,2.4508800000000006,103.91,1,7,7,3,32
366.4900000000002,3.685500000000002,58.95,2,4,4,3,26
373.50300000000016,3.4712200000000024,64.33000000000001,0,5,3,3,25
516.5200000000003,4.258100000000003,99.67999999999999,1,5,7,3,37
541.5840000000003,1.555100000000001,138.02,3,9,9,2,39
432.52400000000006,2.8397000000000006,96.25,3,5,7,3,32
433.51200000000006,2.2347,109.14000000000001,3,6,7,3,32
274.368,1.7530000000000003,86.41,2,3,3,2,20
274.368,1.9816,97.78999999999999,3,3,3,2,20
554.5980000000003,3.7576000000000027,135.08,3,7,7,3,40
353.4820000000001,1.9473999999999998,66.64,1,3,5,0,25
407.5050000000002,2.9903000000000013,66.64,1,3,5,1,29
376.249,6.123100000000004,12.03,1,1,6,2,24
556.0000000000001,5.590300000000004,77.59,3,4,12,3,38
494.8990000000002,1.9140799999999993,160.95999999999998,2,10,9,4,35
504.33400000000023,2.6958,137.17000000000002,2,9,9,4,34
487.8790000000002,2.1814999999999998,137.17000000000002,2,9,9,4,34
438.4840000000001,2.926100000000001,105.92,2,6,8,3,32
436.4680000000001,3.059800000000001,116.77999999999999,3,6,8,3,32
450.4950000000001,3.0702000000000007,105.92,2,6,8,3,33
453.5200000000001,3.7932000000000023,100.99,2,7,8,3,32
549.4520000000002,3.6433000000000018,112.93,1,7,11,2,35
469.5140000000002,1.6165999999999998,106.94,1,7,9,2,32
563.4790000000002,4.033400000000003,112.93,1,7,11,2,36
483.54100000000017,2.0066999999999995,106.94,1,7,9,2,33
502.4970000000003,3.769700000000003,117.63000000000002,2,7,6,3,36
526.5690000000002,1.8787999999999994,132.14000000000001,2,9,6,2,38
329.791,3.133000000000002,78.85000000000001,1,5,5,3,23
247.34199999999998,2.1737,68.01,2,3,3,1,18
334.83200000000005,3.1085900000000013,79.6,3,3,3,3,22
335.82000000000005,2.50359,92.49,3,4,3,3,22
469.5210000000002,2.804400000000001,92.85,1,8,6,4,33
477.47900000000016,1.8735799999999998,121.57,1,8,6,4,35
398.89800000000025,2.7864000000000013,99.93,3,5,4,3,28
455.4400000000001,4.152300000000003,81.41000000000001,1,5,7,4,33
378.394,4.320000000000004,51.22,1,3,7,2,27
425.42600000000004,3.9908000000000037,54.46000000000001,1,4,7,2,30
376.39500000000004,4.041700000000001,95.59,3,4,4,4,28
361.40900000000005,3.241100000000002,100.52,3,4,4,4,27
536.6230000000002,5.250200000000005,87.47000000000001,2,5,7,3,39
537.6110000000001,4.6452000000000035,100.36000000000001,2,6,7,3,39
564.0820000000003,4.924300000000005,92.09,1,6,11,3,40
406.43600000000015,4.201780000000003,70.71000000000001,1,3,4,3,30
415.87100000000015,4.983500000000004,46.92,1,2,4,3,29
454.3570000000002,5.472400000000003,62.300000000000004,1,3,4,3,31
453.36900000000026,6.077400000000004,49.410000000000004,1,2,4,3,31
455.34100000000024,5.523600000000004,58.64,1,3,4,3,31
454.3570000000002,5.472400000000004,62.300000000000004,1,3,4,3,31
383.42300000000023,3.7633000000000028,71.53,1,4,4,2,28
397.4500000000003,4.153400000000003,71.53,1,4,4,2,29
437.90200000000016,4.958100000000004,62.300000000000004,1,3,4,3,31
445.42000000000013,4.604800000000003,71.01,1,5,4,3,32
377.4230000000001,3.586000000000002,71.01,1,5,4,3,28
377.4230000000001,3.586000000000002,71.01,1,5,4,3,28
410.39600000000024,3.667200000000003,108.23000000000002,3,6,4,2,29
376.8440000000003,3.3018000000000027,108.23000000000002,3,6,4,2,26
392.4590000000003,3.801600000000003,108.23000000000002,3,6,4,3,29
367.38699999999994,3.6720000000000024,50.41,2,4,4,1,24
369.3060000000001,5.658600000000004,27.82,2,1,3,3,23
550.1870000000004,6.368300000000008,52.650000000000006,1,3,6,2,39
533.7320000000003,5.854000000000006,52.650000000000006,1,3,6,2,39
515.7420000000003,5.714900000000006,52.650000000000006,1,3,6,2,38
376.4600000000002,3.6227000000000027,90.13,2,5,5,3,28
372.4320000000001,3.3023000000000016,98.71999999999998,2,5,5,4,28
446.4330000000001,3.5412000000000026,89.5,2,6,9,4,32
453.3090000000001,4.067600000000001,82.96000000000001,3,6,5,1,30
482.55000000000024,5.544200000000005,50.160000000000004,1,4,6,3,35
514.5670000000002,5.882300000000006,50.160000000000004,1,4,6,3,37
453.94900000000007,5.361900000000005,64.74000000000001,1,4,5,4,32
388.4470000000002,1.9955999999999994,95.90999999999998,2,5,4,2,28
362.4090000000001,1.6054999999999995,95.90999999999998,2,5,4,2,26
505.82900000000024,6.475000000000006,71.45,2,4,4,3,33
529.6930000000002,4.545700000000004,108.12000000000002,2,9,7,4,39
378.90800000000013,1.9345999999999999,94.30000000000001,3,6,7,2,26
420.5130000000002,-1.6030999999999969,162.06,5,7,7,0,27
498.59100000000035,3.3169000000000013,129.31,3,9,3,4,37
286.33500000000004,2.3174,75.96000000000001,2,4,2,3,21
367.37500000000006,3.211400000000001,78.76,3,4,4,3,26
309.3730000000001,3.2207800000000013,90.52000000000001,2,4,2,3,23
323.40000000000015,3.6108800000000025,90.52000000000001,2,4,3,3,24
337.4270000000002,4.000980000000003,90.52000000000001,2,4,4,3,25
381.4020000000001,3.6015000000000024,78.76,3,4,4,3,27
495.52000000000027,3.1385000000000014,107.92,0,8,6,1,33
549.4200000000001,3.921100000000002,149.7,2,9,6,4,39
543.4870000000002,5.6101000000000045,64.86,1,5,5,3,38
583.5940000000003,7.064100000000006,55.4,1,4,6,3,40
525.4970000000002,5.528900000000005,64.86,1,5,5,3,37
525.4970000000002,5.5289000000000055,64.86,1,5,5,3,37
477.4200000000001,6.345500000000005,29.54,0,2,4,2,33
491.44700000000006,6.734000000000005,29.54,0,2,4,2,34
463.3930000000001,6.003300000000004,38.33,1,2,4,2,32
477.4200000000001,6.345500000000005,29.54,0,2,4,2,33
463.3930000000001,6.003300000000004,38.33,1,2,4,2,32
486.4310000000001,6.936200000000005,27.05,0,2,4,3,34
503.4180000000001,6.036800000000005,60.17000000000001,1,4,4,3,35
503.4180000000001,6.036800000000005,60.17,1,4,4,3,35
486.43100000000004,6.936200000000005,27.05,0,2,4,3,34
531.5720000000001,4.4188000000000045,79.81,0,6,5,2,36
310.397,3.1050000000000013,64.35,2,3,5,2,23
559.4790000000002,4.548300000000004,104.31,1,7,6,4,37
477.95200000000017,4.856300000000003,89.47000000000001,1,7,8,4,34
507.97800000000024,4.2188000000000025,109.70000000000002,2,8,10,4,36
519.9890000000003,4.626900000000003,98.70000000000002,1,8,8,4,37
467.53300000000024,4.021900000000002,98.06000000000002,1,7,7,5,35
381.3640000000001,2.8256000000000006,91.16000000000001,1,7,5,3,26
382.81100000000015,3.720500000000002,91.75,0,7,5,4,27
382.8110000000001,3.720500000000002,91.75,0,7,5,4,27
325.45200000000006,3.7688000000000033,43.7,2,3,5,2,24
327.4240000000001,2.7977000000000007,63.93000000000001,3,4,4,2,24
471.00900000000024,2.778900000000002,101.11999999999999,2,7,6,3,33
354.74800000000005,2.7100999999999997,91.74,1,6,5,3,24
357.42900000000014,2.0534999999999997,68.33,1,3,4,2,26
375.41900000000015,2.1925999999999997,68.33,1,3,4,2,27
344.40500000000014,3.493900000000002,46.330000000000005,1,2,4,2,25
455.4760000000002,5.952100000000006,49.77,1,3,6,3,33
343.4020000000001,2.4554,79.45,2,4,4,2,25
394.45400000000024,2.5348999999999995,100.79,2,5,5,3,29
410.4490000000002,3.110400000000001,105.48,2,6,5,3,30
370.42400000000015,3.053000000000001,83.62999999999998,2,3,5,2,27
460.5740000000002,5.0121000000000056,71.77000000000001,1,4,6,3,34
387.45500000000015,1.5457999999999998,88.55999999999999,2,4,5,2,28
449.32000000000016,4.652500000000003,72.63,1,3,6,2,28
626.4620000000003,8.509700000000002,84.22000000000001,2,3,8,5,43
485.5630000000002,4.554800000000002,93.25,2,5,7,4,36
328.456,4.691300000000004,16.130000000000003,0,3,5,3,23
436.4300000000001,4.491400000000003,81.86000000000001,1,4,8,2,31
543.5480000000002,7.747100000000006,49.769999999999996,1,3,5,2,38
350.4620000000001,3.9209000000000023,55.56,1,3,5,2,26
294.39799999999997,4.083700000000003,29.270000000000003,0,3,5,3,22
310.466,4.552200000000004,16.130000000000003,0,3,5,3,22
322.477,4.696300000000004,16.130000000000003,0,3,5,3,23
336.50399999999996,5.086400000000005,16.130000000000003,0,3,5,3,24
310.466,4.5522000000000045,16.130000000000003,0,3,5,3,22
285.294,1.8180999999999998,54.46000000000001,1,3,3,1,20
448.8360000000001,3.621000000000002,81.64999999999999,1,5,6,4,31
316.495,4.613700000000004,16.130000000000003,0,4,5,3,21
316.495,4.613700000000003,16.130000000000003,0,4,5,3,21
437.4750000000001,4.242980000000002,87.61999999999999,1,6,6,4,31
344.911,5.205600000000005,16.130000000000003,0,3,5,3,23
328.456,4.691300000000004,16.130000000000003,0,3,5,3,23
349.31600000000003,2.1769,76.72,1,5,5,3,25
462.6020000000004,2.6030000000000006,84.11000000000001,1,7,8,3,34
431.83000000000004,3.068600000000001,85.83,1,5,5,4,30
431.83000000000004,3.0686000000000018,85.83,1,5,5,4,30
369.3470000000001,1.5097999999999996,77.99,3,6,2,1,26
355.32000000000005,1.1196999999999995,77.99,3,6,2,1,25
438.65600000000035,5.252700000000006,32.78,0,3,5,1,32
424.6290000000003,4.910500000000005,41.57,1,3,5,1,31
486.5390000000002,3.2193000000000014,103.06000000000002,2,7,3,2,33
444.4970000000002,5.523900000000005,52.57,2,3,5,2,32
414.68200000000036,4.394800000000004,30.54,2,4,12,1,30
414.68200000000036,4.394800000000004,30.54,2,4,12,1,30
431.5800000000004,4.072200000000003,43.86000000000001,0,3,5,2,32
313.401,2.6901,58.22,1,4,6,2,23
391.4750000000001,2.942700000000001,73.14,0,6,7,3,29
327.42800000000005,2.700500000000001,47.36,0,4,6,2,24
313.40100000000007,2.6901,58.22,1,4,6,2,23
343.4710000000002,3.190000000000002,53.93,1,4,6,1,25
327.4280000000001,2.4098000000000006,53.93,1,4,6,1,24
315.41700000000014,2.5539000000000005,53.93,1,4,6,1,23
457.5210000000002,3.7070000000000025,53.09,0,4,7,2,33
446.5510000000002,3.300480000000002,76.88,0,5,7,2,33
439.5310000000002,3.5679000000000025,53.09,0,4,7,2,32
457.5210000000002,3.7070000000000025,53.09,0,4,7,2,33
410.60200000000026,4.664500000000004,41.57,1,3,5,1,30
424.6290000000003,5.006700000000005,32.78,0,3,5,1,31
424.6290000000003,5.006700000000005,32.78,0,3,5,1,31
410.60200000000026,4.664500000000004,41.57,1,3,5,1,30
410.60200000000026,4.664500000000004,41.57,1,3,5,1,30
422.6130000000003,4.926800000000005,32.78,0,3,5,1,31
408.58600000000024,4.5846000000000044,41.57,1,3,5,1,30
478.7210000000004,5.938300000000006,41.57,1,3,8,1,35
436.64000000000027,4.862600000000005,32.78,0,3,5,1,32
422.6130000000002,4.520400000000004,41.57,1,3,5,1,31
449.6390000000003,4.7563800000000045,56.57,0,4,5,1,33
435.61200000000025,4.4141800000000035,65.36,1,4,5,1,32
422.6130000000002,4.520400000000004,41.57,1,3,5,1,31
359.47300000000007,3.707880000000003,47.34,0,3,4,2,27
431.58000000000027,4.072200000000003,43.86,0,3,5,2,32
352.4530000000001,3.9753000000000034,23.55,0,2,4,2,26
330.4310000000001,4.998280000000005,40.17,0,3,4,3,25
427.61000000000035,4.580700000000005,46.61,0,4,7,2,30
387.54500000000024,3.536500000000003,57.61,1,4,8,2,27
373.5180000000002,3.1464000000000016,57.61,1,4,7,2,26
414.57100000000025,3.1357000000000017,60.85000000000001,1,4,6,2,29
412.59900000000033,4.555000000000004,40.620000000000005,0,3,6,2,29
414.5710000000003,3.4013000000000027,49.85000000000001,0,4,6,2,29
462.63700000000034,2.799500000000001,74.76,0,5,6,2,31
398.57200000000023,4.211200000000003,49.410000000000004,1,3,7,2,28
428.5980000000003,3.8377000000000026,58.64,1,4,7,2,30
398.57200000000023,4.068700000000003,49.410000000000004,1,3,8,2,28
434.6050000000002,4.858900000000005,49.410000000000004,1,3,8,3,31
435.5930000000002,4.253900000000003,62.300000000000004,1,4,8,3,31
420.57800000000015,5.181200000000005,49.410000000000004,1,3,7,3,30
344.48000000000013,3.027800000000001,63.4,1,3,5,2,24
430.9830000000001,5.982500000000005,33.95,0,3,5,4,31
401.4320000000001,5.048000000000005,49.25,1,4,4,3,29
386.2930000000001,4.679100000000004,42.160000000000004,0,4,4,3,24
409.53300000000013,5.079500000000006,38.13,0,3,5,4,31
341.4580000000001,4.800280000000004,39.92,0,3,4,3,26
347.4870000000001,4.861780000000005,39.92,0,4,4,3,25
351.8810000000001,4.977000000000005,29.020000000000003,0,3,4,3,25
399.5820000000003,5.918900000000006,19.370000000000005,0,3,5,3,30
374.4840000000002,4.795100000000004,34.59,0,4,4,3,28
368.4840000000001,4.871800000000005,41.910000000000004,0,4,4,4,28
317.4360000000001,4.323600000000003,29.020000000000003,0,3,4,3,24
317.4360000000001,4.323600000000003,29.020000000000003,0,3,4,3,24
322.4770000000001,4.990100000000004,16.130000000000003,0,3,4,3,23
358.4490000000001,3.3663000000000025,59.21000000000001,0,5,4,4,27
306.41300000000007,3.6517000000000017,44.81,1,3,4,3,23
317.4360000000001,4.323600000000003,29.020000000000003,0,3,4,3,24
306.40900000000005,4.521600000000004,29.270000000000003,0,3,4,3,23
322.4770000000001,4.990100000000004,16.130000000000003,0,3,4,3,23
364.51800000000014,4.230800000000004,33.95,0,4,4,3,26
306.41300000000007,3.6517000000000017,44.81,1,3,4,3,23
399.5630000000001,6.052100000000006,29.020000000000003,0,4,5,4,29
361.44500000000016,4.052300000000003,47.480000000000004,0,5,4,3,27
318.4240000000001,3.718600000000003,41.910000000000004,0,4,4,3,24
318.4240000000001,3.718600000000003,41.910000000000004,0,4,4,3,24
469.44100000000014,6.753900000000005,41.910000000000004,0,5,5,4,31
498.57400000000024,6.388200000000006,51.14,0,6,7,4,35
399.56300000000016,6.0521000000000065,29.020000000000003,0,4,5,4,29
373.5250000000001,5.538300000000005,29.020000000000003,0,4,4,4,27
323.4650000000001,4.385100000000004,29.020000000000003,0,4,4,3,23
296.458,4.559100000000004,16.130000000000003,0,2,3,2,22
325.48100000000005,3.7550000000000034,28.490000000000002,0,4,4,2,23
280.415,4.139000000000004,16.130000000000003,0,2,4,2,21
240.35000000000005,3.2616000000000023,16.130000000000003,0,2,3,2,18
316.44800000000004,4.955580000000005,27.03,0,2,3,2,24
331.439,3.1403000000000016,45.980000000000004,1,4,6,2,24
437.5190000000002,4.802800000000004,83.29,2,6,8,3,32
505.06200000000035,5.884900000000007,67.35000000000001,1,5,6,3,36
435.4820000000002,4.129100000000002,84.36999999999999,2,6,4,4,32
366.49000000000007,3.614600000000001,80.03999999999999,3,5,4,3,26
380.51700000000005,4.0031000000000025,80.03999999999999,3,5,4,3,27
474.38600000000014,1.5665,94.74000000000001,2,4,2,2,33
435.52800000000013,4.090900000000003,81.51,1,5,3,3,32
463.5820000000002,4.605500000000004,92.51,2,5,3,3,34
562.5420000000001,2.7177000000000007,111.16000000000001,0,9,7,2,38
564.5140000000001,2.5115000000000007,120.39,0,10,7,2,38
548.5150000000001,2.576600000000001,111.16000000000001,0,9,6,2,37
436.3940000000001,2.5316800000000006,104.47000000000001,0,8,5,2,31
506.5840000000002,5.059100000000006,43.78,1,3,3,2,36
505.0490000000002,5.434300000000007,43.78,1,3,3,2,35
488.59400000000016,4.920000000000006,43.78,1,3,3,2,35
470.60400000000016,4.780900000000005,43.78,1,3,3,2,34
471.59200000000016,4.175900000000004,56.67,1,4,3,2,34
414.49600000000015,3.2700000000000014,52.57000000000001,2,3,3,2,30
385.51200000000017,1.5638,73.37,2,4,3,2,28
454.56100000000015,4.144800000000004,43.78,1,3,4,2,33
468.58800000000014,4.534900000000004,43.78,1,3,4,2,34
498.6140000000001,4.161400000000003,53.010000000000005,1,4,4,2,36
491.58200000000016,4.582000000000004,56.67,1,4,4,3,36
491.58200000000016,4.582000000000004,56.67,1,4,4,3,36
456.5370000000002,3.2303000000000024,69.56,1,5,4,2,33
492.57000000000016,3.977000000000003,69.56,1,5,4,3,36
492.57000000000016,3.977000000000003,69.56,1,5,4,3,36
375.42800000000005,2.723700000000001,73.48,1,3,3,3,28
376.41600000000005,2.1187000000000005,86.37,1,4,3,3,28
376.41600000000005,2.1187000000000005,86.37,1,4,3,3,28
376.41600000000005,2.1187000000000005,86.37,1,4,3,3,28
376.41600000000005,2.1187000000000005,86.37,1,4,3,3,28
528.5140000000001,4.820400000000004,110.86000000000001,4,7,5,4,38
529.4980000000002,5.247400000000004,108.06000000000002,3,7,5,4,38
411.89700000000016,3.0612000000000013,98.83,3,6,4,3,29
349.45300000000003,4.938000000000005,31.92,1,2,3,3,26
349.45300000000003,4.938000000000005,31.92,1,2,3,3,26
377.94500000000016,4.140980000000003,58.95,1,5,3,2,25
539.6960000000003,2.3110000000000004,81.17,2,7,7,2,39
509.6700000000003,2.8186999999999998,60.94000000000001,1,6,6,2,37
402.9420000000001,4.882500000000005,35.16,1,4,4,2,26
449.49500000000006,1.4166999999999998,103.94000000000001,2,5,6,1,30
449.49500000000006,1.4166999999999998,103.94000000000001,2,5,6,1,30
449.49500000000006,1.4166999999999998,103.94000000000001,2,5,6,1,30
463.5220000000001,1.8068,103.94000000000001,2,5,6,1,31
525.5930000000002,2.981900000000002,103.94000000000001,2,5,7,2,36
483.5560000000001,3.2780000000000022,73.74000000000001,1,5,6,2,33
391.9720000000002,4.531080000000004,58.95,1,5,4,2,26
382.9610000000001,3.609700000000002,55.39,2,5,4,2,25
526.6930000000003,4.801100000000005,49.769999999999996,1,4,10,3,37
501.6500000000002,4.786600000000004,60.50000000000001,2,5,6,3,37
490.6270000000002,3.910300000000003,65.43,2,5,6,3,36
433.43400000000014,2.8858000000000006,86.27000000000001,1,5,4,3,31
392.4060000000002,2.0816,100.59,3,5,3,2,28
543.6650000000001,2.4037000000000006,115.73000000000002,2,8,5,2,38
325.36800000000005,2.3789000000000007,63.69000000000001,1,5,2,2,24
529.5200000000002,3.488170000000002,121.33,1,10,7,3,36
530.5040000000002,2.856200000000001,114.55,0,10,7,3,36
514.5050000000002,3.190100000000002,103.47000000000001,0,9,7,3,35
529.5200000000002,3.6707000000000027,109.84000000000002,0,10,6,3,36
516.4770000000002,2.7151000000000005,114.55,0,10,6,3,35
446.39300000000014,2.4391800000000003,117.09000000000002,0,10,5,3,32
478.59700000000026,2.2239000000000004,95.87,2,9,7,3,35
419.52900000000017,3.5305000000000026,63.610000000000014,0,7,3,3,31
420.51700000000017,2.9255000000000013,76.50000000000001,0,8,3,3,31
404.4490000000001,3.630200000000002,68.96000000000001,0,6,3,4,30
506.42400000000015,2.2873,124.01000000000002,0,11,6,4,36
470.4150000000002,2.9158600000000012,127.99,0,10,5,3,34
463.39500000000015,3.1832800000000017,104.2,0,9,5,3,33
529.5200000000002,3.488170000000002,121.33,1,10,7,3,36
512.5140000000002,2.717100000000001,114.55,0,10,7,3,35
530.5040000000002,2.856200000000001,114.55,0,10,7,3,36
514.5050000000002,3.190100000000002,103.47000000000001,0,9,7,3,35
532.4760000000002,2.6500000000000012,123.78000000000002,0,11,7,3,36
498.4870000000002,2.5760000000000005,114.55,0,10,6,3,34
523.4970000000002,2.44768,138.33999999999997,0,11,6,3,36
516.4770000000002,2.7151000000000005,114.55,0,10,6,3,35
446.39300000000014,2.4391800000000003,117.09000000000002,0,10,5,3,32
446.39300000000014,2.4391800000000003,117.09000000000002,0,10,5,3,32
537.4470000000002,3.930900000000003,95.83000000000001,1,7,4,5,34
531.4460000000001,2.8381800000000013,116.72000000000001,0,9,4,3,36
562.5440000000001,4.264000000000004,92.93,0,8,4,3,38
574.4330000000003,3.985300000000003,92.93,0,8,4,3,38
549.4610000000001,2.0654000000000003,136.01999999999998,1,9,5,3,37
536.4620000000002,2.4588000000000014,113.16000000000001,1,9,5,3,36
575.6210000000003,3.0413000000000014,105.4,0,10,8,4,40
526.5480000000001,4.187200000000003,95.83000000000001,1,7,4,5,37
498.61600000000027,4.0458000000000025,95.83000000000001,1,7,5,5,36
514.6150000000002,3.2822000000000022,105.06,1,8,5,5,37
515.6470000000003,3.230000000000002,99.07000000000002,1,8,6,5,37
488.5770000000003,2.660700000000001,116.06,2,8,5,5,35
458.5510000000003,3.168400000000001,95.83000000000001,1,7,4,5,33
499.4550000000002,1.3468,143.30999999999997,2,9,1,2,36
489.4850000000002,1.5307999999999997,134.07999999999998,2,9,1,2,34
503.5120000000002,1.9192999999999996,134.07999999999998,2,9,1,2,35
503.5120000000002,1.9192999999999996,134.07999999999998,2,9,1,2,35
382.386,2.1761999999999997,59.39,1,5,4,2,27
382.386,2.1391999999999998,59.39,1,5,5,2,27
273.37999999999994,1.7309999999999999,37.39,1,4,4,1,20
223.707,1.4577999999999995,28.160000000000004,1,3,0,1,15
375.4360000000001,2.6455,84.75,1,6,3,4,28
412.5150000000001,2.883700000000001,88.17999999999999,1,6,4,3,29
413.5030000000001,2.2787000000000006,101.07000000000001,1,7,4,3,29
412.51900000000006,2.8622700000000005,107.85,2,7,4,1,29
388.49700000000007,2.2375999999999996,106.59,1,8,4,2,27
348.41000000000014,2.736700000000001,71.86000000000001,1,5,2,4,26
349.39800000000014,2.1316999999999995,84.75,1,6,2,4,26
438.6560000000002,5.252700000000005,32.78,0,3,5,1,32
393.425,4.204600000000003,50.41,2,4,4,1,26
435.4820000000002,3.986600000000002,84.36999999999999,2,6,4,4,32
418.4800000000002,3.2425000000000015,97.25999999999999,2,7,4,4,31
440.46900000000016,5.044100000000004,80.89999999999999,2,4,4,3,32
477.4200000000001,6.391800000000005,38.33,1,2,4,2,33
491.4470000000001,6.734000000000006,29.54,0,2,4,2,34
491.4470000000001,6.591500000000006,29.54,0,2,4,2,34
477.4200000000001,6.249300000000005,38.33,1,2,4,2,33
365.4410000000001,1.4418799999999996,90.94000000000001,0,6,3,2,27
356.4620000000001,2.752900000000001,74.6,2,4,2,0,26
317.47300000000007,3.2327000000000026,40.540000000000006,1,2,0,0,23
424.62900000000013,4.910500000000004,41.57,1,3,5,1,31
529.5250000000004,4.876800000000005,60.519999999999996,3,4,11,3,37
529.5250000000003,4.876800000000005,60.519999999999996,3,4,11,3,37
540.5520000000002,5.004500000000005,54.53,3,4,9,3,38
528.5410000000003,4.909900000000004,63.32000000000001,4,4,11,3,37
529.5250000000003,4.876800000000004,60.519999999999996,3,4,11,3,37
521.5550000000004,4.9699000000000035,77.59,3,4,11,3,37
544.5400000000003,4.614000000000004,64.62,2,5,11,3,38
530.5130000000004,4.271800000000003,73.41,3,5,11,3,37
529.5250000000003,4.876800000000005,60.519999999999996,3,4,11,3,37
536.4750000000004,5.859400000000006,77.59,3,4,11,3,36
520.0200000000004,5.345100000000005,77.59,3,4,11,3,36
517.4890000000003,5.811500000000004,40.29,2,3,9,3,36
492.54100000000017,6.895400000000005,56.330000000000005,2,2,5,4,36
522.5620000000004,4.865400000000005,54.53,3,4,9,3,37
511.53500000000025,4.737700000000005,60.519999999999996,3,4,11,3,36
498.5150000000002,5.705500000000004,43.09,3,3,9,3,35
519.5830000000003,5.190800000000005,40.730000000000004,1,4,10,3,37
535.5820000000003,5.629300000000004,77.59,3,4,12,3,38
527.9900000000004,5.252000000000005,60.519999999999996,3,4,11,3,36
511.5350000000003,4.737700000000004,60.519999999999996,3,4,11,3,36
499.49900000000025,5.672400000000004,40.29,2,3,9,3,35
481.50900000000024,5.375200000000004,40.29,2,3,10,3,34
489.55700000000036,5.612200000000004,40.29,2,3,10,3,35
505.5560000000004,4.848600000000004,49.519999999999996,2,4,10,3,36
549.6590000000002,4.687300000000004,74.43,2,5,11,3,38
503.56500000000034,4.8308000000000035,77.59,3,4,11,3,36
528.9780000000004,4.647000000000004,73.41,3,5,11,3,36
521.0080000000004,4.7401000000000035,90.48,3,5,11,3,36
512.5230000000004,4.132700000000004,73.41,3,5,11,3,36
500.48700000000025,5.067400000000005,53.18,2,4,9,3,35
490.54500000000036,5.0072000000000045,53.18,2,4,10,3,35
481.50900000000024,5.533300000000005,40.29,2,3,9,3,34
499.49900000000025,5.672400000000005,40.29,2,3,9,3,35
499.49900000000014,5.672400000000005,40.29,2,3,9,3,35
488.52900000000017,5.265880000000005,64.08,2,4,9,3,35
493.5450000000002,4.886500000000005,60.52,3,4,10,3,35
510.00000000000017,5.112900000000005,60.519999999999996,3,4,11,3,35
497.9640000000001,6.047600000000005,40.29,2,3,9,3,34
481.5090000000001,5.533300000000005,40.29,2,3,9,3,34
464.5070000000001,4.789200000000005,53.18,2,4,9,3,33
482.4970000000001,4.928300000000005,53.18,2,4,9,3,34
481.50900000000024,5.533300000000004,40.29,2,3,9,3,34
469.57600000000036,4.570400000000004,49.519999999999996,2,4,10,3,34
488.5290000000003,5.265880000000005,64.08,2,4,9,3,35
525.5620000000004,5.397100000000005,60.519999999999996,3,4,12,3,37
497.9640000000002,6.047600000000005,40.29,2,3,9,3,34
481.50900000000024,5.533300000000005,40.29,2,3,9,3,34
464.50700000000023,4.789200000000004,53.18,2,4,9,3,33
464.50700000000023,4.789200000000004,53.18,2,4,9,3,33
510.98800000000034,4.507900000000004,73.41,3,5,11,3,35
464.50700000000023,4.789200000000004,53.18,2,4,9,3,33
481.51300000000026,4.961400000000004,55.980000000000004,3,4,9,3,34
498.9520000000003,5.442600000000004,53.18,2,4,9,3,34
494.5330000000003,3.993600000000003,73.41,3,5,11,3,35
482.49700000000024,4.928300000000004,53.18,2,4,9,3,34
464.50700000000023,4.6311000000000035,53.18,2,4,10,3,33
472.55500000000035,4.868100000000004,53.18,2,4,10,3,34
488.55400000000037,4.1045000000000025,62.41,2,5,10,3,35
477.5460000000002,5.568300000000005,40.29,2,3,9,3,34
524.5380000000004,3.6554000000000024,80.31,3,6,9,3,37
512.5020000000003,4.590100000000003,60.080000000000005,2,5,7,3,36
506.5480000000003,3.5163000000000024,80.31,3,6,9,3,36
494.5120000000002,4.451000000000003,60.080000000000005,2,5,7,3,35
507.53200000000027,3.4832000000000023,77.51,2,6,9,3,36
495.5000000000002,3.8460000000000027,72.97,2,6,7,3,35
512.5020000000003,4.590100000000004,60.080000000000005,2,5,7,3,36
443.46900000000016,5.023000000000004,69.22,2,3,5,3,32
447.43200000000013,4.930100000000004,69.22,2,3,5,3,32
854.906,5.0682000000000045,142.26,2,9,7,4,62
519.5870000000003,4.353300000000004,67.42,3,5,9,3,37
523.5500000000003,4.260400000000004,67.42,3,5,9,3,37
511.51400000000024,5.1951000000000045,47.190000000000005,2,4,7,3,36
493.5240000000002,4.8979000000000035,47.190000000000005,2,4,8,3,35
501.57200000000034,5.1349000000000045,47.190000000000005,2,4,8,3,36
490.54900000000026,4.336200000000003,51.290000000000006,1,5,7,3,35
472.55900000000025,4.039000000000003,51.290000000000006,1,5,8,3,34
480.60700000000037,4.276000000000003,51.290000000000006,1,5,8,3,35
493.5240000000003,5.0560000000000045,47.190000000000005,2,4,7,3,35
494.5120000000003,4.451000000000003,60.080000000000005,2,5,7,3,35
476.5220000000003,4.153800000000003,60.080000000000005,2,5,8,3,34
475.5340000000003,4.9169000000000045,47.190000000000005,2,4,7,3,34
457.54400000000027,4.6197000000000035,47.190000000000005,2,4,8,3,33
468.59600000000034,4.497700000000004,60.080000000000005,2,5,8,3,34
472.5590000000003,4.404800000000003,60.080000000000005,2,5,8,3,34
488.55800000000033,3.3772000000000024,80.31,3,6,9,3,35
476.5220000000003,4.311900000000003,60.080000000000005,2,5,7,3,34
458.53200000000027,4.014700000000003,60.080000000000005,2,5,8,3,33
466.5800000000004,4.251700000000003,60.080000000000005,2,5,8,3,34
466.5800000000004,4.251700000000003,60.080000000000005,2,5,8,3,34
494.5120000000003,4.451000000000003,60.080000000000005,2,5,7,3,35
490.5490000000003,4.702000000000004,60.080000000000005,2,5,7,3,35
489.5420000000003,3.3441000000000023,77.51,2,6,9,3,35
459.51600000000025,3.981600000000003,57.28,1,5,8,3,33
477.5100000000003,3.7069000000000027,72.97,2,6,7,3,34
459.52000000000027,3.4097000000000017,72.97,2,6,8,3,33
467.5680000000004,3.6467000000000027,72.97,2,6,8,3,34
508.5390000000003,4.493500000000004,60.080000000000005,2,5,9,3,36
506.54800000000034,3.5163000000000024,80.31,3,6,9,3,36
494.5120000000003,4.451000000000003,60.080000000000005,2,5,7,3,35
476.5220000000003,4.153800000000003,60.080000000000005,2,5,8,3,34
484.5700000000004,4.390800000000004,60.080000000000005,2,5,8,3,35
507.5320000000003,3.483200000000003,77.51,2,6,9,3,36
472.55900000000025,4.188800000000003,60.080000000000005,2,5,8,3,34
177.20700000000002,0.5370000000000001,68.01,2,3,1,1,13
464.36700000000025,3.9629800000000026,84.81,2,5,5,3,30
407.49900000000014,3.2386000000000017,83.88,1,5,3,4,29
448.9800000000002,2.9605000000000015,87.12,1,5,3,3,30
414.53500000000014,2.3071,87.12,1,5,3,3,29
477.4200000000001,6.391800000000005,38.33,1,2,4,2,33
374.39400000000006,3.9135800000000023,61.07,1,4,3,3,28
376.37000000000006,2.7035800000000014,86.85000000000001,1,6,3,3,28
375.38200000000006,3.308580000000002,73.96000000000001,1,5,3,3,28
375.38200000000006,3.308580000000002,73.96000000000001,1,5,3,3,28
393.3970000000001,2.5358,93.25999999999999,2,5,4,3,29
384.81700000000006,4.090300000000003,50.17,1,4,3,3,27
416.37800000000004,3.5987000000000027,59.28,1,4,4,3,30
366.37100000000004,2.730200000000001,70.14,2,4,3,3,27
374.394,3.9135800000000023,61.07,1,4,3,3,28
375.382,3.308580000000002,73.96000000000001,1,5,3,3,28
427.47600000000006,3.445400000000002,71.42,1,5,4,3,30
375.38200000000006,3.308580000000002,73.96000000000001,1,5,3,3,28
375.38200000000006,3.308580000000002,73.96000000000001,1,5,3,3,28
350.372,3.4369000000000023,50.17,1,4,3,3,26
351.36,2.831900000000001,63.06,1,5,3,3,26
357.38900000000007,2.8934000000000015,63.06,1,6,3,3,25
376.37000000000006,2.7035800000000005,86.85000000000001,1,6,3,3,28
356.401,3.498400000000002,50.17,1,5,3,3,25
366.49000000000007,3.6146000000000003,80.03999999999999,3,5,4,3,26
364.4890000000001,3.5156000000000027,32.78,0,3,4,2,27
421.9580000000003,2.1732000000000005,129.2,3,9,3,2,28
432.35500000000025,4.264300000000003,80.06,2,5,2,3,29
433.34300000000025,3.6593000000000018,92.95,2,6,2,3,29
420.52100000000013,2.1647999999999996,109.08,2,8,2,3,31
470.4260000000002,3.1531000000000002,99.39999999999999,2,7,3,2,30
470.5210000000002,2.2601,112.29,2,8,3,2,32
477.0340000000003,2.7721,112.29,2,8,4,2,32
463.36900000000026,2.963000000000001,102.05999999999999,2,6,2,3,31
463.36900000000026,3.151600000000001,113.18,3,7,3,3,31
464.3570000000003,2.3579999999999997,114.95,2,7,2,3,31
444.92700000000025,1.2868,140.97000000000003,3,8,2,3,31
484.9920000000003,2.2788999999999997,126.98,3,8,4,3,34
499.01900000000035,2.6690000000000005,126.98,3,8,4,3,35
395.4670000000002,1.0511999999999997,114.95,2,7,2,3,29
476.99400000000026,1.771,140.97000000000003,3,9,3,3,32
441.47900000000016,2.6675000000000004,97.13,2,7,3,2,30
455.5060000000002,2.6779,86.27,1,7,3,2,31
388.4240000000002,1.1981,120.85999999999999,3,8,5,2,28
584.6590000000006,-1.5149999999999972,206.59999999999997,8,12,4,0,41
355.36900000000014,2.2253999999999996,78.96000000000001,1,6,1,2,26
355.3690000000001,2.4350699999999996,76.46000000000001,2,5,1,2,26
338.3670000000001,1.4812999999999996,91.85000000000001,1,7,1,2,25
338.367,1.6909699999999996,89.35000000000001,2,6,1,2,25
369.5300000000002,5.165600000000005,21.700000000000003,0,4,6,2,26
441.57500000000016,4.644980000000005,66.22,0,5,3,2,33
427.5480000000002,4.302780000000004,75.00999999999999,1,5,3,2,32
401.5280000000001,3.8472000000000035,55.84,0,5,6,2,28
924.0910000000002,0.7117000000000053,319.60999999999996,12,17,3,0,65
332.39400000000006,4.246600000000003,44.89,2,1,2,2,24
487.4610000000001,3.813200000000001,111.43,4,6,4,3,35
437.82400000000007,5.443100000000003,38.13,0,2,2,3,30
438.812,4.838100000000003,51.02,0,3,2,3,30
420.822,4.699000000000003,51.02,0,3,2,3,29
439.80000000000007,4.233100000000003,63.910000000000004,0,4,2,3,30
377.42300000000006,3.5736000000000026,63.910000000000004,0,4,3,3,28
417.4940000000001,3.9912000000000027,84.14000000000001,1,6,3,4,30
388.25800000000004,3.8639000000000037,63.910000000000004,0,4,2,3,26
519.6020000000003,6.2923000000000044,63.910000000000004,0,6,4,5,36
412.3720000000002,3.1715000000000018,76.80000000000001,0,6,2,3,28
439.80000000000007,4.233100000000003,63.910000000000004,0,4,2,3,30
422.798,3.4890000000000025,76.80000000000001,0,5,2,3,29
440.788,3.6281000000000034,76.80000000000001,0,5,2,3,30
422.798,3.4890000000000025,76.80000000000001,0,5,2,3,29
467.153,4.4867,100.28,3,5,4,2,29
803.6030000000002,2.4714,254.07,7,14,13,2,50
461.5050000000001,3.605100000000001,116.13000000000001,3,7,6,4,34
466.44500000000016,1.9739499999999999,148.69,3,7,4,2,32
373.28700000000003,3.310100000000002,88.65,0,6,5,2,26
429.94800000000026,3.565900000000003,74.69000000000001,2,5,4,2,30
455.98600000000016,3.9560000000000035,74.69000000000001,2,5,4,2,32
500.03900000000027,3.972600000000004,83.92000000000002,2,6,4,2,35
507.0340000000003,4.354600000000004,87.58000000000001,2,6,5,3,36
501.0270000000003,2.915200000000002,87.16000000000001,2,7,4,2,35
447.4170000000001,3.583700000000001,103.37,3,6,5,3,32
409.57400000000024,4.3436800000000035,78.91,1,4,3,1,30
485.48800000000017,2.2929,136.63,2,8,7,2,33
509.42800000000017,4.268700000000003,103.87,1,7,3,2,34
368.3340000000001,3.5900000000000016,73.39,1,5,4,2,26
336.411,2.77738,74.2,2,5,4,1,23
379.3980000000001,3.8161000000000014,50.41,2,4,4,1,25
395.3970000000001,3.052500000000001,59.64,2,5,4,1,26
361.4080000000001,3.518900000000002,50.41,2,4,5,1,24
311.401,2.8836000000000004,50.41,2,4,4,1,21
353.36000000000007,3.283500000000001,50.41,2,4,4,1,23
335.37000000000006,2.986300000000001,50.41,2,4,5,1,22
325.428,3.1312000000000006,50.41,2,4,5,1,22
367.3870000000001,3.6736000000000013,50.41,2,4,5,1,24
383.3580000000002,2.7581800000000003,113.39,2,6,4,2,28
367.4090000000001,3.135080000000001,104.16,2,6,3,2,26
414.4040000000002,2.0471600000000003,145.76999999999998,2,7,3,3,31
414.4040000000002,2.04716,145.76999999999998,2,7,3,3,31
389.3940000000002,2.17548,121.98,2,6,3,3,29
414.4040000000002,2.0471600000000003,145.77000000000004,2,7,3,3,31
423.8390000000002,2.82888,121.98,2,6,3,3,30
454.4740000000003,2.7312000000000003,114.50999999999999,2,6,5,2,31
407.3840000000002,2.31458,121.98,2,6,3,3,30
407.3840000000002,2.3145799999999994,121.97999999999999,2,6,3,3,30
455.4000000000002,2.7768800000000002,131.20999999999998,2,7,5,3,33
440.3890000000002,2.5080799999999996,134.87,2,7,4,3,32
411.35900000000015,3.175300000000001,102.49,2,6,5,2,29
438.3980000000002,1.8762800000000002,144.10000000000002,2,8,5,3,32
371.4040000000001,2.03638,121.98,2,6,3,3,28
466.44500000000016,1.9739499999999999,148.69,3,7,4,2,32
448.4550000000002,1.67835,148.69,3,7,4,2,31
513.8010000000002,4.463800000000003,102.49,2,6,3,2,34
423.9880000000001,5.240200000000006,26.79,0,2,5,2,30
367.49300000000005,2.8765800000000015,79.35,1,5,3,1,27
433.5120000000003,2.870300000000001,94.58000000000001,2,6,2,3,32
516.5200000000003,4.258100000000003,99.67999999999999,1,5,7,3,37
541.5840000000003,1.555100000000001,138.02,3,9,9,2,39
410.92000000000013,6.575900000000004,41.99,1,2,4,3,29
403.23600000000005,2.9122000000000003,107.97,3,4,5,3,25
452.8980000000002,3.8823000000000025,99.24000000000001,1,5,7,4,32
316.445,4.347300000000004,16.130000000000003,0,3,5,2,22
292.426,4.146700000000004,16.130000000000003,0,2,5,2,22
293.414,3.5417000000000023,29.020000000000003,0,3,5,2,22
298.455,4.208200000000004,16.130000000000003,0,3,5,2,21
456.6330000000003,7.046000000000008,40.46,2,2,4,0,32
364.27200000000016,5.059000000000005,21.700000000000003,0,3,4,2,24
338.25300000000004,5.469400000000005,3.24,0,1,4,2,22
376.249,6.123100000000004,12.03,1,1,6,2,24
341.804,5.469700000000004,12.03,1,1,6,2,23
313.3720000000001,3.891300000000003,21.700000000000003,0,3,4,2,23
287.35300000000007,4.301700000000004,3.24,0,1,4,2,21
287.35300000000007,4.301700000000004,3.24,0,1,4,2,21
375.45900000000006,5.184600000000005,32.7,1,3,5,2,27
417.57100000000014,4.309900000000004,66.84,1,5,6,2,29
357.46900000000005,5.045500000000005,32.7,1,3,5,2,26
395.37700000000024,4.356400000000003,51.16000000000001,1,5,5,2,28
369.3580000000001,4.766800000000003,32.7,1,3,5,2,26
440.4370000000001,5.121600000000005,42.01,0,4,6,2,31
440.4370000000001,5.121600000000005,42.01,0,4,6,2,31
413.4110000000001,4.432300000000003,41.93,1,4,8,2,29
382.85500000000013,3.6223800000000024,86.96000000000001,1,7,6,3,27
329.791,3.305500000000001,78.85000000000001,1,5,5,3,23
450.54600000000016,4.426880000000003,95.63,2,5,8,4,34
485.25700000000006,2.5064,100.78,3,6,7,3,27
494.8990000000002,1.9140799999999993,160.95999999999998,2,10,9,4,35
504.33400000000023,2.6958,137.17000000000002,2,9,9,4,34
487.8790000000002,2.1814999999999998,137.17000000000002,2,9,9,4,34
341.45500000000015,2.655800000000001,53.93,1,4,6,1,25
495.5420000000002,3.0711000000000013,97.05000000000001,3,6,13,2,35
466.5650000000004,3.3207000000000013,92.9,2,7,7,3,34
502.4970000000003,3.769700000000003,117.63000000000002,2,7,6,3,36
279.34700000000004,2.4509000000000007,76.72,2,5,4,3,21
375.4000000000002,1.9657000000000004,97.79,2,5,3,2,27
515.9630000000002,6.314080000000006,75.00999999999999,1,4,8,3,36
398.89800000000025,2.7864000000000013,99.93,3,5,4,3,28
489.429,5.050100000000005,41.57000000000001,1,3,5,2,31
405.4640000000001,3.951800000000003,44.370000000000005,2,3,5,2,29
406.4520000000001,3.3468000000000018,57.260000000000005,2,4,5,2,29
600.7290000000002,7.861900000000008,48.470000000000006,1,4,7,4,44
489.51500000000027,5.6196000000000055,75.63,2,4,6,3,34
528.5760000000004,3.2399000000000013,125.13,2,6,4,6,40
481.47400000000016,6.129900000000005,83.36,3,3,6,4,35
434.30000000000007,3.3937000000000017,98.73,1,6,4,3,30
453.36900000000026,6.077400000000004,49.410000000000004,1,2,4,3,31
496.5460000000002,4.866600000000004,93.32000000000001,2,4,6,5,37
522.5340000000001,3.6991000000000023,119.73,1,8,6,4,35
649.5160000000004,4.420800000000003,128.70000000000002,3,7,8,2,40
376.4600000000002,3.6227000000000027,90.13,2,5,5,3,28
372.4320000000001,3.3023000000000016,98.71999999999998,2,5,5,4,28
478.59700000000043,3.348200000000001,115.49,2,8,10,3,35
580.8300000000002,2.353300000000001,196.48999999999998,6,9,9,3,37
389.50300000000016,4.667000000000003,88.72999999999999,3,3,4,4,29
364.38800000000003,3.1232000000000006,97.2,2,6,5,4,27
450.26500000000016,2.6822,153.42000000000002,4,8,4,4,30
426.4810000000003,3.092180000000001,111.88,2,10,6,3,30
556.5980000000003,5.412400000000003,118.57000000000002,2,8,10,4,41
452.76900000000023,4.506780000000004,67.57,1,4,5,2,29
505.82900000000024,6.475000000000006,71.45,2,4,4,3,33
378.90800000000013,1.9345999999999999,94.30000000000001,3,6,7,2,26
419.3810000000001,1.5057999999999998,131.60999999999999,3,7,6,2,28
471.2300000000001,2.2588,100.78,3,6,6,3,26
382.456,4.882200000000004,54.37,1,3,5,3,27
460.53400000000033,3.033800000000001,104.62,2,6,8,3,34
391.38100000000003,4.292580000000003,89.74999999999999,1,5,4,4,29
373.391,4.153480000000003,89.74999999999999,1,5,4,4,28
410.384,2.9148000000000005,121.94000000000001,2,6,5,4,30
409.396,3.519800000000001,109.05,2,5,5,4,30
391.406,3.380700000000001,109.05,2,5,5,4,29
413.44100000000003,3.1179000000000006,137.73000000000002,3,6,5,5,31
457.49400000000014,2.5836000000000006,147.10000000000002,3,7,7,5,34
392.394,2.7757000000000005,121.94000000000001,2,6,5,4,29
383.35800000000006,3.1092000000000004,98.82000000000001,2,5,4,4,28
410.3800000000001,4.119100000000001,103.26,2,5,5,4,30
365.36800000000005,2.9701000000000004,98.82000000000001,2,5,4,4,27
392.39000000000004,3.9800000000000013,103.26,2,5,5,4,29
384.36100000000005,4.560000000000002,65.96000000000001,1,4,4,4,28
446.4420000000001,3.716100000000001,121.08,2,6,6,5,33
432.4590000000001,3.6238,104.01,2,6,6,5,32
479.8210000000001,4.417080000000002,84.04,0,5,4,3,33
444.38800000000003,4.368680000000003,71.15,0,4,4,3,32
445.37600000000003,3.7636800000000026,84.04,0,5,4,3,32
418.4190000000002,4.3554800000000045,71.15,0,4,4,2,30
363.421,2.909300000000001,81.92999999999999,1,5,6,3,27
495.44100000000003,4.678100000000004,63.68000000000001,0,4,5,2,33
531.5720000000001,4.4188000000000045,79.81,0,6,5,2,36
479.4800000000001,3.7614000000000027,81.50000000000001,0,5,5,3,33
497.4700000000001,3.9005000000000027,81.50000000000001,0,5,5,3,34
498.4580000000001,3.2955000000000023,94.39000000000001,0,6,5,3,34
471.5010000000002,3.8873000000000033,81.50000000000001,0,5,5,2,32
477.95200000000017,4.856300000000003,89.47000000000001,1,7,8,4,34
507.97800000000024,4.2188000000000025,109.70000000000002,2,8,10,4,36
471.00900000000024,2.778900000000002,101.11999999999999,2,7,6,3,33
299.44300000000004,3.811200000000002,21.060000000000002,0,3,5,3,21
471.50400000000025,3.807000000000003,66.23,0,6,5,3,34
385.89500000000015,3.9693000000000023,68.45,1,4,5,2,27
428.46300000000014,5.475700000000004,70.5,1,3,6,4,32
417.4400000000001,4.575200000000003,74.91000000000001,1,3,6,4,31
417.4400000000001,4.575200000000002,74.91000000000001,1,3,6,4,31
428.46300000000014,5.475700000000003,70.5,1,3,6,4,32
479.53600000000023,5.327500000000004,85.53,0,6,7,4,36
350.4620000000001,3.9209000000000023,55.56,1,3,5,2,26
310.466,4.552200000000004,16.130000000000003,0,3,5,3,22
310.466,4.5522000000000045,16.130000000000003,0,3,5,3,22
344.911,5.205600000000005,16.130000000000003,0,3,5,3,23
328.456,4.691300000000004,16.130000000000003,0,3,5,3,23
385.89500000000015,3.9693000000000023,68.45,1,4,5,2,27
553.5930000000001,4.382100000000003,106.16999999999999,2,8,7,4,40
369.25200000000024,3.0966000000000014,85.24999999999999,1,5,4,2,24
412.8990000000002,1.8466999999999998,119.39,1,7,5,2,27
365.4410000000001,2.1851000000000003,92.59,1,6,4,3,27
327.38400000000007,1.4105,78.59,2,4,3,2,24
362.8640000000002,5.039880000000005,51.42,1,4,1,2,26
372.29900000000015,5.8216000000000045,27.630000000000003,1,3,1,2,25
355.84400000000016,5.307300000000004,27.630000000000003,1,3,1,2,25
421.8500000000002,6.066800000000003,36.86000000000001,1,4,2,2,29
337.85400000000016,5.168200000000004,27.630000000000003,1,3,1,2,24
341.4550000000002,2.942400000000001,53.93,1,4,4,1,25
789.3369999999996,4.144880000000004,140.61,1,10,6,3,57
415.4860000000001,3.7185000000000024,94.95,1,7,3,1,30
431.5800000000004,4.072200000000003,43.86000000000001,0,3,5,2,32
622.415,5.554300000000005,102.76,3,6,6,2,39
457.5210000000002,3.7070000000000025,53.09,0,4,7,2,33
446.5510000000002,3.300480000000002,76.88,0,5,7,2,33
439.5310000000002,3.5679000000000025,53.09,0,4,7,2,32
457.5210000000002,3.7070000000000025,53.09,0,4,7,2,33
492.70400000000046,5.213500000000006,49.85,0,4,6,1,36
366.4120000000001,2.8043000000000013,69.56,1,5,5,1,26
356.348,2.2509000000000006,69.56,1,5,4,1,25
401.4380000000001,2.4999000000000002,97.79000000000002,2,5,3,2,29
581.574,5.288200000000004,118.50999999999999,2,6,5,4,42
550.063,5.074000000000005,114.96000000000001,1,8,5,4,39
385.43900000000014,2.6636000000000006,88.56,2,4,3,2,28
396.28800000000007,4.0504000000000016,56.92,3,2,0,3,25
441.5060000000002,4.9607000000000046,56.410000000000004,1,2,3,4,33
349.45300000000003,4.938000000000005,31.92,1,2,3,3,26
349.45300000000003,4.938000000000005,31.92,1,2,3,3,26
420.3840000000001,4.689200000000004,28.6,0,4,4,2,28
385.9390000000001,4.035800000000004,28.6,0,4,4,2,27
386.92700000000013,3.4308000000000023,41.49000000000001,0,5,4,2,27
403.9620000000001,2.2563000000000004,77.30999999999999,2,6,4,2,28
390.9190000000001,2.341100000000001,83.3,2,6,4,2,27
403.9290000000001,4.174900000000004,28.6,0,4,4,2,28
386.92700000000013,3.4308000000000023,41.49000000000001,0,5,4,2,27
435.37000000000006,2.4502000000000006,83.3,2,6,4,2,27
664.8110000000003,3.574200000000001,120.99,2,9,7,4,49
391.98700000000014,4.521700000000004,35.580000000000005,1,2,4,1,27
424.5410000000002,3.051400000000001,89.87,3,4,8,2,31
424.56400000000014,3.2650000000000015,47.61000000000001,2,4,6,2,31
514.6890000000003,4.758500000000003,56.400000000000006,3,4,8,3,38
485.58800000000014,2.3454999999999995,72.88,2,5,4,0,32
477.5240000000001,3.475200000000002,70.58000000000001,0,5,4,1,32
375.43600000000004,2.2553799999999997,123.72,3,6,4,3,28
445.52300000000025,3.7634000000000025,100.79,2,6,5,3,33
553.6230000000003,3.4747800000000018,129.63,1,9,9,4,41
554.6110000000002,2.8697800000000013,142.52,1,10,9,4,41
571.6130000000002,3.6138800000000018,129.63,1,9,9,4,42
491.54000000000036,2.1728999999999994,125.13,3,8,7,2,33
458.5510000000003,3.168400000000001,95.83000000000001,1,7,4,5,33
295.333,1.7082,44.370000000000005,2,3,3,1,21
411.55000000000024,2.759500000000001,73.64000000000001,2,6,3,2,30
529.0160000000003,4.764400000000004,91.85000000000001,2,7,5,3,37
386.4770000000001,2.3946000000000005,88.17999999999999,1,6,4,3,27
407.47100000000023,1.5186999999999995,111.3,1,8,4,2,28
473.53700000000015,2.3785,109.35999999999999,1,9,3,4,35
492.5800000000002,1.864099999999999,112.94,2,9,6,3,36
361.37300000000005,1.5439999999999998,75.00999999999999,1,5,2,2,26
412.42100000000016,1.9814800000000001,121.58000000000001,2,6,3,2,30
421.85600000000017,2.7632000000000003,97.79000000000002,2,5,3,2,29
405.4010000000001,2.2489,97.79000000000002,2,5,3,2,29
387.4110000000001,2.1098,97.79000000000002,2,5,3,2,28
394.43100000000015,1.8423800000000004,121.58000000000001,2,6,3,2,29
403.86600000000016,2.6241000000000003,97.79000000000002,2,5,3,2,28
387.4110000000001,2.1098,97.79000000000002,2,5,3,2,28
369.4210000000001,1.9707000000000001,97.79000000000002,2,5,3,2,27
401.4380000000001,2.3558000000000003,97.79000000000002,2,5,2,2,29
437.4180000000002,2.601000000000001,97.79000000000002,2,5,2,2,31
403.41000000000014,1.3446000000000002,107.02000000000001,2,6,2,2,29
437.4180000000002,2.601000000000001,97.79000000000002,2,5,2,2,31
401.4380000000001,2.3558000000000003,97.79000000000002,2,5,2,2,29
467.44400000000024,2.5735,107.02000000000001,2,6,4,2,33
419.42800000000017,2.3038000000000003,97.79000000000002,2,5,2,2,30
403.41000000000014,1.3446,107.02000000000001,2,6,2,2,29
468.54900000000026,3.271300000000002,103.06,2,7,3,2,32
468.0010000000004,4.895370000000004,90.34000000000002,3,5,5,2,33
457.4520000000001,4.048500000000006,95.34,3,5,4,3,33
471.47900000000016,4.438600000000006,95.34,3,5,4,3,34
451.5020000000002,3.1376000000000013,134.25,4,7,4,3,33
667.6150000000001,6.468400000000006,91.75,1,4,5,2,45
654.6200000000001,6.198800000000006,86.71000000000001,2,5,6,2,44
467.42300000000023,3.1903000000000015,111.72,2,7,5,2,33
413.52800000000013,2.948880000000001,113.38999999999999,2,8,3,2,28
434.92400000000015,3.808200000000002,89.6,2,6,3,2,29
466.4850000000001,3.7562000000000015,98.83,2,7,5,2,32
298.35800000000006,2.646600000000001,47.61,1,4,1,1,20
262.37800000000004,2.3684000000000003,47.61,1,4,1,1,18
330.37500000000006,3.3872000000000018,47.61,1,4,1,1,22
268.40700000000004,2.429900000000001,47.61,1,5,1,1,17
268.40700000000004,2.429900000000001,47.61,1,5,1,1,17
414.51600000000013,2.3438800000000004,126.28,2,9,3,2,28
457.5030000000001,3.4910000000000014,102.49000000000001,2,8,3,2,30
423.9510000000001,3.1256000000000013,102.49000000000001,2,8,3,2,27
407.4960000000001,2.611300000000001,102.49000000000001,2,8,3,2,27
473.5020000000001,3.370800000000001,111.72000000000001,2,9,4,2,31
467.4730000000001,3.151200000000002,111.72000000000001,2,8,5,2,32
455.5120000000001,3.0736000000000017,111.72000000000001,2,9,5,2,30
428.49000000000007,2.668800000000001,107.42000000000002,2,8,4,2,28
456.5000000000001,2.4686000000000003,124.61000000000001,2,10,5,2,30
455.51200000000017,3.0736000000000008,111.72000000000001,2,9,5,2,30
281.35600000000005,1.9025,60.5,1,5,1,1,19
269.39500000000004,1.8249000000000002,60.5,1,6,1,1,17
528.0590000000002,4.596900000000003,105.57,2,8,4,3,35
559.6200000000001,4.544900000000003,114.8,2,9,6,3,38
560.6080000000002,3.9399000000000024,127.69,2,10,6,3,38
371.4120000000001,2.2735,88.56,2,4,3,2,27
390.24500000000006,4.343700000000003,56.92,3,2,0,3,26
372.25500000000005,4.204600000000002,56.92,3,2,0,3,25
373.79,3.8294000000000015,56.92,3,2,0,3,26
355.8,3.6903000000000006,56.92,3,2,0,3,25
337.81,3.5512000000000006,56.92,3,2,0,3,24
446.5110000000002,4.6235000000000035,107.10000000000001,2,7,3,4,33
498.4650000000002,4.919900000000003,107.10000000000001,2,7,4,4,36
443.5110000000002,4.112600000000001,109.75000000000001,3,6,4,4,33
467.4510000000001,5.356800000000003,81.07000000000001,2,5,3,4,34
498.4650000000002,4.919900000000003,107.10000000000001,2,7,4,4,36
424.3330000000001,2.941300000000002,76.80000000000001,0,5,2,3,30
425.3210000000001,2.3363000000000005,89.69000000000001,0,6,2,3,30
438.8120000000001,4.800900000000003,51.02,0,3,2,3,30
405.2600000000001,4.435500000000003,51.02,0,3,2,3,27
388.25800000000004,3.6914000000000025,63.910000000000004,0,4,2,3,26
422.798,3.451800000000002,76.8,0,5,3,3,29
422.798,3.451800000000002,76.80000000000001,0,5,2,3,29
438.3850000000001,3.0106800000000016,103.05000000000001,2,4,3,2,31
422.47900000000016,3.7567800000000027,91.8,2,4,3,2,31
365.4370000000001,2.9434000000000005,91.81,3,4,2,3,27
403.48600000000016,3.669400000000002,91.81,3,4,4,3,30
366.49000000000007,3.6146000000000003,80.03999999999999,3,5,4,3,26
493.55400000000014,4.984180000000004,106.07000000000001,1,5,5,2,36
506.45200000000017,4.407800000000003,100.74000000000001,1,6,4,2,36
451.4730000000001,3.9579800000000027,106.07000000000001,1,5,4,2,33
452.4610000000001,3.3529800000000023,118.96,1,6,4,2,33
481.4990000000001,3.318880000000002,126.3,2,6,5,2,35
458.4800000000001,4.6155000000000035,82.28,1,4,5,2,33
465.5000000000001,4.348080000000003,106.07000000000001,1,5,5,2,34
466.4880000000001,3.7430800000000026,118.96,1,6,5,2,34
479.5270000000001,4.738180000000003,106.07000000000001,1,5,6,2,35
480.5150000000001,4.133180000000003,118.96,1,6,6,2,35
423.46300000000014,4.183780000000003,89.0,1,5,3,2,31
499.5330000000001,3.909600000000002,85.52,1,5,5,2,36
506.5530000000001,3.6421800000000015,109.30999999999999,1,6,5,2,37
480.5150000000001,3.2999800000000015,118.09999999999998,2,6,6,2,35
417.4270000000001,4.484800000000004,59.42,1,4,3,2,30
424.4470000000001,4.217380000000004,83.21,1,5,3,2,31
458.44400000000013,3.7877800000000015,109.53999999999999,1,6,2,3,33
302.41800000000006,1.9407999999999999,32.78,0,3,3,1,22
328.45600000000013,2.4734000000000007,32.78,0,3,4,1,24
364.4890000000001,3.5156000000000027,32.78,0,3,4,2,27
451.4640000000001,4.068500000000003,45.67,0,4,4,2,32
451.4640000000001,4.068500000000003,45.67,0,4,4,2,32
355.36900000000014,2.2253999999999996,78.96000000000001,1,6,1,2,26
338.3670000000001,1.4812999999999996,91.85000000000001,1,7,1,2,25
378.4480000000001,3.121400000000002,65.43,1,5,2,2,26
425.4360000000001,3.177100000000001,102.49,2,7,5,2,29
369.5300000000002,5.165600000000005,21.700000000000003,0,4,6,2,26
513.0340000000003,5.981100000000005,78.91000000000001,1,6,4,2,36
944.1209999999999,7.373300000000008,208.94999999999996,3,15,14,4,67
946.0929999999998,6.567200000000006,218.17999999999998,3,16,14,4,67
401.5280000000001,3.8472000000000035,55.84,0,5,6,2,28
401.5280000000001,3.8472000000000035,55.84,0,5,6,2,28
462.5560000000004,6.209600000000006,56.33,2,2,4,2,33
464.52800000000036,5.055900000000005,65.56,2,3,4,2,33
478.5550000000004,5.446000000000005,65.56,2,3,5,2,34
434.54600000000033,5.991200000000006,28.26,1,2,4,2,31
276.38300000000004,3.693900000000003,38.91,1,2,4,3,21
303.25899999999996,3.1187000000000014,63.93,2,3,4,2,21
470.45500000000015,2.49636,116.28,2,7,5,2,34
340.35400000000004,2.416480000000001,73.56,1,4,4,2,25
430.3790000000001,2.8795800000000007,107.25999999999999,2,5,5,2,29
467.153,4.4867,100.28,3,5,4,2,29
552.557,5.567200000000004,135.49999999999997,3,6,5,4,40
538.5300000000001,5.177100000000003,135.49999999999997,3,6,5,4,39
552.557,5.567200000000003,135.49999999999997,3,6,5,4,40
448.45500000000015,1.6783500000000002,148.69,3,7,4,2,31
377.4960000000001,3.4548000000000023,96.61,2,6,3,3,28
332.40400000000017,2.3684,63.74000000000001,1,6,3,2,23
401.42300000000023,3.2208000000000014,86.32000000000001,0,7,4,3,28
465.47200000000015,4.115400000000003,78.54,1,7,7,2,33
534.4910000000002,4.967800000000004,101.12,0,8,8,3,38
373.28700000000003,3.310100000000002,88.65,0,6,5,2,26
359.26000000000005,2.920000000000001,88.65,0,6,5,2,25
483.4400000000001,1.6943999999999992,114.03999999999999,2,6,8,1,32
518.4740000000002,0.7172999999999996,146.97,2,9,7,2,35
390.4090000000001,4.520600000000003,62.45,2,4,3,3,28
406.40800000000013,4.400400000000003,71.67999999999999,2,5,4,3,29
371.34700000000015,2.2428800000000004,113.39,2,6,3,2,27
405.79200000000014,2.89628,113.39,2,6,3,2,28
389.3370000000001,2.3819800000000004,113.39,2,6,3,2,28
367.49300000000005,2.8765800000000015,79.35,1,5,3,1,27
389.4900000000001,3.9427800000000026,62.279999999999994,1,4,3,1,28
369.4840000000001,3.770780000000002,62.279999999999994,1,4,3,1,27
353.51000000000005,3.697580000000002,62.279999999999994,1,4,3,1,26
369.50900000000007,2.668380000000001,82.50999999999999,2,5,3,1,27
410.60200000000015,4.618200000000004,32.78,0,3,6,1,30
436.68400000000025,5.871800000000007,15.71,0,3,6,1,32
403.51700000000017,4.188780000000003,62.279999999999994,1,4,4,1,29
442.60700000000026,5.490300000000006,59.81,1,3,3,2,33
468.6050000000003,4.756980000000005,96.49000000000001,1,5,3,2,35
478.0400000000003,5.538700000000006,72.7,1,4,3,2,34
488.5920000000003,4.793500000000005,115.84,1,6,4,2,36
369.50900000000007,2.668380000000001,82.50999999999999,2,5,3,1,27
555.103,2.8186999999999998,145.25,4,7,14,3,39
342.89000000000004,4.622000000000004,17.07,0,1,5,2,24
342.83000000000015,3.7353000000000023,50.69,1,4,0,2,24
313.3780000000001,3.1896700000000013,73.21,1,4,3,2,22
453.0120000000003,1.6997,106.36,2,7,6,2,30
465.57500000000033,3.522000000000003,103.38000000000001,2,5,7,3,33
436.53700000000026,3.2905000000000015,107.03999999999999,2,5,7,3,31
411.5080000000001,3.204200000000001,87.39,0,5,4,4,28
395.5090000000001,3.538100000000002,76.31,0,4,4,4,27
437.5460000000002,3.7368000000000023,87.39,0,5,5,4,30
411.50800000000015,3.204200000000001,87.39,0,5,4,4,28
395.5090000000001,3.538100000000002,76.31,0,4,4,4,27
433.55900000000025,1.9695999999999998,102.66000000000001,1,6,5,3,29
404.5170000000002,2.1228,99.42,1,6,4,3,27
426.52300000000014,3.280800000000002,99.42,1,6,5,4,29
426.52300000000014,3.280800000000001,99.42,1,6,5,4,29
410.5240000000001,3.614700000000002,88.34,1,5,5,4,28
350.40700000000004,2.6673,91.06,1,6,4,4,25
410.5240000000001,3.614700000000002,88.33999999999999,1,5,5,4,28
411.5080000000001,3.204200000000001,87.39,0,5,4,4,28
395.50900000000007,3.538100000000002,76.31,0,4,4,4,27
447.55200000000013,6.221200000000006,21.060000000000002,0,2,4,3,31
435.6100000000003,6.598100000000006,21.060000000000002,0,2,4,2,30
306.4730000000001,4.374700000000004,3.88,0,0,0,1,23
423.3190000000002,4.678900000000004,22.34,0,2,4,3,29
354.4290000000001,3.3721000000000023,22.34,0,2,4,3,27
515.4630000000002,7.9515000000000065,3.88,0,0,2,5,37
478.5710000000002,6.055900000000006,44.34,2,2,2,5,37
515.4630000000002,7.951500000000006,3.88,0,0,2,5,37
446.5730000000002,6.644700000000006,3.88,0,0,2,5,35
363.26700000000005,4.617500000000003,3.88,0,0,0,3,25
363.26700000000005,4.617500000000003,3.88,0,0,0,3,25
294.377,3.3107000000000015,3.88,0,0,0,3,23
363.26700000000005,4.617500000000003,3.88,0,0,0,3,25
431.38300000000027,5.841100000000005,22.34,0,2,10,3,29
431.38300000000027,5.841100000000005,22.34,0,2,10,3,29
362.4930000000001,4.534300000000004,22.34,0,2,10,3,27
431.38300000000027,5.841100000000005,22.34,0,2,10,3,29
454.6370000000002,7.415500000000007,3.88,0,0,8,5,35
302.441,4.081500000000004,3.88,0,0,6,3,23
306.385,3.669100000000003,22.34,0,2,6,3,23
471.43200000000024,5.2390200000000045,51.370000000000005,2,3,7,3,32
472.4200000000002,4.634020000000004,64.26,2,4,7,3,32
425.50800000000027,2.839340000000001,80.47,3,4,5,2,31
368.4120000000001,2.9538400000000005,86.02000000000001,4,3,3,2,27
389.499,4.374520000000002,68.36,3,3,5,3,29
375.47200000000004,3.984420000000002,68.36,3,3,5,3,28
375.42800000000005,3.0798200000000007,85.43,3,3,4,3,28
403.52599999999995,4.592120000000003,68.36,3,3,6,3,30
395.47799999999995,4.009120000000002,68.36,3,3,9,3,29
389.49899999999997,4.374520000000003,68.36,3,3,6,3,29
375.47200000000004,3.595720000000002,68.36,3,3,5,3,28
375.47200000000004,3.595720000000002,68.36,3,3,5,3,28
389.4990000000001,3.6382200000000013,68.36,3,3,5,3,29
361.44500000000005,3.5532200000000014,68.36,3,3,5,3,27
479.60600000000017,2.2115,101.46,2,6,7,3,34
294.35800000000006,2.4083200000000007,53.92,1,2,2,3,22
555.893,7.747940000000006,79.9,2,4,4,4,37
442.4630000000002,4.789140000000003,96.97,2,6,4,3,30
418.5190000000002,3.2616400000000016,117.19999999999999,3,7,6,3,29
358.46700000000016,3.890540000000003,87.74000000000001,2,5,3,3,25
439.44100000000014,4.827300000000003,100.61,2,5,3,3,32
420.6010000000004,5.630420000000005,76.7,2,3,5,3,31
438.59100000000046,5.578420000000005,76.7,2,3,5,3,32
338.74499999999995,3.8847200000000024,55.730000000000004,1,3,5,3,23
306.291,3.7066200000000027,46.5,1,2,4,3,22
587.4630000000002,5.693420000000005,122.58999999999997,3,4,4,6,41
572.6120000000001,4.399020000000004,123.10999999999999,3,4,4,5,42
517.9770000000002,4.122320000000003,135.07,3,7,6,5,37
396.3970000000002,3.772120000000002,100.07,2,5,3,4,29
453.47400000000016,3.714220000000001,120.62,3,8,3,3,33
502.5740000000002,5.321920000000005,114.0,3,4,4,6,38
431.9670000000003,6.545420000000006,42.160000000000004,0,4,5,4,31
368.38300000000015,4.959420000000004,46.34,0,3,3,3,27
376.35300000000007,4.627120000000003,36.1,1,2,2,3,27
421.40300000000013,4.5462200000000035,77.13,1,4,4,4,31
385.4270000000002,3.788020000000002,102.73000000000002,2,5,3,5,29
465.4280000000001,6.729520000000005,33.95,0,3,5,4,32
441.5830000000001,4.2787200000000025,62.970000000000006,0,6,6,4,33
397.526,4.817720000000004,46.84,0,4,5,4,30
334.467,3.970520000000003,33.95,0,3,4,3,25
433.50600000000003,5.095920000000005,46.84,0,4,5,4,32
426.58900000000006,6.099420000000006,33.43000000000001,0,4,4,5,31
377.517,4.341220000000003,46.32000000000001,0,5,4,4,27
362.4330000000001,3.2983200000000004,79.04,3,4,4,3,27
391.46700000000016,4.411120000000004,59.75,0,5,5,3,29
386.4150000000002,3.183020000000001,115.62,2,6,3,5,29
448.52300000000025,3.082200000000001,115.64,2,8,7,3,33
489.5760000000003,3.226000000000001,124.51,2,8,8,3,36
449.51100000000025,2.4772,128.53,2,9,7,3,33
414.1450000000003,3.225520000000002,33.09,1,3,1,2,21
443.5110000000001,1.6691999999999998,100.17,0,7,4,3,33
444.4990000000001,1.0641999999999996,113.06,0,8,4,3,33
444.4990000000001,1.0641999999999996,113.06,0,8,4,3,33
278.105,3.600100000000002,54.0,0,3,2,2,16
233.654,3.4910000000000014,54.0,0,3,2,2,16
199.209,2.837600000000001,54.0,0,3,2,2,15
499.4860000000002,5.591620000000006,31.720000000000006,0,3,7,3,34
556.7590000000002,6.628820000000004,85.84,1,5,5,4,36
485.4590000000002,5.249420000000004,40.510000000000005,1,3,7,3,33
486.4470000000002,4.644420000000004,53.400000000000006,1,4,7,3,33
486.4470000000002,4.644420000000004,53.400000000000006,1,4,7,3,33
451.4420000000003,4.4898200000000035,40.510000000000005,1,3,5,2,30
463.79600000000016,5.938620000000005,50.160000000000004,1,3,4,3,30
577.6450000000003,4.899220000000002,115.54000000000002,2,8,8,5,43
363.343,3.2444200000000016,64.74000000000001,1,3,4,3,26
531.9140000000002,6.632920000000006,77.76,1,4,8,4,37
335.3790000000001,3.512500000000002,69.53999999999999,1,4,4,2,23
460.5380000000003,2.131519999999999,93.45000000000002,0,7,6,3,34
461.5260000000003,1.5265199999999994,106.34,0,8,6,3,34
464.50100000000026,2.0386199999999994,93.45000000000002,0,7,6,3,34
465.48900000000026,1.4336199999999995,106.34,0,8,6,3,34
470.5160000000004,3.983240000000004,59.080000000000005,0,6,6,2,34
462.5100000000003,1.0614199999999994,113.68,1,8,6,3,34
463.4980000000003,0.4564200000000005,126.57000000000002,1,9,6,3,34
466.5340000000004,2.0288399999999998,99.54000000000002,2,8,6,2,34
464.5370000000002,5.728740000000006,68.71000000000001,0,6,7,4,34
433.5810000000003,4.596340000000004,56.07,0,6,6,4,31
428.418,3.9026000000000014,110.24999999999999,3,4,5,3,31
405.8850000000001,4.903420000000004,48.53,0,3,5,4,29
445.52300000000025,3.0550200000000016,90.21000000000001,0,6,6,3,33
436.5120000000002,1.8207199999999997,84.74000000000001,0,6,4,2,32
446.5110000000003,1.5705199999999992,93.45000000000002,0,7,6,3,33
447.4990000000003,0.9655199999999995,106.34,0,8,6,3,33
447.4990000000003,0.9655199999999995,106.34,0,8,6,3,33
448.4870000000003,0.3605200000000002,119.23000000000002,0,9,6,3,33
447.4990000000003,0.9655199999999995,106.34,0,8,6,3,33
450.53500000000037,2.5379400000000008,79.31,1,7,6,2,33
434.5360000000003,3.0470400000000017,59.080000000000005,0,6,6,2,32
272.367,2.7350200000000005,15.27,1,2,3,2,20
480.4770000000001,4.818220000000005,41.57000000000001,1,3,4,2,34
526.0580000000002,4.362820000000003,94.80000000000001,3,6,8,4,36
342.405,3.356720000000001,24.5,1,3,4,1,24
336.432,2.410820000000001,49.410000000000004,1,3,4,2,23
462.56900000000013,4.481000000000003,76.44,1,4,5,2,34
491.6040000000001,4.296920000000004,69.72,1,4,6,2,34
477.5770000000001,3.9068200000000033,69.72,1,4,7,2,33
613.7040000000002,2.6786200000000004,169.82999999999998,2,12,6,5,44
392.51800000000003,5.547420000000006,17.4,0,2,5,3,29
393.50600000000003,4.942420000000005,30.29,0,3,5,3,29
340.511,5.0000200000000055,17.4,0,2,5,2,25
338.49500000000006,4.754020000000005,17.4,0,2,5,2,25
352.5220000000001,5.144120000000005,17.4,0,2,5,2,26
380.5760000000002,5.924320000000007,17.4,0,2,5,2,28
382.5480000000002,4.7706200000000045,26.63,0,3,5,2,28
354.53800000000007,5.075120000000005,17.4,0,2,6,2,26
406.5450000000001,5.606520000000006,17.4,0,2,6,3,30
418.434,5.442820000000005,17.4,0,2,4,3,30
408.7600000000001,6.305920000000005,29.85,1,2,5,3,26
434.7980000000001,6.840120000000005,29.85,1,2,5,3,28
401.34100000000007,5.581720000000005,42.74,1,3,5,3,27
402.3290000000001,4.976720000000004,55.63,1,4,5,3,27
367.88400000000007,4.323320000000003,55.63,1,4,5,3,26
362.399,4.030600000000003,53.64,1,3,6,2,26
474.0010000000002,3.894820000000003,76.82000000000001,1,5,3,2,33
460.01800000000014,4.3682200000000035,59.750000000000014,1,5,4,2,32
602.5430000000003,4.623020000000004,135.78,0,9,9,5,42
323.31800000000004,3.219920000000001,57.78,2,2,4,2,23
552.5360000000003,3.7433200000000024,135.78,0,9,9,5,39
569.5550000000002,4.773920000000004,82.19,1,6,6,2,37
526.4860000000003,4.284220000000003,78.95,1,5,6,2,34
523.4760000000003,5.692020000000005,53.010000000000005,1,4,8,2,35
582.5060000000001,3.1809200000000013,128.79999999999998,3,7,8,3,38
582.5060000000001,3.1809200000000013,128.79999999999998,3,7,8,3,38
522.3510000000002,3.643020000000001,94.66,3,5,7,2,34
495.3290000000002,3.6778200000000014,90.48,3,5,7,2,32
236.74599999999995,2.37122,15.27,1,2,0,1,16
294.826,3.1085200000000013,32.34,1,2,4,1,20
528.1,5.751640000000005,53.4,1,4,8,4,38
595.151,5.083020000000004,84.11,1,6,10,5,43
384.87100000000015,3.3615200000000005,77.75,1,6,7,3,27
359.4010000000001,2.28022,74.57,2,4,3,2,26
376.4390000000002,4.432920000000003,60.56,1,4,5,4,28
469.87900000000013,3.8942200000000025,81.28999999999999,1,4,4,4,33
458.48000000000025,4.533820000000003,82.28,1,4,4,2,33
260.25899999999996,2.18672,55.12,2,2,3,1,18
359.4010000000001,2.2671200000000002,88.56,2,4,4,2,26
412.4650000000002,2.811700000000001,98.36000000000001,2,5,7,2,30
360.40800000000013,1.9191200000000002,77.28,2,4,3,2,26
342.4180000000001,1.78002,77.28,2,4,3,2,25
424.47600000000017,3.4621200000000023,97.52000000000001,2,6,4,3,31
425.46400000000017,2.44482,110.15,2,6,4,3,31
441.53200000000015,3.814110000000003,93.08000000000001,2,6,4,3,31
426.53600000000023,2.7322200000000016,71.57,1,4,5,2,31
438.5030000000002,3.3859200000000023,97.52000000000001,2,6,5,3,32
439.4910000000002,2.368620000000001,110.15,2,6,5,3,32
439.4910000000002,2.368620000000001,110.15,2,6,5,3,32
455.5590000000002,3.737910000000002,93.08000000000001,2,6,5,3,32
385.4390000000002,2.7997200000000007,88.56,2,4,4,2,28
437.37100000000015,3.488740000000001,73.38,1,5,2,2,29
469.4160000000002,4.998840000000005,64.15,1,4,2,3,32
470.4040000000003,4.2726200000000025,90.16999999999999,2,5,2,3,32
470.4040000000003,4.3938400000000035,77.04,1,5,2,3,32
425.4640000000002,2.44482,110.15,2,6,4,3,31
409.4650000000002,3.1515200000000023,90.18,1,6,4,3,30
409.4650000000002,3.1515200000000023,90.18,1,6,4,3,30
425.4640000000002,2.44482,110.15,2,6,4,3,31
366.44000000000017,2.973200000000001,75.05000000000001,1,4,3,2,27
385.4390000000002,2.7997200000000007,88.56,2,4,4,2,28
384.4550000000002,2.2004200000000003,94.35,2,4,4,2,28
373.4280000000001,2.6556200000000008,88.56,2,4,4,2,27
358.46100000000007,2.416120000000001,77.28,2,4,4,2,26
373.4280000000001,2.6556200000000008,88.56,2,4,4,2,27
345.4180000000001,2.6630200000000013,71.49000000000001,2,4,3,2,25
329.4190000000001,2.9574200000000017,51.26,1,3,3,2,24
426.4920000000002,3.2002000000000015,98.36000000000001,2,5,7,2,31
736.8050000000002,2.8288200000000003,167.26,4,9,8,3,54
530.5640000000002,3.8553200000000016,119.63,3,8,7,5,39
589.7000000000002,6.0941200000000055,125.13000000000001,3,7,6,5,44
477.55000000000024,5.130720000000005,55.980000000000004,3,4,9,3,34
505.6400000000002,4.6453200000000034,95.58000000000001,2,4,6,3,36
381.3980000000001,4.200240000000003,78.27,3,5,3,2,27
476.5840000000003,5.647200000000005,84.12,2,6,5,5,36
456.90200000000016,3.8793200000000025,93.09,2,5,7,3,30
408.89700000000016,3.617720000000002,84.96000000000001,2,6,4,4,29
438.9630000000003,4.4448200000000035,68.1,1,6,5,3,31
504.9690000000003,4.050920000000002,88.33000000000001,2,7,5,3,35
464.51200000000017,5.257620000000004,69.64,2,3,4,3,34
446.52200000000016,5.118520000000005,69.64,2,3,4,3,33
428.53200000000015,4.979420000000005,69.64,2,3,4,3,32
567.7960000000003,4.747620000000004,101.9,4,6,9,2,40
341.4110000000001,3.133720000000002,78.60000000000001,2,4,3,2,25
478.5390000000002,5.875220000000006,58.64,1,3,6,3,35
514.0410000000003,4.910300000000005,76.80000000000001,1,5,8,2,36
523.4760000000003,5.692020000000006,53.010000000000005,1,4,8,2,35
567.5990000000003,5.884720000000005,68.8,2,4,11,3,40
513.6290000000004,5.342320000000004,68.8,2,4,11,3,37
513.6290000000004,5.342320000000004,68.8,2,4,11,3,37
513.6290000000004,5.342320000000004,68.8,2,4,11,3,37
518.5800000000004,4.6304200000000035,81.69,2,5,11,3,37
514.6170000000003,4.879820000000004,81.69,2,5,11,3,37
500.5900000000003,4.4913200000000035,81.69,2,5,11,3,36
514.6170000000003,4.737320000000004,81.69,2,5,11,3,37
514.6170000000003,4.737320000000004,81.69,2,5,11,3,37
535.5820000000003,5.434820000000005,77.59,3,4,11,3,38
517.5920000000003,5.295720000000005,77.59,3,4,11,3,37
517.5920000000003,5.139220000000004,77.59,3,4,11,3,37
517.5920000000003,5.139220000000004,77.59,3,4,11,3,37
553.5720000000002,5.542520000000004,77.59,3,4,11,3,39
535.5820000000002,5.245320000000004,77.59,3,4,12,3,38
513.6290000000004,5.390220000000005,77.59,3,4,11,3,37
507.57200000000023,4.9070200000000055,60.519999999999996,3,4,11,3,36
495.5360000000002,5.841720000000006,40.29,2,3,9,3,35
466.57600000000025,5.193100000000005,64.08,2,4,10,3,34
485.5750000000003,4.754120000000004,77.59,3,4,11,3,35
499.60200000000026,5.000120000000004,77.59,3,4,11,3,36
499.60200000000026,5.000120000000004,77.59,3,4,11,3,36
477.5460000000002,5.702620000000006,40.29,2,3,9,3,34
490.5700000000003,4.162920000000004,73.41,3,5,11,3,35
478.5340000000002,5.0976200000000045,53.18,2,4,9,3,34
508.56000000000023,4.302020000000004,73.41,3,5,11,3,36
500.59000000000026,4.395120000000003,90.48,3,5,11,3,36
500.59000000000026,4.395120000000003,90.48,3,5,11,3,36
491.5580000000003,3.5579200000000033,86.3,3,6,11,3,35
479.5220000000002,4.492620000000004,66.07,2,5,9,3,34
460.5490000000002,5.5796200000000065,58.64,1,3,6,3,34
478.6400000000004,6.071900000000006,55.29,1,4,9,4,36
464.61300000000034,5.681800000000005,55.29,1,4,8,4,35
474.0480000000003,6.463520000000005,31.5,1,3,8,4,34
457.5930000000003,5.949220000000006,31.5,1,3,8,4,34
450.5860000000003,5.291700000000004,55.29,1,4,7,4,34
460.02100000000024,6.073420000000005,31.5,1,3,7,4,33
443.56600000000026,5.5591200000000045,31.5,1,3,7,4,33
506.6240000000002,4.612220000000003,92.78,1,5,6,3,36
350.4620000000001,3.6683200000000022,55.56,1,3,5,2,26
426.4690000000003,1.4540199999999996,96.38,1,7,4,1,31
452.51100000000025,1.3116199999999998,104.97,1,7,4,2,33
446.50700000000023,2.4846000000000004,106.75999999999999,1,7,4,2,33
499.5890000000003,2.01642,117.11000000000001,1,8,5,2,35
499.5890000000003,2.0164199999999997,117.11000000000001,1,8,5,2,35
427.5260000000002,2.6744200000000014,82.97,1,7,4,2,30
500.5770000000003,1.41142,130.0,1,9,5,2,35
446.50700000000023,2.4846000000000004,106.76000000000002,1,7,4,2,33
460.91400000000027,2.0205200000000003,96.38000000000002,1,7,4,1,32
424.4970000000003,2.2601200000000006,87.15,1,6,4,1,31
412.4860000000003,1.9274199999999997,79.31,1,7,4,1,30
426.4690000000003,1.4540199999999996,96.38000000000002,1,7,4,1,31
440.49600000000027,1.8425199999999997,96.38000000000002,1,7,4,1,32
487.55600000000027,3.8729200000000032,96.11000000000001,1,7,5,3,36
503.62400000000025,4.341420000000004,82.97,1,7,5,3,36
466.5380000000003,1.6200399999999997,104.97,1,7,4,2,34
475.5530000000002,2.0620199999999995,109.5,1,9,5,3,35
488.4910000000002,2.16972,104.97,1,7,5,2,35
451.52300000000025,1.9166199999999995,92.08000000000001,1,6,4,2,33
438.52800000000025,1.7850199999999996,87.9,1,7,4,2,32
452.51100000000025,1.3116199999999998,104.97,1,7,4,2,33
452.5550000000003,2.1751199999999997,87.9,1,7,4,2,33
506.6030000000004,2.8897200000000014,104.97,1,7,5,2,37
432.5240000000002,2.958000000000001,89.69,1,7,4,2,32
446.5510000000003,3.3481000000000023,89.69,1,7,4,2,33
432.5240000000002,2.958000000000001,89.69,1,7,4,2,32
465.5940000000003,3.3137200000000018,86.13,2,7,5,2,34
485.6060000000003,2.489820000000001,100.04000000000002,1,8,5,2,34
485.6060000000003,2.489820000000001,100.04000000000002,1,8,5,2,34
469.60700000000026,2.8237200000000016,88.96000000000001,1,7,5,2,33
451.52300000000025,1.9166199999999995,92.08000000000001,1,6,4,2,33
421.4970000000002,2.612920000000001,82.97,1,6,4,2,31
422.4850000000002,2.00792,95.86000000000001,1,7,4,2,31
422.4850000000002,2.0079200000000004,95.86000000000001,1,7,4,2,31
413.5430000000002,3.147820000000002,65.9,1,7,4,2,29
427.5260000000002,2.6744200000000014,82.97,1,7,4,2,30
452.51100000000025,1.3116199999999998,104.97,1,7,4,2,33
486.5940000000003,1.8848199999999997,112.93,1,9,5,2,34
432.5240000000002,2.958000000000001,89.69,1,7,4,2,32
452.51100000000025,1.3116199999999998,104.97,1,7,4,2,33
427.5260000000002,2.6744200000000005,82.97,1,7,4,2,30
428.5140000000002,2.06942,95.86000000000001,1,8,4,2,30
428.5140000000002,2.06942,95.86000000000001,1,8,4,2,30
461.97100000000023,3.3278200000000018,82.97,1,7,4,2,31
468.51000000000033,0.6905200000000007,114.20000000000002,1,8,4,2,34
454.4830000000003,1.2839199999999995,114.20000000000002,1,8,4,2,33
424.50100000000026,1.3949199999999997,87.9,1,7,4,2,31
454.5270000000003,1.1639200000000005,97.13,1,8,4,2,33
418.4970000000002,2.5679000000000007,89.69,1,7,4,2,31
429.4980000000002,2.646720000000001,92.20000000000002,1,8,4,2,30
399.5160000000002,2.757720000000001,65.9,1,7,4,2,28
468.5100000000003,0.6905200000000007,114.20000000000002,1,8,4,2,34
490.4820000000003,2.3354999999999997,109.91999999999999,2,8,6,2,35
462.55000000000035,2.1940999999999997,109.91999999999999,2,8,7,2,34
456.93000000000023,1.9700999999999995,109.92000000000002,2,8,6,2,32
422.48500000000024,1.3166999999999998,109.91999999999999,2,8,6,2,31
466.5340000000004,2.0288399999999998,99.54000000000002,2,8,6,2,34
444.4660000000003,3.2249000000000017,99.34,1,7,4,3,33
466.5380000000003,1.7001199999999999,104.97,1,7,4,2,34
462.4890000000002,1.2033,113.06,0,8,4,3,34
462.4890000000002,1.2033,113.06,0,8,4,3,34
475.5090000000003,0.8629199999999999,115.57000000000002,0,9,4,3,35
462.4890000000002,1.2033,113.06,0,8,4,3,34
475.5090000000003,0.8629199999999999,115.57000000000002,0,9,4,3,35
461.4860000000002,0.7287199999999998,128.19,0,10,4,4,34
491.5770000000003,1.5795199999999998,106.34,0,9,4,3,35
463.4770000000002,0.5983000000000005,125.95000000000002,0,9,4,3,34
463.4770000000002,0.5983000000000005,125.95000000000002,0,9,4,3,34
490.5700000000003,4.162920000000002,73.41000000000001,3,5,11,3,35
478.5340000000002,5.0976200000000045,53.18000000000001,2,4,9,3,34
496.62700000000035,4.598220000000004,81.69,2,5,11,3,36
482.6000000000003,4.256020000000003,90.48,3,5,11,3,35
466.5340000000004,2.0288399999999998,99.54000000000002,2,8,6,2,34
466.5340000000004,2.0288399999999998,99.54000000000002,2,8,6,2,34
462.4890000000002,1.2033,113.06,0,8,4,3,34
474.52500000000026,0.4359200000000015,118.37,1,9,4,3,35
475.5090000000003,0.8629199999999999,115.57000000000002,0,9,4,3,35
462.4890000000002,1.2033,113.06,0,8,4,3,34
475.5090000000003,0.8629199999999999,115.57000000000002,0,9,4,3,35
461.4860000000002,0.7287199999999998,128.19,0,10,4,4,34
463.4770000000002,0.5983000000000005,125.95000000000002,0,9,4,3,34
463.4770000000002,0.5983000000000005,125.95000000000002,0,9,4,3,34
463.4770000000002,0.5983000000000005,125.95000000000002,0,9,4,3,34
448.6110000000003,4.252320000000003,80.36,2,4,1,2,33
462.6380000000003,4.640820000000003,80.36,2,4,1,2,34
434.5840000000003,3.8622200000000024,80.36,2,4,1,2,32
434.5840000000003,3.8622200000000024,80.36,2,4,1,2,32
450.5830000000003,3.0986200000000013,89.59,2,5,1,2,33
434.58400000000034,3.7197200000000024,80.36,2,4,1,2,32
452.5740000000003,3.810220000000002,80.36,2,4,1,2,33
422.52900000000034,2.902520000000001,106.22,3,4,1,2,31
408.54600000000033,3.3759200000000016,89.15,3,4,1,2,30
493.6520000000004,3.208120000000001,123.44999999999999,3,5,2,2,36
461.9750000000003,3.9726200000000027,93.37,1,7,7,3,31
445.4660000000002,5.4898200000000035,49.050000000000004,0,4,5,4,31
432.59000000000026,2.8512000000000013,93.50999999999999,1,5,1,1,30
442.0250000000003,3.632920000000002,69.72,1,4,1,1,29
425.5700000000002,3.1186200000000017,69.72,1,4,1,1,29
407.5800000000002,2.9795200000000017,69.72,1,4,1,1,28
402.5020000000001,4.138220000000002,111.62,5,5,4,4,30
403.4900000000001,3.533220000000001,124.50999999999999,5,6,4,4,30
405.4620000000001,2.3795200000000003,133.73999999999998,5,7,4,4,30
316.40500000000014,2.28852,63.269999999999996,1,5,3,2,23
330.43200000000013,2.6770200000000006,63.269999999999996,1,5,3,2,24
330.43200000000013,2.6770200000000006,63.269999999999996,1,5,3,2,24
328.41600000000017,2.4294200000000004,63.269999999999996,1,5,3,2,24
328.41600000000017,2.4294200000000004,63.269999999999996,1,5,3,2,24
541.8660000000002,7.439520000000005,79.9,2,4,4,4,36
380.197,5.062320000000002,61.03,1,4,5,2,24
402.7960000000002,5.766040000000003,55.760000000000005,1,3,7,2,27
379.4830000000002,4.231040000000003,65.63,3,4,4,3,28
392.50700000000006,3.1215200000000003,111.32999999999998,3,5,4,3,29
457.44000000000017,4.486420000000004,95.51,1,7,2,4,34
447.4010000000002,4.079420000000003,108.65,1,8,2,4,33
439.45000000000016,4.347320000000003,95.51,1,7,2,4,33
598.729,4.640620000000003,154.46,3,9,9,4,43
452.4900000000001,2.984419999999999,135.76,3,5,6,3,33
434.5000000000001,2.845319999999999,135.76,3,5,6,3,32
405.50200000000007,4.054840000000001,92.66999999999999,2,4,5,3,30
506.6070000000002,4.206320000000002,131.0,3,6,7,3,37
470.5550000000001,2.393819999999999,152.83,3,6,6,3,33
446.51100000000014,2.95282,121.77000000000001,3,5,5,3,33
434.49600000000027,2.0362999999999993,109.29000000000002,2,6,5,3,32
447.4990000000001,3.2712200000000005,144.72,3,6,5,4,33
402.8850000000001,4.952120000000005,52.83,0,4,3,4,29
437.4250000000001,5.4703200000000045,64.86,1,5,3,4,32
403.87300000000016,5.104920000000004,64.86,1,5,3,4,29
453.42400000000015,5.350120000000003,74.09,1,6,4,4,33
404.8570000000001,5.1536200000000045,62.06,0,5,3,4,29
422.8470000000001,5.2927200000000045,62.06,0,5,3,4,30
454.40800000000013,5.398820000000004,71.29,0,6,4,4,33
404.8570000000001,5.1536200000000045,62.06,0,5,3,4,29
454.40800000000013,5.398820000000004,71.29,0,6,4,4,33
484.6290000000002,4.900200000000004,83.77,0,7,7,4,35
540.6590000000001,5.792820000000006,51.77,0,5,7,4,38
527.6160000000001,6.047320000000005,59.980000000000004,0,6,7,4,37
528.5090000000001,6.335320000000006,59.980000000000004,0,6,7,4,35
494.06400000000014,5.681920000000006,59.980000000000004,0,6,7,4,34
508.64200000000017,5.052220000000004,51.77,0,5,7,4,36
539.7090000000003,5.5885600000000055,85.76,0,8,7,5,39
494.06400000000014,5.681920000000006,59.980000000000004,0,6,7,4,34
477.60900000000015,5.167620000000005,59.980000000000004,0,6,7,4,34
459.61900000000014,5.028520000000005,59.980000000000004,0,6,7,4,33
494.06400000000014,5.681920000000006,59.980000000000004,0,6,7,4,34
460.60700000000014,4.4235200000000034,72.87,0,7,7,4,33
462.62300000000016,4.367020000000004,64.91,0,6,7,4,33
465.64800000000014,5.090020000000004,59.980000000000004,0,7,7,4,32
460.60700000000014,4.423520000000003,72.87,0,7,7,4,33
477.6380000000002,4.070440000000002,77.8,0,7,7,4,34
439.6290000000002,4.6590200000000035,59.980000000000004,0,6,6,3,31
425.60200000000015,4.484920000000003,59.980000000000004,0,6,7,3,30
451.5180000000001,4.380320000000003,59.980000000000004,0,6,6,3,31
397.5480000000001,3.669940000000002,59.980000000000004,0,6,6,3,28
479.6940000000003,5.655220000000005,59.980000000000004,0,6,7,3,34
451.64000000000027,5.019120000000004,59.980000000000004,0,6,7,3,32
467.6390000000003,4.255520000000003,69.21000000000001,0,7,7,3,33
494.6150000000002,4.662120000000003,51.77,0,5,6,4,35
512.6830000000002,4.624040000000004,66.63,0,6,4,4,37
602.61,7.374620000000008,61.36,1,4,5,3,42
408.54900000000004,5.694020000000005,41.910000000000004,0,4,5,4,31
473.62100000000027,4.651220000000003,94.14,3,5,9,3,35
317.31399999999996,4.041520000000002,30.19,0,2,3,3,23
435.53200000000027,3.2479200000000015,97.19999999999999,2,6,7,3,32
360.3830000000002,4.332520000000002,67.59,2,3,3,3,26
362.3550000000002,3.178820000000001,76.82000000000001,2,4,3,3,26
458.52900000000017,5.9044200000000036,115.19999999999999,3,7,6,5,35
413.5220000000003,2.6016200000000005,84.59,0,7,5,2,30
439.43800000000033,2.49702,84.59,0,7,4,2,31
385.46800000000025,1.7866399999999998,84.59,0,7,4,2,28
411.50600000000026,2.35562,84.59,0,7,5,2,30
391.51900000000006,4.077640000000003,78.85000000000001,1,5,4,3,29
327.81500000000005,3.753320000000002,38.13,0,2,3,3,23
311.36,3.239020000000002,38.13,0,2,3,3,23
333.84400000000005,3.8148200000000028,38.13,0,3,3,3,22
341.36100000000005,3.331120000000002,38.13,0,2,3,3,25
323.371,3.3831200000000017,38.13,0,2,3,3,24
337.39799999999997,3.773220000000002,38.13,0,2,3,3,25
294.373,4.9509200000000035,17.82,0,1,3,3,22
310.37199999999996,4.187320000000002,27.05,0,2,3,3,23
317.367,4.594120000000002,30.71,0,2,3,4,24
307.32800000000003,4.187120000000002,43.85,0,3,3,4,23
256.28400000000005,2.7690200000000003,46.5,1,2,3,3,19
286.7660000000001,3.293720000000002,35.64,0,2,3,3,20
270.31100000000004,2.779420000000001,35.64,0,2,3,3,20
386.37700000000007,4.493720000000003,51.02,0,3,2,3,28
386.4590000000001,4.519440000000002,95.59,3,4,4,4,29
372.4320000000001,4.211020000000001,95.59,3,4,4,4,28
404.53900000000004,5.348520000000004,55.050000000000004,0,6,5,4,29
321.80800000000005,2.63722,49.05,0,3,3,2,22
518.6470000000002,4.211640000000003,103.83,0,9,7,5,37
518.6470000000002,4.211640000000003,103.83,0,9,7,5,37
437.51900000000006,4.724320000000004,83.28999999999999,2,6,8,3,32
492.5710000000001,4.490220000000003,63.220000000000006,0,7,7,3,34
477.5560000000001,5.159120000000005,59.980000000000004,0,6,7,3,33
403.4420000000002,2.2494199999999998,113.06,2,7,6,3,30
315.8080000000001,3.5973200000000025,48.53,0,3,4,3,22
287.754,2.7823400000000014,48.53,0,3,3,3,20
271.29900000000004,2.26804,48.53,0,3,3,3,20
313.79200000000003,3.351320000000002,48.53,0,3,4,3,22
297.33700000000005,2.8370200000000008,48.53,0,3,4,3,22
319.7710000000001,2.985920000000002,48.53,0,3,5,3,22
317.7800000000001,2.00872,68.76,1,4,5,3,22
423.45100000000014,4.409500000000004,74.81,0,4,3,4,32
448.47700000000026,3.8389000000000024,78.05,0,5,3,3,33
387.44300000000015,3.390600000000002,84.04,0,5,4,3,29
399.45400000000024,3.3922000000000017,84.04,0,5,5,3,30
441.4130000000001,3.9330000000000025,84.04,0,5,4,3,32
476.5330000000002,3.941320000000003,85.16000000000001,0,5,4,4,34
501.5590000000003,3.370720000000002,88.4,0,6,4,3,35
494.4950000000002,3.4648200000000022,94.39000000000001,0,6,5,3,34
338.3500000000001,2.554219999999999,97.20000000000002,2,6,4,4,25
446.51100000000037,1.5705199999999997,93.45000000000002,0,7,6,3,33
461.5260000000004,1.2739399999999994,106.34,0,8,6,3,34
475.55300000000045,1.8349399999999998,106.34,0,8,6,3,35
461.5260000000004,1.2739399999999999,106.34,0,8,6,3,34
429.48400000000026,1.96772,108.96000000000001,1,8,4,3,32
443.5110000000002,2.3562200000000004,108.96000000000001,1,8,4,3,33
366.4280000000001,4.989100000000003,97.42,2,6,5,3,28
574.7320000000003,5.361120000000005,134.23000000000002,2,9,8,4,40
574.7320000000003,5.361120000000004,134.23000000000002,2,9,8,4,40
441.4910000000001,6.391600000000004,94.61999999999999,1,7,5,4,32
439.5440000000002,5.827100000000005,94.61999999999999,1,7,5,3,32
441.4910000000001,6.391600000000003,94.61999999999999,1,7,5,4,32
457.4480000000002,6.008540000000004,76.49,1,4,6,3,33
423.89600000000024,5.643140000000004,76.49,1,4,6,3,30
432.52000000000027,5.055740000000005,79.73,1,5,7,3,32
458.5580000000004,5.589940000000006,79.73,1,5,7,3,34
394.49200000000025,5.656240000000004,63.60000000000001,1,4,6,3,28
389.45100000000025,4.989740000000005,76.49,1,4,6,3,29
373.4810000000001,4.985740000000004,46.39,1,3,3,3,27
348.1640000000001,4.011700000000001,58.68,0,3,1,3,23
566.4960000000003,3.6062200000000013,138.68,3,7,6,4,41
460.38000000000017,5.754340000000005,38.13,0,3,4,3,31
466.5380000000003,1.6200400000000004,104.97,1,7,4,2,34
479.5560000000003,2.8508200000000006,111.27,3,6,6,3,35
480.5440000000003,2.2458199999999993,124.16000000000001,3,7,6,3,35
521.5490000000003,2.0328199999999996,127.60000000000002,3,8,5,3,38
521.5490000000003,2.0328199999999996,127.60000000000002,3,8,5,3,38
389.3810000000001,2.13642,76.52000000000001,1,5,2,3,28
464.53700000000015,5.7287400000000055,68.71000000000001,0,6,7,4,34
484.9550000000002,6.073720000000005,68.71000000000001,0,6,7,4,34
450.51000000000016,5.420320000000006,68.71000000000001,0,6,7,4,33
304.19100000000003,3.2818200000000006,36.42,2,3,1,2,18
291.329,3.423040000000002,30.71,0,2,1,3,22
398.5320000000002,3.7997600000000027,76.14,2,5,6,2,28
498.5870000000004,3.963020000000003,126.39000000000001,2,8,7,3,37
533.6360000000003,4.994820000000004,130.05,2,8,8,4,40
548.6940000000002,4.696020000000004,134.23000000000002,2,9,7,4,38
435.2850000000001,4.717400000000002,120.63999999999999,2,7,4,3,28
376.36600000000004,4.869000000000002,63.730000000000004,0,4,4,4,28
364.4120000000001,4.154300000000003,72.32,0,4,2,5,28
366.42800000000005,4.3259000000000025,90.28,2,5,5,4,28
399.8850000000001,5.584300000000003,77.39,2,4,5,4,29
400.87300000000016,4.979300000000003,90.28,2,5,5,4,29
358.3800000000001,3.951200000000002,90.28,2,5,4,4,27
355.40500000000014,3.3943000000000003,116.3,3,6,4,4,27
340.3900000000001,3.812100000000002,90.28,2,5,4,4,26
449.4080000000002,3.5767000000000015,113.39,2,6,3,2,32
480.47200000000015,2.2823700000000002,148.69,3,7,4,2,33
462.4820000000002,1.98677,148.69,3,7,4,2,32
480.47200000000015,2.2823700000000002,148.69,3,7,4,2,33
462.4820000000002,1.98677,148.69,3,7,4,2,32
389.4150000000003,2.2268,122.62,2,7,2,2,29
484.5600000000003,3.3400000000000016,122.05,2,8,6,3,36
442.9430000000001,3.690820000000002,59.08000000000001,0,4,5,2,31
422.36000000000024,3.342340000000002,61.36000000000001,1,5,6,2,28
541.8660000000001,7.439520000000005,79.9,2,4,4,4,36
642.7319999999999,4.730720000000004,130.84,3,8,9,4,47
580.6350000000003,6.828020000000005,87.46,2,4,7,5,43
536.6260000000003,7.517320000000007,50.160000000000004,1,3,6,5,40
448.53000000000014,4.879070000000004,97.8,2,4,4,4,34
467.52900000000017,4.7055900000000035,111.31,3,4,5,4,35
311.38500000000005,2.6116400000000004,63.25,2,4,3,2,23
331.80300000000005,2.956620000000001,63.25,2,4,3,2,23
297.358,2.3032200000000005,63.25,2,4,3,2,22
459.38100000000026,4.277120000000003,89.07000000000001,2,5,4,3,31
715.9960000000004,10.819019999999991,66.84,1,3,6,4,49
630.6270000000001,5.880440000000005,119.83000000000001,1,7,6,4,46
579.6170000000002,3.962240000000002,152.95,2,9,6,4,43
562.6300000000003,4.861640000000004,119.83000000000001,1,7,6,4,42
562.6300000000003,4.861640000000004,119.83000000000001,1,7,6,4,42
563.6180000000003,4.2566400000000035,132.72000000000003,1,8,6,4,42
562.6300000000003,4.861640000000004,119.83000000000001,1,7,6,4,42
576.6570000000003,5.170060000000005,119.83000000000001,1,7,6,4,43
537.9940000000001,7.401620000000006,84.22000000000001,2,3,6,4,38
126.115,0.4163199999999999,65.97999999999999,2,2,1,1,9
381.35400000000004,3.407320000000002,75.55,1,5,5,2,27
391.3930000000001,4.1320200000000025,66.32,1,4,3,2,28
290.294,1.8753399999999998,74.32,1,3,4,2,21
521.9800000000005,3.550220000000002,103.34,1,6,5,4,37
398.5110000000002,2.5367199999999994,139.18,5,7,6,2,29
479.5500000000004,6.144940000000006,46.84,0,4,5,4,35
406.4520000000004,4.171220000000003,61.28000000000001,2,5,3,2,29
477.55600000000027,4.861440000000005,59.980000000000004,0,6,7,3,33
430.4010000000002,5.1216200000000045,51.22,1,3,4,3,31
420.5090000000003,5.245420000000005,94.56000000000002,2,4,10,3,31
436.5770000000003,5.713920000000005,81.42000000000002,2,4,10,3,31
462.55000000000035,3.654620000000003,101.04,2,6,8,3,34
448.5230000000003,3.264520000000002,101.04,2,6,7,3,33
464.5910000000003,3.7330200000000033,87.9,2,6,7,3,33
350.46200000000005,3.668320000000003,55.56000000000001,1,3,5,2,26
582.97,6.296220000000007,54.46000000000001,1,4,6,3,37
418.365,5.410320000000003,38.050000000000004,1,2,3,4,30
494.95400000000024,4.014720000000003,80.48,1,6,4,4,35
460.5090000000003,3.361320000000001,80.48,1,6,4,4,34
412.49300000000017,4.930240000000004,69.04,1,4,6,4,31
398.4660000000002,4.919840000000002,79.9,2,4,6,4,30
511.78000000000037,6.384060000000007,63.050000000000004,1,5,8,2,36
362.473,5.210140000000004,56.33,2,2,4,3,27
390.4620000000002,4.137640000000003,42.660000000000004,0,4,3,4,29
356.4730000000002,4.762140000000005,33.43000000000001,0,3,3,4,27
370.5000000000002,5.152240000000005,33.43000000000001,0,3,3,4,28
422.53600000000023,4.707920000000003,94.61999999999999,2,5,3,4,32
465.5230000000002,5.855040000000004,70.83,2,4,3,4,34
425.58000000000027,5.453080000000005,70.83,2,4,3,4,32
411.5530000000002,5.1446600000000045,70.83,2,4,3,4,31
431.97100000000023,5.489640000000005,70.83,2,4,3,4,31
415.5160000000002,4.9753400000000045,70.83,2,4,3,4,31
397.52600000000024,4.836240000000004,70.83,2,4,3,4,30
425.4100000000001,5.648140000000005,71.17,2,4,3,4,31
428.58000000000027,5.162080000000004,71.25,2,4,4,3,32
414.59700000000026,5.521880000000005,54.18000000000001,2,4,5,3,31
334.41900000000004,4.485980000000003,51.22,1,3,4,3,25
428.58000000000027,5.162080000000004,71.25,2,4,4,3,32
327.38700000000006,4.489420000000003,65.78,1,3,3,3,25
415.5810000000003,5.488780000000005,51.379999999999995,1,4,5,3,31
408.5060000000002,3.517960000000002,89.08,1,6,5,3,30
368.4410000000001,2.7377600000000006,89.08,1,6,6,3,27
437.5480000000002,2.8120600000000007,92.32000000000001,1,7,7,3,32
451.5750000000002,3.059660000000002,92.32000000000001,1,7,7,3,33
423.5210000000002,2.42356,92.32000000000001,1,7,5,3,31
409.4940000000002,2.03346,92.32000000000001,1,7,5,3,30
437.5480000000002,2.6695600000000006,92.32000000000001,1,7,7,3,32
437.5480000000002,2.6695600000000006,92.32000000000001,1,7,7,3,32
423.5210000000002,2.4219600000000003,92.32000000000001,1,7,6,3,31
460.53800000000024,3.9266600000000027,98.31,1,7,8,4,34
516.6020000000004,3.739760000000003,107.54,1,8,9,4,38
572.7540000000002,4.591840000000004,95.75,2,7,10,3,42
487.6480000000004,4.755240000000004,83.28,2,5,9,3,36
501.6750000000004,3.565140000000002,82.87,1,5,9,3,37
258.203,1.5912399999999995,63.57,1,3,1,2,18
266.30400000000003,2.65174,63.83,1,4,2,3,20
374.4880000000001,3.5157400000000028,41.370000000000005,0,3,4,3,28
501.9460000000003,3.035540000000002,109.46,2,5,6,3,35
564.6560000000002,6.0145400000000055,67.12,2,3,8,4,41
515.9730000000003,3.4256400000000022,109.46,2,5,7,3,36
458.58800000000025,0.7351200000000027,103.49000000000001,1,7,8,2,32
486.64100000000025,5.149940000000004,69.04,1,5,7,4,35
407.45300000000015,2.0216399999999997,80.04,0,6,3,3,30
403.4900000000001,2.1909599999999996,80.04,0,6,3,3,30
407.45300000000015,2.0216399999999997,80.04,0,6,3,3,30
407.45300000000015,2.0216399999999997,80.04,0,6,3,3,30
407.45300000000015,2.0216399999999997,80.04,0,6,3,3,30
404.53900000000016,4.030340000000003,49.330000000000005,0,5,3,3,29
389.46300000000014,2.0869399999999994,90.9,1,6,3,3,29
389.46300000000014,1.8825399999999997,80.04,0,6,3,3,29
326.40400000000005,1.8391399999999998,118.94999999999999,4,6,6,2,24
368.3630000000001,2.2374400000000003,118.94999999999999,4,6,6,2,26
364.4000000000001,2.3303399999999996,118.94999999999999,4,6,8,2,26
406.51200000000017,1.1098400000000004,153.08999999999997,4,8,9,2,28
392.4850000000002,0.7197400000000008,153.08999999999997,4,8,8,2,27
354.4580000000001,2.6177399999999995,118.94999999999999,4,6,5,2,26
404.4960000000002,0.8622400000000008,153.09,4,8,5,2,28
409.46800000000013,4.305340000000002,77.05,1,5,3,4,31
425.46700000000016,3.3006200000000003,86.16,1,5,3,4,32
192.28699999999998,2.551240000000001,24.39,1,3,1,1,13
402.46900000000016,4.980220000000004,51.22,1,3,5,3,30
235.75799999999998,3.623720000000003,3.24,0,1,1,1,16
221.731,3.2815200000000013,12.03,1,1,1,1,15
207.273,2.4417199999999992,42.230000000000004,1,2,1,1,15
379.4320000000001,3.6843200000000014,73.64,1,6,2,2,26
397.4220000000001,3.6339200000000016,73.64,1,6,3,2,27
412.5380000000003,2.62272,139.18,5,7,7,2,30
446.51100000000025,1.5705199999999997,93.45,0,7,6,3,33
392.4590000000001,3.0100200000000017,71.7,0,6,6,3,29
348.83400000000006,3.0104200000000017,52.82,0,4,6,2,24
527.0610000000004,5.384420000000005,87.15,1,5,12,2,37
464.4400000000002,4.533040000000003,87.15000000000002,1,4,6,2,33
372.47200000000015,4.097220000000002,71.25,2,4,5,3,28
441.9230000000003,2.3372400000000004,93.18,0,7,6,3,31
455.9060000000003,1.8638399999999997,110.25,0,7,6,3,32
443.59500000000014,4.417520000000002,74.49,2,5,6,3,33
538.4500000000004,3.842620000000003,86.55,1,8,5,4,35
475.3950000000004,2.09082,80.56,1,8,4,3,30
551.4930000000003,3.7578200000000024,80.56000000000002,1,8,5,4,36
507.0420000000004,3.6487200000000026,80.56,1,8,5,4,36
507.0420000000004,3.6487200000000026,80.56,1,8,5,4,36
426.91200000000026,2.938840000000001,91.9,1,7,4,4,30
452.95000000000033,3.5078200000000024,91.9,1,7,5,4,32
430.94400000000036,1.98172,80.56,1,8,4,3,30
350.4660000000001,2.4432,93.91,1,5,4,1,26
336.4390000000001,2.1347799999999992,93.91,1,5,4,1,25
412.195,4.381320000000002,87.39,3,4,4,2,26
412.195,4.381320000000002,87.39,3,4,4,2,26
369.8160000000001,3.018720000000001,107.67999999999999,2,7,5,4,26
403.36800000000005,3.384120000000001,107.67999999999999,2,7,5,4,29
353.36100000000005,2.5044200000000005,107.67999999999999,2,7,5,4,26
335.37100000000004,2.3653199999999996,107.67999999999999,2,7,5,4,25
369.81600000000003,3.018720000000001,107.67999999999999,2,7,5,4,26
353.36100000000005,2.5044200000000005,107.67999999999999,2,7,5,4,26
412.40200000000016,1.6619199999999998,130.67000000000002,2,7,5,3,30
354.28100000000006,4.099920000000004,30.29,0,3,6,2,23
331.29699999999997,3.843320000000003,47.900000000000006,0,4,4,3,24
526.6150000000001,2.48512,129.14,2,7,8,3,37
540.6420000000002,2.8752200000000014,129.14,2,7,9,3,38
336.3550000000001,2.3322200000000004,104.88000000000001,1,7,5,4,25
390.4740000000001,4.205840000000002,61.36,3,3,10,2,28
444.3250000000002,5.553740000000005,72.56,1,4,6,3,28
332.831,3.772420000000003,45.33,1,3,3,2,23
510.05900000000037,4.597020000000004,71.53,1,6,5,3,35
524.0860000000004,5.442920000000005,71.53,1,6,5,3,36
482.00500000000034,3.960920000000004,71.53,1,6,5,3,33
497.06400000000036,4.756320000000005,65.54,1,6,5,3,34
507.99700000000036,4.438020000000003,83.27999999999999,2,6,6,4,36
530.0470000000004,6.066120000000007,71.73,1,5,5,3,38
548.0620000000004,5.293340000000005,91.02999999999999,2,5,6,3,39
521.0360000000003,5.900040000000006,68.17,2,5,5,3,37
521.0360000000003,5.900040000000006,68.17,2,5,5,3,37
521.0360000000004,5.900040000000007,68.17,2,5,5,3,37
539.3810000000002,6.672420000000006,71.45,2,4,4,3,36
489.0310000000003,5.038620000000004,53.010000000000005,1,4,8,2,34
503.05800000000033,5.428720000000005,53.010000000000005,1,4,8,2,35
487.95900000000023,3.2631200000000016,94.66,3,5,7,3,34
548.061,2.52752,128.79999999999998,3,7,8,3,37
548.061,2.527520000000001,128.79999999999998,3,7,8,3,37
487.9060000000002,2.9896200000000004,94.66,3,5,7,2,33
460.8840000000001,3.02442,90.48,3,5,7,2,31
398.8500000000003,3.0085200000000007,98.83,2,6,2,2,28
442.90300000000036,3.0235200000000013,108.06,2,7,2,2,31
502.08400000000034,4.328620000000004,89.33000000000001,1,6,9,2,34
612.1960000000001,5.496340000000005,114.87000000000002,3,6,11,3,42
288.30100000000004,2.918520000000002,35.64,0,2,3,3,21
284.338,3.087840000000001,35.64,0,2,3,3,21
354.76300000000003,4.312520000000003,35.64,0,2,3,3,24
336.773,4.231320000000003,35.64,0,2,4,3,23
300.79300000000006,3.602140000000002,35.64,0,2,3,3,21
321.21100000000007,3.9471200000000026,35.64,0,2,3,3,21
304.75600000000003,3.432820000000002,35.64,0,2,3,3,21
338.745,3.8847200000000024,55.730000000000004,1,3,5,3,23
352.77200000000005,3.895120000000003,44.870000000000005,0,3,5,3,24
286.7660000000001,3.293720000000002,35.64,0,2,3,3,20
321.21100000000007,3.9471200000000026,35.64,0,2,3,3,21
306.291,3.706620000000002,46.5,1,2,4,3,22
320.31800000000004,3.7170200000000024,35.64,0,2,4,3,23
284.338,3.087840000000001,35.64,0,2,3,3,21
304.75600000000003,3.432820000000002,35.64,0,2,3,3,21
331.21700000000004,3.402820000000002,35.64,0,2,3,3,20
320.31800000000004,3.6591200000000024,35.64,0,2,3,3,23
336.317,3.538920000000002,44.870000000000005,0,3,4,3,24
252.32100000000005,2.64032,35.64,0,2,3,3,19
253.30900000000005,2.0353199999999996,48.53,0,3,3,3,19
548.6090000000002,4.798620000000004,70.39,2,4,7,4,40
538.5700000000002,4.391620000000003,83.53,2,5,7,4,39
402.4290000000002,4.7505200000000025,79.9,2,4,6,4,30
436.5120000000001,4.119120000000002,71.37,1,7,4,4,31
419.4790000000002,4.806020000000004,70.83,2,4,3,4,31
523.6050000000004,4.098640000000003,93.03,2,6,7,3,38
436.43400000000014,5.727120000000002,80.03999999999999,3,5,6,3,30
337.3980000000001,3.504620000000002,57.78,2,3,2,3,25
432.40300000000013,5.503220000000005,96.97,2,5,5,4,32
416.4040000000001,5.797620000000005,76.74000000000001,1,4,5,4,31
369.34600000000006,5.136420000000004,39.94,0,3,4,4,27
357.3920000000001,4.719740000000003,59.39,1,3,2,5,27
357.3920000000001,4.421720000000004,48.53,0,3,2,5,27
358.3800000000001,3.8167200000000028,61.42,0,4,2,5,27
393.4650000000001,6.0304000000000055,49.57,0,3,5,4,30
317.314,4.041520000000003,30.19,0,2,3,3,23
351.759,4.694920000000002,30.19,0,2,3,3,24
371.4080000000001,4.671420000000004,47.03,0,3,4,3,26
388.91400000000016,4.387020000000003,35.5,2,3,3,2,27
338.4700000000001,4.028020000000002,15.27,1,2,3,2,25
472.57600000000025,4.524320000000004,53.010000000000005,1,4,8,2,34
486.6030000000003,4.914420000000004,53.010000000000005,1,4,8,2,35
467.44400000000013,5.627990000000002,92.13999999999999,2,5,5,3,32
384.49500000000006,3.3654200000000016,56.59,2,4,3,2,28
481.60800000000035,6.141220000000006,32.7,1,4,7,3,34
421.5230000000002,2.91972,102.49,2,8,3,2,28
359.32900000000006,1.8942199999999998,115.28,3,4,3,2,24
576.6570000000002,5.170060000000004,119.83000000000001,1,7,6,4,43
397.9140000000002,3.233100000000002,81.83,0,7,3,2,28
395.5220000000001,4.757840000000004,35.58,1,3,4,2,29
381.49500000000006,4.4494200000000035,35.58,1,3,4,2,28
441.5530000000003,2.9828400000000013,82.97,1,7,4,2,31
390.4620000000001,4.499420000000003,58.120000000000005,1,4,4,3,29
389.4340000000001,3.7666200000000023,56.07,0,5,3,4,29
395.5220000000001,4.757840000000004,35.58,1,3,4,2,29
371.5250000000002,3.4231200000000017,44.81,1,4,4,1,27
382.50800000000015,3.915160000000003,61.61,1,5,4,2,28
395.5220000000001,4.757840000000004,35.58,1,3,4,2,29
447.6310000000003,3.998940000000003,55.010000000000005,0,5,4,3,33
419.5770000000003,3.396040000000002,77.79,1,5,3,3,31
459.6420000000004,4.143040000000004,55.010000000000005,0,5,4,3,34
473.66900000000044,4.533140000000004,55.010000000000005,0,5,4,3,35
516.6940000000004,3.2113400000000016,75.32000000000001,0,6,4,3,38
516.6940000000004,3.2113400000000016,75.32000000000001,0,6,4,3,38
489.66800000000046,3.7695400000000028,64.24000000000001,0,6,4,3,36
517.7220000000004,4.546540000000005,64.24000000000001,0,6,4,3,38
504.68300000000045,3.115140000000001,84.11,1,6,6,3,37
516.6940000000005,3.259240000000002,84.11,1,6,6,3,38
532.6930000000004,2.5419400000000003,102.13000000000001,2,7,5,3,39
532.6930000000004,2.5419400000000003,102.13000000000001,2,7,5,3,39
473.66900000000044,4.579440000000004,63.800000000000004,1,5,5,3,35
475.6410000000004,3.425740000000002,73.03,1,6,5,3,35
483.61100000000033,4.292040000000004,63.800000000000004,1,5,6,3,35
497.6690000000004,2.9865400000000006,97.94000000000001,1,6,5,3,35
438.47900000000004,3.762220000000002,67.58,1,7,5,3,30
483.44500000000005,3.8173200000000023,80.47,1,7,6,3,34
483.54200000000026,4.436520000000003,71.76,1,6,4,3,35
452.5130000000002,3.5234200000000016,75.0,1,7,4,3,33
409.5150000000001,3.520220000000001,101.21,2,6,2,3,29
352.43800000000005,2.91052,88.32000000000001,2,4,2,2,26
459.7270000000001,5.054420000000003,68.28999999999999,1,4,6,3,28
520.6410000000002,6.406220000000006,101.17,3,5,6,5,39
442.52300000000037,4.722340000000003,95.17,3,5,4,4,33
560.6670000000003,4.959320000000005,111.63000000000001,3,6,8,2,39
378.4250000000002,2.453620000000001,84.5,2,4,5,2,26
437.5190000000004,4.724320000000004,83.28999999999999,2,6,8,3,32
422.27700000000016,4.276320000000003,55.11,1,4,3,3,26
377.8260000000001,4.167220000000002,55.11,1,4,3,3,26
361.3710000000001,3.6529200000000017,55.11,1,4,3,3,26
422.27700000000016,4.276320000000003,55.11,1,4,3,3,26
365.33400000000006,3.4019200000000014,55.11,1,4,3,3,26
319.40800000000013,3.8710600000000026,68.00999999999999,2,3,4,3,24
394.6890000000002,5.214420000000001,68.00999999999999,2,3,4,3,25
377.3410000000001,4.4121200000000025,68.00999999999999,2,3,4,3,27
376.39100000000013,4.048320000000002,94.03999999999999,2,5,5,4,28
391.4620000000001,3.8276400000000015,73.39,4,4,10,2,28
377.8260000000001,4.167220000000002,55.11,1,4,3,3,26
394.5000000000002,2.894920000000001,74.33,2,7,6,3,28
340.3870000000002,1.6328199999999995,114.93,3,6,2,2,25
408.4700000000001,1.2850199999999994,162.54999999999995,4,9,6,3,30
434.5480000000002,3.0182400000000005,136.77,4,7,6,3,32
415.338,5.945420000000002,55.11,1,4,4,3,27
334.37900000000013,3.8694200000000016,68.30000000000001,2,6,5,3,25
291.358,3.5357200000000013,62.730000000000004,2,5,5,3,22
344.44000000000005,3.5821200000000015,87.74000000000001,2,5,3,3,24
314.328,2.3539199999999987,104.30000000000001,3,7,5,3,23
591.782,6.235440000000006,125.13,3,9,9,4,42
576.767,6.5320200000000055,112.24,3,8,9,4,41
562.7400000000001,6.1898200000000045,121.03,4,8,9,4,40
577.7550000000001,5.927020000000005,125.13000000000001,3,9,9,4,41
551.7570000000002,6.359140000000005,96.45,2,8,9,3,39
643.2539999999999,6.162520000000007,116.76,2,9,11,3,44
572.1750000000001,6.704120000000007,96.45,2,8,9,3,39
602.201,6.0666200000000075,116.68,3,9,11,3,41
558.1480000000001,6.361920000000006,105.24000000000001,3,8,9,3,38
570.1590000000001,6.506020000000006,105.24000000000001,3,8,9,3,39
396.47000000000014,4.122340000000003,75.94,1,5,5,3,29
481.3870000000003,4.549120000000004,75.08,2,6,4,4,33
460.58200000000016,5.628640000000004,75.62,2,7,5,4,33
446.5550000000001,5.320220000000004,75.62,2,7,5,4,32
392.53200000000015,4.3915200000000025,75.62,2,7,5,3,28
337.463,4.475820000000003,49.33,2,2,5,2,25
498.4090000000003,6.262720000000004,106.20000000000002,2,6,6,4,36
469.5390000000003,3.3820200000000007,111.72,2,9,5,2,31
489.0310000000003,5.038620000000004,53.010000000000005,1,4,8,2,34
503.0580000000002,5.4287200000000055,53.010000000000005,1,4,8,2,35
990.6389999999999,9.328240000000003,118.71000000000001,1,8,20,7,70
369.29600000000005,3.1137200000000016,33.53,0,4,5,2,24
356.25300000000004,3.198520000000001,39.52,0,4,5,2,23
356.25300000000004,3.198520000000001,39.52,0,4,5,2,23
337.42300000000006,3.044920000000001,39.52,0,4,5,3,25
365.4770000000001,3.821920000000003,39.52,0,4,5,3,27
477.54600000000016,5.702620000000005,40.29,2,3,9,3,34
564.4250000000003,7.372120000000007,107.04000000000002,1,7,8,4,39
595.4830000000002,7.754520000000007,111.97000000000003,1,7,9,4,41
567.4290000000002,6.710620000000007,111.97000000000003,1,7,8,4,39
564.4250000000003,7.372120000000007,107.04000000000002,1,7,8,4,39
563.4370000000004,7.977120000000007,94.15000000000002,1,6,8,4,39
392.4460000000001,3.7945400000000022,70.59,3,4,10,2,28
350.4620000000001,3.6683200000000014,55.56,1,3,5,2,26
325.303,2.7587200000000003,89.89,1,6,4,3,24
356.38500000000005,4.946640000000004,65.45,0,5,3,5,27
429.5860000000001,3.5643400000000023,78.51,2,4,6,2,30
445.5200000000003,3.563620000000002,99.0,1,6,6,3,31
431.4930000000003,3.1735200000000017,99.0,1,6,6,3,30
555.6320000000003,3.0109200000000014,132.40000000000003,2,9,7,3,39
537.6420000000003,2.8718200000000005,132.40000000000003,2,9,7,3,38
522.5880000000002,8.220320000000008,46.53,1,3,9,4,37
372.321,3.911820000000003,30.29,0,4,5,2,23
440.46800000000013,5.288020000000003,72.31,1,6,7,3,29
219.284,2.29762,42.230000000000004,1,2,1,1,16
368.8680000000002,4.757120000000004,56.74,0,4,2,3,26
456.98200000000026,2.7254199999999997,111.98,3,7,5,3,32
471.0090000000003,2.7358200000000004,101.12,2,7,5,3,33
457.9660000000003,2.9903200000000005,109.33,2,8,5,3,32
365.4050000000001,3.295820000000001,73.64,1,6,2,2,25
379.4320000000001,3.6843200000000014,73.64,1,6,2,2,26
397.4220000000001,3.6339200000000016,73.64,1,6,3,2,27
365.34500000000014,4.118920000000003,108.85000000000001,2,6,3,3,27
440.5420000000004,3.675320000000003,51.290000000000006,1,5,4,3,32
348.45000000000005,4.066920000000002,75.01,2,3,2,3,26
439.92200000000014,4.253320000000004,66.81,1,4,4,4,31
583.6740000000001,3.7722000000000024,159.98999999999998,2,8,7,5,42
537.7370000000002,5.630640000000005,64.66,0,6,7,5,39
362.4370000000002,1.8804999999999998,103.72999999999999,2,5,3,3,27
324.3840000000001,2.645880000000001,107.16,3,4,2,3,24
432.4770000000002,3.5723400000000023,98.57999999999998,1,6,7,4,30
370.3840000000001,3.518440000000002,84.67000000000002,2,5,5,4,27
503.9390000000002,4.780020000000004,105.66999999999999,1,6,6,3,34
446.5110000000002,1.5705199999999997,93.45000000000002,0,7,6,3,33
395.93400000000014,4.400220000000004,28.48,0,2,3,3,28
333.4070000000002,2.593020000000001,50.260000000000005,1,3,2,2,24
521.5490000000003,2.0328199999999996,127.60000000000001,3,8,5,3,38
312.4420000000001,3.4392200000000033,30.870000000000005,1,5,0,2,22
298.4150000000001,3.0970200000000023,39.660000000000004,2,5,0,2,21
319.412,2.8260200000000006,48.050000000000004,1,4,2,3,24
436.5160000000003,2.3925,113.97000000000001,2,5,4,2,32
466.4670000000001,4.732820000000004,97.89,1,6,5,4,34
359.47300000000007,4.738820000000003,59.22,1,3,2,3,27
360.46100000000007,4.133820000000002,72.11,1,4,2,3,27
388.4350000000002,4.139440000000002,109.82,2,7,4,5,29
499.61100000000033,3.544620000000002,97.82,4,5,4,3,37
435.5680000000003,3.6110200000000017,74.69000000000001,2,5,4,2,32
379.935,5.462240000000006,21.060000000000002,0,2,4,3,27
365.9080000000001,4.977540000000005,29.85,1,2,4,3,26
372.89900000000017,6.525240000000005,17.82,0,1,4,4,27
362.86000000000007,6.118240000000005,30.96,0,2,4,4,26
378.92800000000017,6.586740000000005,17.82,0,2,4,4,26
389.9300000000001,6.096040000000006,30.71,0,2,5,4,28
393.96200000000005,5.427940000000005,29.85,1,2,4,3,28
352.90900000000005,6.087540000000006,17.82,0,1,4,3,25
366.93600000000004,6.477640000000006,17.82,0,1,4,3,26
367.92400000000004,4.896940000000004,29.85,1,2,4,3,26
381.9510000000001,5.285440000000005,29.85,1,2,4,3,27
367.92400000000004,4.896940000000004,29.85,1,2,4,3,26
381.9510000000001,5.381640000000005,21.060000000000002,0,2,5,3,27
368.9080000000001,5.814040000000006,27.05,0,2,5,3,26
385.51500000000004,4.588140000000004,46.32000000000001,0,4,4,4,29
431.46200000000016,3.185640000000002,76.52,1,4,4,3,31
383.45600000000013,0.6503000000000008,115.42,2,6,6,2,28
401.43600000000015,3.4342200000000016,59.45,1,4,2,3,29
403.40800000000013,2.628120000000001,68.67999999999999,1,5,2,3,29
403.4900000000003,2.996920000000001,80.87,1,6,3,4,30
389.46300000000025,2.65472,89.66,2,6,3,4,29
389.46300000000025,2.60682,80.87,1,6,3,4,29
407.4530000000002,2.5548200000000003,80.87,1,6,3,4,30
407.4530000000002,2.5548200000000003,80.87,1,6,3,4,30
393.42600000000016,2.2126199999999994,89.66,2,6,3,4,29
393.42600000000016,2.2126199999999994,89.66,2,6,3,4,29
389.46300000000025,2.60682,80.87,1,6,3,4,29
431.50000000000034,2.37582,90.10000000000002,1,7,4,4,32
419.4890000000003,1.969319999999999,101.10000000000002,2,7,5,4,31
379.42400000000026,2.1812199999999997,91.27000000000001,1,6,3,4,28
404.4780000000003,2.39192,93.76000000000002,1,7,3,4,30
270.76300000000003,4.354840000000003,17.82,0,1,2,3,19
380.4120000000003,1.5762199999999995,104.16000000000003,1,7,3,4,28
408.46600000000035,2.0908199999999995,115.16000000000003,2,7,3,4,30
404.4780000000003,2.39192,93.76000000000002,1,7,3,4,30
537.7080000000002,4.974420000000005,77.52000000000001,0,5,6,3,40
512.6980000000003,5.102740000000004,53.730000000000004,0,4,6,3,38
499.6590000000003,4.629240000000004,66.62,0,5,5,3,37
417.891,4.876940000000005,55.63,1,4,5,3,29
416.35600000000005,5.285140000000005,55.63,1,4,5,3,28
381.911,4.631740000000004,55.63,1,4,5,3,27
399.901,4.579740000000004,55.63,1,4,5,3,28
399.901,4.579740000000004,55.63,1,4,5,3,28
412.53700000000026,5.2211200000000035,65.73,3,3,3,4,31
381.3790000000001,3.5139200000000006,77.98,1,3,3,3,26
483.0560000000004,5.827420000000006,53.77,1,6,8,3,34
421.5650000000001,3.418520000000002,94.29999999999998,1,6,5,3,27
421.56500000000017,3.418520000000002,94.3,1,6,5,3,27
422.55300000000017,2.8135200000000005,107.19,1,7,5,3,27
392.50700000000006,3.1215200000000003,111.32999999999998,3,5,4,3,29
457.44000000000017,4.486420000000004,95.51,1,7,2,4,34
592.6960000000004,6.094800000000006,109.19,1,5,5,5,43
298.411,4.257520000000003,45.75,1,3,1,3,21
397.59200000000016,5.240720000000004,53.080000000000005,2,6,7,3,28
383.5650000000001,4.850620000000004,53.080000000000005,2,6,6,3,27
311.40999999999997,3.9244200000000014,57.78,2,4,3,3,22
349.4380000000001,2.70502,82.7,3,5,4,3,26
332.4510000000001,4.016720000000001,49.84,2,4,4,3,25
307.401,3.15102,76.72,2,5,6,3,23
323.4000000000001,3.00472,75.87,2,6,4,3,24
339.4680000000001,3.4732200000000013,62.730000000000004,2,6,4,3,24
363.46500000000015,2.71542,71.84,2,5,4,3,27
333.4390000000001,3.4117200000000008,62.730000000000004,2,5,4,3,25
421.5440000000001,5.870000000000005,66.19,1,4,4,4,32
393.5600000000002,4.516420000000004,45.150000000000006,0,6,3,3,28
418.63100000000014,7.027020000000006,16.130000000000003,0,4,5,4,29
474.6270000000002,7.261540000000008,3.88,0,0,2,5,37
577.6660000000003,6.677000000000005,121.35000000000001,1,8,7,5,42
345.49,4.940440000000004,29.020000000000003,0,3,4,3,26
331.46299999999997,4.632020000000004,29.020000000000003,0,3,4,3,25
438.4620000000001,4.952320000000003,82.62,1,6,2,4,33
342.42400000000004,2.0042199999999992,60.13,0,4,3,3,24
299.399,3.1614200000000015,38.13,0,3,3,3,21
393.5600000000002,4.516420000000004,45.150000000000006,0,6,3,3,28
270.31100000000004,2.779420000000001,35.64,0,2,3,3,20
359.9010000000002,4.668640000000004,38.25,0,4,6,2,25
307.39700000000005,3.2488400000000013,37.61000000000001,0,2,3,3,23
369.468,4.584000000000003,57.94,1,4,5,3,28
369.468,4.584000000000003,57.94,1,4,5,3,28
398.4660000000001,4.919840000000003,79.9,2,4,6,4,30
490.5710000000003,4.674920000000004,93.88000000000001,1,8,6,5,37
338.415,2.31142,78.58000000000001,2,6,3,3,25
501.6220000000002,5.874540000000006,46.84,0,5,7,3,35
473.64600000000024,5.336940000000005,59.980000000000004,0,6,7,4,34
502.5660000000002,4.928520000000004,72.87,0,7,6,4,35
473.5680000000001,4.9600200000000045,46.84,0,5,7,3,33
389.434,3.7666200000000023,56.07,0,5,3,4,29
371.444,3.6275200000000023,56.07,0,5,3,4,28
372.432,3.022520000000001,68.96000000000001,0,6,3,4,28
372.432,3.022520000000001,68.96000000000001,0,6,3,4,28
371.444,3.6275200000000023,56.07000000000001,0,5,3,4,28
372.432,3.022520000000001,68.96000000000001,0,6,3,4,28
390.422,3.161620000000002,68.96000000000001,0,6,3,4,29
372.432,3.022520000000001,68.96000000000001,0,6,3,4,28
409.96500000000026,5.446720000000005,55.63,1,4,6,3,29
381.91100000000023,4.631740000000004,55.63,1,4,5,3,27
427.9550000000002,5.394720000000006,55.63,1,4,6,3,30
399.9010000000002,4.579740000000004,55.63,1,4,5,3,28
271.29900000000004,2.26804,48.53,0,3,3,3,20
297.337,2.8370200000000008,48.53,0,3,4,3,22
460.5820000000004,2.677860000000001,75.52000000000001,1,6,4,3,34
413.48500000000007,3.0245200000000017,72.08000000000001,0,5,5,4,31
403.4900000000002,2.1909600000000005,80.04,0,6,3,3,30
484.8940000000002,3.762920000000003,80.29,0,6,3,4,34
450.4490000000002,3.1095200000000016,80.29,0,6,3,4,33
454.6580000000003,6.257020000000006,26.71,1,3,8,3,34
426.60400000000027,5.478420000000005,26.71,1,3,7,3,32
412.5770000000002,5.136220000000004,35.5,2,3,7,3,31
440.54700000000014,4.191520000000002,78.67,2,4,5,3,33
307.43700000000007,4.465220000000004,12.47,0,2,5,2,23
309.40900000000005,3.9114200000000032,21.700000000000003,0,3,5,2,23
244.25000000000003,2.7322200000000008,74.83,2,4,4,2,18
410.5370000000001,4.264540000000004,22.34,0,2,6,3,31
322.43100000000004,3.927540000000003,3.88,0,0,0,3,25
571.0660000000003,3.977700000000003,126.64999999999999,1,7,6,5,40
483.7490000000001,5.531100000000003,79.19,1,4,6,3,30
321.46400000000006,4.5225200000000045,20.310000000000002,0,2,6,2,24
316.78400000000005,4.177740000000004,43.370000000000005,0,3,6,2,22
288.73,3.809720000000002,54.370000000000005,1,3,4,2,20
272.275,3.295420000000002,54.370000000000005,1,3,4,2,20
517.0730000000002,5.5949200000000054,81.22,1,4,9,4,37
517.0690000000003,6.533920000000006,76.53999999999999,1,4,9,4,37
447.57900000000035,3.8797200000000034,53.09,0,4,5,2,33
435.5680000000003,3.738820000000003,53.09,0,4,7,2,32
434.44600000000014,3.870020000000002,68.92,1,3,4,4,32
417.5130000000003,2.33812,70.47,1,5,4,3,31
496.68000000000023,5.386720000000006,48.470000000000006,1,5,6,4,36
452.4960000000002,2.5093199999999998,132.01,2,7,7,4,32
419.8940000000001,2.50772,105.97999999999999,2,5,6,3,28
531.6410000000003,3.2666200000000014,86.78999999999999,1,5,7,1,36
524.0280000000002,4.122720000000003,86.92,2,6,4,4,38
532.5700000000002,4.456020000000003,65.77000000000001,1,5,4,4,39
534.6640000000002,3.677120000000003,86.0,2,6,7,4,40
529.0440000000001,3.453120000000002,86.0,2,6,6,4,38
534.0190000000001,5.564620000000006,82.76,2,5,4,5,39
507.98500000000024,4.582120000000003,91.21,2,5,4,5,37
441.92200000000025,4.678220000000004,85.83,2,4,3,4,32
526.5910000000002,4.4738200000000035,65.77000000000001,1,5,3,4,39
501.5120000000002,7.007820000000004,75.6,2,3,5,5,37
420.40400000000017,3.3946200000000006,128.07,3,6,5,4,31
296.351,3.217220000000001,59.06,1,4,2,3,21
501.02300000000037,4.234520000000003,90.31,2,5,7,2,35
377.83500000000004,3.704920000000002,65.6,0,4,5,4,27
395.30600000000004,5.631300000000002,49.57,0,3,2,3,28
466.4120000000001,7.004420000000006,46.92,1,2,6,4,32
370.51800000000014,4.290820000000003,55.56,1,4,5,2,26
324.493,4.860620000000004,16.130000000000003,0,3,5,3,23
373.4960000000001,4.829940000000003,63.32000000000001,2,2,7,3,28
372.4230000000002,3.329620000000001,69.72999999999999,2,5,5,3,27
372.4230000000002,3.329620000000001,69.72999999999999,2,5,5,3,27
431.47100000000023,3.4526200000000014,84.26,1,7,4,4,32
391.5360000000001,4.740440000000003,63.32000000000001,2,3,7,3,28
364.26800000000003,3.587740000000002,54.019999999999996,2,3,2,2,21
394.51500000000027,3.2852200000000016,72.8,3,4,4,2,29
427.5490000000002,3.981740000000003,59.980000000000004,0,6,7,3,30
173.25900000000001,1.8559199999999998,12.03,1,1,1,1,13
291.394,3.941320000000003,21.259999999999998,1,2,1,2,22
221.731,3.2815200000000013,12.03,1,1,1,1,15
490.63300000000027,4.704640000000004,82.10000000000001,0,8,8,4,35
413.60500000000013,5.965820000000006,23.47,1,2,8,3,31
418.60100000000017,5.426740000000005,22.34,0,2,12,3,31
283.415,3.856740000000003,12.47,0,2,7,2,21
372.4230000000001,3.025520000000001,69.72999999999999,2,5,5,3,27
423.47900000000016,4.419620000000004,58.370000000000005,1,4,7,2,30
392.5210000000002,2.2469400000000004,87.66,3,5,10,2,27
438.59100000000024,4.349540000000004,22.34,0,2,8,3,33
446.6550000000002,5.511740000000006,22.34,0,2,14,3,33
390.5470000000001,4.646540000000004,22.34,0,2,10,3,29
330.495,4.698340000000004,3.88,0,0,6,3,25
391.3420000000002,4.943820000000005,32.34,1,2,5,2,26
413.5250000000002,4.226420000000004,56.07,0,5,6,4,31
390.4870000000002,2.7696200000000006,57.580000000000005,1,3,3,3,29
400.4690000000001,3.926320000000003,43.78,1,3,4,2,29
364.48900000000015,3.6811200000000026,43.78,1,3,4,2,27
382.4790000000001,3.629120000000003,43.78,1,3,4,2,28
382.4790000000001,3.629120000000003,43.78,1,3,4,2,28
382.4790000000001,3.629120000000003,43.78,1,3,4,2,28
356.4910000000001,3.729820000000002,55.56,1,4,5,2,25
350.4620000000001,3.6683200000000022,55.56,1,3,5,2,26
340.4230000000001,3.2613200000000013,68.7,1,4,5,2,25
356.4910000000001,3.729820000000002,55.56,1,4,5,2,25
362.39500000000004,3.6332200000000023,41.13,2,2,4,2,26
416.4320000000001,3.3672200000000014,96.02999999999999,2,6,5,3,30
416.4320000000001,3.3672200000000014,96.02999999999999,2,6,5,3,30
376.40700000000004,3.490920000000002,67.35,1,5,5,2,27
416.4320000000001,3.1386200000000013,84.65,1,6,5,3,30
422.44100000000014,2.06892,117.53,2,6,5,3,31
362.4930000000001,4.5615400000000035,22.34,0,2,8,3,27
505.48600000000033,5.552920000000006,53.010000000000005,1,4,8,2,34
399.4940000000001,4.319920000000003,68.01,1,4,3,4,30
318.44,4.297740000000004,13.11,0,1,5,3,24
318.44,4.297740000000004,13.11,0,1,5,3,24
303.405,4.868240000000005,22.12,0,2,5,3,23
303.405,4.868240000000004,22.12,0,2,5,3,23
321.4240000000001,3.3623400000000023,39.08,1,3,3,3,24
323.46500000000003,3.770520000000002,29.85,1,3,3,3,23
676.7210000000005,7.6204800000000095,57.94000000000001,1,5,7,4,44
579.6040000000003,8.211980000000006,54.260000000000005,2,3,6,4,37
648.7110000000004,8.286280000000005,57.5,2,4,8,4,42
603.5860000000002,7.669480000000006,72.08,2,4,7,5,39
348.494,3.923420000000003,24.3,0,3,4,3,26
307.39700000000005,3.0539200000000015,39.08,1,3,3,3,23
548.6090000000002,4.798620000000004,70.39,2,4,7,4,40
419.5540000000001,4.287920000000004,56.07,0,6,6,4,30
429.3730000000001,5.0984200000000035,57.010000000000005,0,4,4,4,31
411.3830000000001,4.9593200000000035,57.010000000000005,0,4,4,4,30
430.4620000000003,4.287600000000003,94.62,2,5,3,4,32
450.58000000000027,2.62212,85.50999999999999,2,4,5,2,31
470.51000000000005,6.881220000000005,48.910000000000004,2,2,6,4,34
355.45700000000016,3.531320000000002,37.39,1,4,4,2,26
375.2550000000001,5.541840000000003,46.34,0,3,3,3,25
419.9080000000002,5.6876400000000045,46.61,0,3,3,3,30
281.35900000000004,2.840420000000001,47.86,2,4,4,2,21
435.6010000000001,3.2734200000000016,62.970000000000006,0,7,7,3,31
458.6020000000003,4.372420000000004,53.01,1,5,10,3,34
369.55300000000017,4.385220000000004,26.79,0,2,6,1,27
322.4120000000001,2.647820000000001,39.68,0,3,4,2,24
327.4530000000001,3.314320000000002,26.79,0,3,4,2,23
475.5930000000003,2.3584199999999997,90.17999999999999,2,6,5,3,35
263.3,4.664220000000004,57.84,1,4,2,3,20
501.06700000000035,7.420820000000008,92.43,2,4,10,2,35
373.4310000000001,4.9384400000000035,46.400000000000006,1,2,4,4,28
390.9590000000002,3.6723200000000027,38.82000000000001,1,3,4,1,27
446.5400000000002,3.3930200000000017,113.16000000000001,2,8,3,4,32
417.5310000000003,3.3701200000000027,87.74000000000001,2,5,8,2,29
431.55800000000033,3.760220000000003,87.74000000000001,2,5,8,2,30
514.5890000000003,6.566620000000005,104.82,3,5,5,5,39
484.6040000000002,6.545520000000005,104.82,3,5,8,4,36
466.92900000000014,3.9834200000000033,104.05,1,7,8,4,33
467.9170000000001,3.378420000000002,116.94,1,8,8,4,33
479.92800000000005,3.522520000000002,116.94,1,8,8,4,34
512.4880000000004,4.993320000000004,102.44,2,6,3,3,37
522.5310000000003,4.324640000000002,118.95,3,6,5,4,38
548.5690000000002,5.172240000000005,118.95,3,6,3,4,40
542.9490000000002,4.6696200000000045,118.95,3,6,5,4,38
568.9870000000002,5.5172200000000045,118.95,3,6,3,4,40
405.88100000000014,5.663340000000003,55.4,1,3,3,3,29
533.5580000000002,4.654520000000004,101.96,2,6,3,4,39
533.5580000000002,4.339520000000003,101.96,2,6,4,4,39
547.5850000000003,4.729620000000004,101.96,2,6,4,4,40
508.5040000000003,4.016220000000002,118.95,3,6,5,4,37
508.5040000000003,4.016220000000002,118.95,3,6,5,4,37
519.5310000000003,4.264420000000003,101.96,2,6,3,4,38
534.5420000000003,4.863820000000004,118.95,3,6,3,4,39
502.4930000000004,3.9308200000000033,96.81,2,7,7,3,36
511.5000000000004,5.598320000000004,89.55000000000001,2,5,3,3,37
496.4850000000004,5.842520000000005,77.52000000000001,1,5,3,3,36
497.47300000000035,4.957020000000004,89.55000000000001,2,5,3,3,36
284.40900000000005,4.392320000000002,24.92,1,3,2,3,19
494.6690000000003,3.9506200000000025,100.86,2,8,7,3,35
395.4840000000001,3.429240000000002,88.16,2,4,6,3,28
400.46000000000015,2.7256600000000013,114.19,2,6,6,3,28
386.43300000000016,2.4172400000000005,114.19,2,6,6,3,27
435.54700000000025,4.555820000000003,76.18,2,4,4,3,32
407.4930000000002,3.8207200000000014,76.18,2,4,4,3,30
379.4390000000002,3.0421200000000006,76.18,2,4,4,3,28
329.4080000000001,1.516519999999999,131.83999999999997,4,7,7,2,24
355.4460000000001,2.012739999999999,131.83999999999997,4,7,5,2,26
383.5000000000001,2.8277200000000002,131.83999999999997,4,7,6,2,28
329.469,4.455720000000003,45.230000000000004,1,4,3,2,23
340.4310000000001,2.3093199999999996,118.94999999999999,4,6,5,2,25
342.4030000000001,1.15562,128.18,4,7,5,2,25
322.416,2.7617200000000004,60.080000000000005,2,5,3,3,24
420.51300000000026,5.071320000000003,103.35000000000001,4,5,10,3,31
764.9429999999996,6.179420000000007,128.29,4,9,11,4,56
409.3680000000001,2.06146,129.16000000000003,3,5,3,3,29
359.3610000000001,1.42616,129.16000000000003,3,5,3,3,26
325.496,5.341420000000006,23.47,1,2,7,2,24
511.53400000000033,5.494720000000005,125.89,1,7,9,4,38
554.5210000000003,6.6418400000000055,102.10000000000001,1,6,9,4,40
500.55100000000033,5.931460000000006,102.10000000000001,1,6,9,4,37
520.9690000000003,6.276440000000005,102.10000000000001,1,6,9,4,37
537.0370000000003,6.744940000000006,88.96000000000001,1,6,9,4,37
504.5140000000003,5.762140000000005,102.10000000000001,1,6,9,4,37
520.9690000000003,6.276440000000005,102.10000000000001,1,6,9,4,37
520.9690000000003,6.276440000000005,102.10000000000001,1,6,9,4,37
520.9690000000004,6.276440000000005,102.10000000000001,1,6,9,4,37
537.0370000000004,6.744940000000006,88.96000000000001,1,6,9,4,37
629.7170000000003,7.402700000000007,130.57999999999998,1,8,9,5,47
508.6910000000004,5.504140000000005,44.39,1,5,5,4,37
382.4630000000001,4.141640000000002,57.370000000000005,1,4,4,3,29
382.48300000000006,3.988940000000003,22.34,0,2,4,3,29
386.51500000000004,4.570040000000003,22.34,0,2,7,3,29
390.5270000000001,5.3038400000000046,57.370000000000005,1,4,10,3,29
390.5470000000001,5.151140000000005,22.34,0,2,10,3,29
491.57300000000015,6.011040000000006,40.29,2,3,9,3,35
495.5360000000001,5.841720000000006,40.29,2,3,9,3,35
477.54600000000016,5.702620000000006,40.29,2,3,9,3,34
478.53400000000016,5.0976200000000045,53.18,2,4,9,3,34
334.439,4.285940000000004,22.34,0,2,6,3,25
295.346,2.39952,78.85000000000001,1,5,5,3,22
310.22400000000005,5.155720000000003,12.47,0,2,4,2,20
292.34200000000004,3.9031200000000004,73.06,2,5,4,3,22
292.34200000000004,3.9031200000000004,73.06,2,5,4,3,22
457.5340000000003,5.033040000000003,89.47,1,7,7,4,34
457.5340000000003,5.033040000000003,89.47,1,7,7,4,34
487.56000000000034,4.395540000000002,109.7,2,8,9,4,36
384.4830000000001,5.123520000000004,51.970000000000006,1,4,4,4,29
593.7120000000003,4.6959200000000045,86.78999999999999,1,5,8,2,41
540.5130000000003,5.050120000000005,70.16000000000001,0,5,5,2,35
482.5120000000001,4.179020000000002,92.56,2,4,7,4,34
446.5320000000001,3.900820000000002,92.56,2,4,7,4,32
480.9770000000001,4.554220000000003,92.56,2,4,7,4,33
358.4190000000001,2.2181200000000008,86.71000000000001,2,4,4,2,25
312.46000000000015,2.891820000000001,58.53,2,2,3,1,20
526.4860000000003,4.707920000000004,78.95,1,5,5,2,34
506.0680000000003,4.362940000000004,78.95,1,5,5,2,34
528.4610000000001,6.346720000000006,73.22,1,4,5,4,35
409.51100000000014,3.7376600000000026,88.16,2,4,6,3,29
365.47700000000015,3.6243200000000018,68.45,1,4,5,2,27
370.51800000000014,4.290820000000003,55.56,1,4,5,2,26
529.7690000000005,6.023320000000007,52.650000000000006,1,3,6,2,39
460.9330000000003,5.165800000000004,99.42000000000002,2,4,9,2,32
401.5540000000001,4.341400000000003,70.12,1,3,4,2,30
533.7330000000003,6.320840000000008,63.050000000000004,1,5,8,2,37
533.7330000000003,6.320840000000008,63.050000000000004,1,5,8,2,37
438.49900000000025,4.574820000000003,99.42,2,4,9,2,32
486.5420000000002,4.223820000000002,85.94000000000001,3,5,6,3,35
500.56900000000024,4.234220000000002,75.08000000000001,2,5,6,3,36
382.4930000000001,3.442960000000001,85.71,1,8,7,3,27
490.52600000000024,2.769420000000001,94.55999999999999,3,5,6,2,35
503.5650000000002,3.7645200000000028,81.66999999999999,3,4,6,2,36
504.5530000000002,3.1595200000000014,94.55999999999999,3,5,6,2,36
504.5530000000002,3.1595200000000023,94.55999999999999,3,5,6,2,36
443.50700000000023,4.802620000000003,113.88000000000001,2,6,6,4,33
315.4170000000001,2.45392,50.260000000000005,1,3,2,2,23
314.4290000000001,3.4895200000000024,56.33,2,2,3,2,23
357.4350000000001,2.777820000000001,91.06,3,3,5,3,25
404.51400000000024,2.9400200000000014,77.23,3,3,6,3,30
404.51400000000024,2.9400200000000014,77.23,3,3,6,3,30
404.51400000000024,2.9400200000000014,77.23,3,3,6,3,30
404.51400000000024,2.9400200000000014,77.23,3,3,6,3,30
471.48700000000014,4.454120000000003,95.76,2,7,6,4,34
525.5620000000004,5.046120000000004,60.52000000000001,3,4,11,3,37
526.5500000000003,4.441120000000003,73.41000000000001,3,5,11,3,37
449.5590000000003,2.7354200000000004,111.96,3,6,8,4,33
554.7640000000004,5.674420000000006,67.15,0,6,7,4,40
526.7100000000004,4.895820000000005,67.15,0,6,6,4,38
645.5489999999999,7.232720000000007,72.87,0,7,6,5,41
580.6800000000003,6.778640000000007,72.87,0,7,6,5,41
591.5790000000003,6.522340000000007,72.87,0,7,6,5,38
526.7100000000004,6.068260000000007,72.87,0,7,6,5,38
551.7640000000004,6.0191400000000055,64.66,0,6,7,5,40
554.7640000000004,5.676020000000006,67.15,0,6,8,4,40
526.7100000000003,4.897420000000005,67.15,0,6,7,4,38
645.5489999999999,7.2343200000000065,72.87,0,7,7,5,41
580.6800000000002,6.780240000000007,72.87,0,7,7,5,41
591.5790000000002,6.523940000000007,72.87,0,7,7,5,38
526.7100000000003,6.0698600000000065,72.87,0,7,7,5,38
534.5270000000002,5.856920000000006,46.84,0,5,7,4,34
480.64100000000025,4.966100000000004,70.63,0,6,7,4,35
511.7390000000003,6.391920000000006,46.84,0,5,7,4,37
523.6280000000002,6.113220000000006,46.84,0,5,7,4,37
524.5210000000003,6.401220000000006,46.84,0,5,7,4,35
490.07600000000025,5.747820000000006,46.84,0,5,7,4,34
455.6310000000002,5.094420000000004,46.84,0,5,7,4,33
533.1010000000002,6.024740000000007,72.87,0,7,6,5,37
540.7370000000003,5.285920000000005,67.15,0,6,7,4,39
528.6820000000002,4.276920000000003,76.38,0,7,6,4,38
578.7640000000002,4.0801200000000035,93.45,0,8,7,4,40
514.6550000000003,4.252620000000003,85.17,1,7,6,4,37
500.6720000000003,4.726020000000004,68.1,1,7,6,4,36
578.7460000000002,5.7718400000000045,90.69000000000001,0,8,7,6,42
619.633,7.122920000000008,72.87,0,7,6,5,40
554.7640000000004,6.668840000000007,72.87,0,7,6,5,40
540.7370000000003,6.360420000000007,72.87,0,7,6,5,39
548.6630000000002,6.174620000000006,72.87,0,7,7,5,39
526.7100000000003,6.1863200000000065,72.87,0,7,7,5,38
602.633,6.717020000000006,72.87,0,7,7,5,42
552.6260000000002,6.081720000000006,72.87,0,7,6,5,39
577.5520000000001,6.133840000000006,72.87,0,7,6,5,37
512.6830000000003,5.679760000000005,72.87,0,7,6,5,37
498.6560000000003,5.3713400000000044,72.87,0,7,6,5,36
514.7240000000003,5.839840000000006,59.730000000000004,0,7,6,5,36
524.6940000000003,5.940320000000006,72.87,0,7,7,5,38
566.6530000000002,6.167720000000006,72.87,0,7,7,5,40
538.7210000000003,6.015420000000005,72.87,0,7,8,5,39
527.6980000000002,5.128920000000004,76.11000000000001,0,8,7,5,38
567.7630000000004,6.053220000000006,76.11000000000001,0,8,7,5,41
484.62900000000025,5.062920000000004,72.87,0,7,6,5,35
498.6560000000003,5.3713400000000044,72.87,0,7,6,5,36
537.7370000000002,5.630640000000005,64.66,0,6,7,5,39
524.6940000000003,5.885140000000006,72.87,0,7,7,5,38
524.6940000000003,5.885140000000005,72.87,0,7,7,5,38
548.6630000000002,6.174620000000006,72.87,0,7,7,5,39
552.6260000000002,6.081720000000005,72.87,0,7,6,5,39
514.7240000000003,5.839840000000006,59.730000000000004,0,7,6,5,36
578.7460000000002,5.771840000000005,90.69000000000001,0,8,7,6,42
602.633,6.717020000000005,72.87,0,7,7,5,42
552.6260000000002,6.081720000000005,72.87,0,7,6,5,39
498.6560000000003,5.3713400000000044,72.87,0,7,6,5,36
551.6420000000002,5.588220000000006,64.14000000000001,0,6,6,5,39
551.6420000000002,5.588220000000005,64.14000000000001,0,6,6,5,39
518.0900000000003,5.222820000000004,64.14000000000001,0,6,6,5,36
483.6450000000002,4.569420000000004,64.14000000000001,0,6,6,5,35
534.5270000000002,5.856920000000006,46.84,0,5,7,4,34
523.6280000000002,6.113220000000006,46.84,0,5,7,4,37
534.5270000000002,5.856920000000006,46.84,0,5,7,4,34
617.495,6.454120000000006,72.87,0,7,5,5,39
552.6260000000002,6.0000400000000065,72.87,0,7,5,5,39
563.5250000000002,5.743740000000006,72.87,0,7,5,5,36
498.65600000000035,5.289660000000005,72.87,0,7,5,5,36
484.6290000000003,4.981240000000004,72.87,0,7,5,5,35
523.7100000000003,5.240540000000005,64.66,0,6,6,5,38
377.48800000000017,3.8672400000000033,47.36,0,4,6,3,28
425.5760000000002,5.125640000000005,38.13,0,3,4,4,32
470.57700000000034,4.185020000000003,77.74,1,6,3,4,35
416.5250000000002,3.6289200000000026,57.7,1,5,5,3,31
448.54200000000026,3.792320000000003,48.910000000000004,0,5,5,3,33
430.55200000000025,3.653220000000003,48.910000000000004,0,5,5,3,32
462.56900000000024,4.180820000000003,48.910000000000004,0,5,5,3,34
444.57900000000024,4.041720000000003,48.910000000000004,0,5,5,3,33
412.5370000000002,4.057840000000002,52.230000000000004,1,4,4,4,31
414.5530000000002,4.101040000000003,48.47,1,4,4,3,31
428.58000000000027,4.125340000000003,39.68,0,4,4,3,32
444.5540000000002,4.207340000000003,41.370000000000005,0,4,4,4,33
426.5640000000002,4.068240000000003,41.370000000000005,0,4,4,4,32
458.5810000000002,4.595840000000004,41.370000000000005,0,4,4,4,34
440.5910000000002,4.4567400000000035,41.370000000000005,0,4,4,4,33
440.5910000000002,4.4567400000000035,41.370000000000005,0,4,4,4,33
446.98200000000026,4.4132200000000035,41.370000000000005,0,4,4,4,32
430.52700000000016,3.898920000000003,41.370000000000005,0,4,4,4,32
416.52500000000026,3.2631200000000016,48.91,0,5,4,3,31
402.4980000000002,3.2388200000000014,57.7,1,5,4,3,30
402.49800000000016,3.2388200000000014,57.7,1,5,4,3,30
416.5250000000002,3.2631200000000016,48.910000000000004,0,5,4,3,31
415.54100000000017,3.437520000000002,51.71,1,4,5,3,31
416.5250000000002,3.8645200000000033,48.910000000000004,0,5,5,3,31
465.60100000000017,5.551920000000004,60.5,2,4,6,4,35
450.5860000000002,5.160220000000004,48.47,1,4,6,4,34
471.6300000000002,4.925140000000004,61.36,1,6,6,4,34
424.5700000000002,3.279420000000002,65.53999999999999,1,5,6,3,30
398.51000000000016,3.7494200000000024,52.230000000000004,1,4,4,4,30
400.5260000000002,3.792620000000002,48.47,1,4,4,3,30
414.5530000000002,3.8169200000000023,39.68,0,4,4,3,31
402.49800000000016,3.2388200000000014,57.7,1,5,4,3,30
444.57900000000024,4.041720000000003,48.910000000000004,0,5,5,3,33
434.5150000000002,3.4022200000000025,48.910000000000004,0,5,4,3,32
416.5250000000002,3.2631200000000016,48.910000000000004,0,5,4,3,31
430.5520000000002,3.651620000000002,48.910000000000004,0,5,4,3,32
448.5420000000002,3.790720000000003,48.910000000000004,0,5,4,3,33
430.5520000000002,3.651620000000002,48.910000000000004,0,5,4,3,32
442.5630000000003,3.795720000000003,48.910000000000004,0,5,5,3,33
466.5320000000002,3.8984200000000033,48.910000000000004,0,5,6,3,34
456.5900000000003,4.043320000000003,48.910000000000004,0,5,6,3,34
450.5460000000002,3.857700000000003,70.21000000000001,0,6,4,4,34
496.6150000000003,3.687820000000002,66.73,0,6,5,4,37
508.6260000000004,3.831920000000003,66.73,0,6,5,4,38
522.6530000000004,4.222020000000003,66.73,0,6,5,4,39
536.6800000000004,4.612120000000004,66.73,0,6,5,4,40
538.6520000000004,3.458420000000002,75.96000000000001,0,7,5,4,40
510.6420000000003,4.124220000000003,75.52000000000001,1,6,6,4,38
508.6260000000003,3.8782200000000024,75.52000000000001,1,6,6,4,38
522.6530000000004,4.268320000000003,75.52000000000001,1,6,6,4,39
536.6800000000003,4.658420000000004,75.52000000000001,1,6,6,4,40
522.6530000000004,4.125820000000003,75.52000000000001,1,6,7,4,39
468.56100000000026,3.084920000000001,89.51,1,6,5,4,35
440.5510000000002,3.689440000000002,59.31,0,6,4,4,33
425.5360000000002,3.9860200000000034,46.42,0,5,4,4,32
493.5330000000002,5.004820000000004,46.42,0,5,4,4,36
453.59000000000026,4.602860000000004,46.42,0,5,4,4,34
425.5360000000002,3.9860200000000034,46.42,0,5,4,4,32
440.5510000000002,3.689440000000002,59.31,0,6,4,4,33
427.51200000000017,2.776020000000001,72.2,0,7,4,4,32
440.59100000000024,4.538420000000004,41.370000000000005,0,4,4,4,33
412.5370000000002,3.759820000000002,41.370000000000005,0,4,4,4,31
444.5540000000002,4.287420000000004,41.370000000000005,0,4,4,4,33
426.5640000000002,4.148320000000004,41.370000000000005,0,4,4,4,32
444.5540000000002,4.287420000000004,41.370000000000005,0,4,4,4,33
351.88100000000003,5.476620000000004,27.63,1,3,1,2,25
293.414,3.2891200000000023,29.020000000000003,0,3,5,2,22
307.441,3.850120000000003,29.020000000000003,0,3,5,2,23
312.48199999999997,4.516620000000004,16.130000000000003,0,3,5,2,22
334.2900000000001,5.638720000000004,3.24,0,1,4,2,22
351.88100000000003,5.476620000000004,27.63,1,3,1,2,25
335.426,4.9623200000000045,27.63,1,3,1,2,25
432.4830000000001,4.720820000000004,68.09,0,4,4,5,33
353.89699999999993,5.030720000000005,21.060000000000002,0,2,4,3,25
489.56300000000016,6.467240000000005,62.300000000000004,1,4,2,3,34
203.289,1.1128199999999997,28.160000000000004,1,3,0,1,15
419.95600000000024,6.361120000000006,54.88,1,3,4,3,30
473.0200000000003,6.852820000000007,59.81,1,3,4,4,34
572.4920000000003,7.799320000000007,84.22,2,3,8,5,40
370.4160000000001,3.6599400000000006,105.38,3,4,3,5,28
254.37699999999998,3.570020000000002,16.130000000000003,0,2,3,2,19
448.52300000000037,3.1114200000000007,105.60000000000001,3,7,5,3,33
312.348,2.47452,50.5,0,3,3,3,23
337.39800000000014,3.6137200000000016,37.61,0,2,3,3,25
338.38600000000014,3.008720000000001,50.5,0,3,3,3,25
352.4130000000001,2.42312,49.64,1,3,3,3,26
353.39700000000016,2.8501200000000004,46.84,0,3,3,3,26
354.38500000000016,2.24512,59.730000000000004,0,4,3,3,26
369.46500000000015,3.566720000000002,37.61,0,3,3,3,26
370.45300000000015,2.9617200000000006,50.5,0,4,3,3,26
427.40100000000007,5.648820000000003,46.400000000000006,1,2,4,4,31
393.8490000000001,5.283420000000003,46.400000000000006,1,2,4,4,28
377.39400000000006,4.769120000000003,46.400000000000006,1,2,4,4,28
378.38200000000006,4.164120000000002,59.290000000000006,1,3,4,4,28
427.40100000000007,5.648820000000003,46.400000000000006,1,2,4,4,31
393.8490000000001,5.283420000000003,46.400000000000006,1,2,4,4,28
377.39400000000006,4.769120000000003,46.400000000000006,1,2,4,4,28
378.38200000000006,4.164120000000002,59.290000000000006,1,3,4,4,28
359.40400000000005,4.630020000000004,46.400000000000006,1,2,4,4,27
360.39200000000005,4.025020000000002,59.290000000000006,1,3,4,4,27
427.40100000000007,5.648820000000003,46.400000000000006,1,2,4,4,31
373.4310000000001,4.9384400000000035,46.400000000000006,1,2,4,4,28
393.8490000000001,5.283420000000003,46.400000000000006,1,2,4,4,28
377.39400000000006,4.769120000000003,46.400000000000006,1,2,4,4,28
378.38200000000006,4.164120000000002,59.290000000000006,1,3,4,4,28
377.4880000000002,3.8672400000000033,47.36,0,4,6,3,28
339.87,4.6422200000000045,21.060000000000002,0,2,4,3,24
457.5490000000002,5.141720000000005,49.580000000000005,0,4,6,4,34
497.6720000000003,4.877840000000004,64.14,0,6,6,5,36
447.9300000000003,3.5711200000000014,88.83,1,6,4,4,32
497.55900000000025,3.7773400000000024,135.07,3,7,6,5,37
371.4000000000001,3.7210400000000012,102.72999999999999,2,5,2,5,28
213.236,3.146020000000002,54.0,0,3,2,2,16
258.32499999999993,1.81562,45.400000000000006,0,5,1,2,19
399.4330000000001,4.2410200000000025,83.79,2,5,5,5,30
481.43400000000014,3.976600000000002,105.69999999999999,1,5,5,4,35
391.51900000000006,3.7265200000000016,98.43999999999998,3,4,4,3,29
458.4800000000002,4.533820000000003,82.28,1,4,4,2,33
438.47400000000016,4.525800000000003,83.21000000000001,1,5,3,2,32
474.6270000000001,7.261540000000008,3.88,0,0,2,5,37
299.32399999999996,3.902420000000002,30.19,0,2,3,3,22
333.769,4.555820000000002,30.19,0,2,3,3,23
293.37,3.099920000000001,38.13,0,2,3,3,22
385.43100000000027,2.40792,103.99,1,5,4,4,29
409.4930000000001,4.532520000000003,63.910000000000004,0,4,3,4,31
415.5220000000001,4.594020000000004,63.910000000000004,0,5,3,4,30
337.35400000000004,3.704620000000002,59.230000000000004,0,4,3,3,25
463.32200000000006,4.963840000000004,58.290000000000006,2,4,3,3,29
493.5070000000002,4.0698200000000035,81.50000000000001,0,5,5,3,34
527.5600000000003,5.685120000000005,126.82000000000001,3,6,5,5,39
430.55200000000025,4.307040000000003,60.25,0,5,5,3,32
367.5180000000001,4.757120000000004,53.82,1,4,2,1,26
386.4950000000002,5.797120000000005,58.2,2,2,4,3,29
398.38400000000007,5.5184200000000025,58.2,2,2,4,3,29
344.4140000000001,4.808040000000003,58.2,2,2,4,3,26
364.8320000000001,5.153020000000003,58.2,2,2,4,3,26
398.38400000000007,5.5184200000000025,58.2,2,2,4,3,29
331.37500000000006,3.8946200000000015,71.09,2,3,4,3,25
315.46000000000004,5.068320000000004,26.02,1,1,6,3,24
359.46900000000005,4.521520000000003,63.32000000000001,2,2,7,3,27
359.46900000000005,4.521520000000003,63.32000000000001,2,2,7,3,27
495.71100000000024,6.469340000000008,26.790000000000006,0,3,6,3,37
481.6840000000002,6.600840000000008,26.790000000000006,0,3,5,3,36
487.6880000000004,5.201340000000005,43.86000000000001,0,3,6,2,36
459.6340000000003,4.421140000000004,43.86000000000001,0,3,6,2,34
246.35399999999996,2.7262400000000007,32.34,1,2,2,1,18
272.392,3.260440000000002,32.34,1,2,3,1,20
491.6260000000002,5.750040000000006,35.580000000000005,1,3,9,3,36
628.8139999999999,4.328140000000003,120.0,4,5,15,3,46
179.26299999999998,2.0294399999999997,35.25,1,2,3,1,13
503.5650000000003,3.6828400000000023,81.66999999999999,3,4,6,2,36
301.4340000000001,2.641420000000001,45.230000000000004,1,3,4,1,22
363.4520000000001,3.4208200000000017,45.230000000000004,1,3,5,1,26
329.44400000000013,2.16442,54.46000000000001,1,4,5,1,24
329.44400000000013,2.0219199999999997,54.46000000000001,1,4,5,1,24
341.45500000000015,2.16282,54.46000000000001,1,4,5,1,25
303.45000000000005,2.731720000000001,45.230000000000004,1,3,4,1,22
343.4710000000002,2.25312,54.46000000000001,1,4,5,1,25
365.46800000000013,3.5111200000000027,45.230000000000004,1,3,5,1,26
331.46000000000015,2.1122199999999998,54.46000000000001,1,4,5,1,24
331.46000000000015,2.1122199999999998,54.46000000000001,1,4,5,1,24
469.46300000000014,4.3446200000000035,71.53,1,4,7,3,34
401.53200000000015,2.8989200000000013,79.37,1,5,7,2,28
426.5070000000002,4.107840000000004,41.57000000000001,1,3,4,2,31
288.435,2.6463400000000012,24.5,1,3,4,1,21
413.5250000000002,4.226420000000004,56.07,0,5,6,4,31
350.4620000000001,3.6683200000000022,55.56,1,3,5,2,26
384.4950000000003,3.9163200000000034,43.38000000000001,1,4,6,2,28
505.48600000000033,5.552920000000005,53.010000000000005,1,4,8,2,34
418.4970000000001,6.543920000000005,62.239999999999995,2,3,4,4,30
419.5540000000001,4.287920000000002,56.07,0,6,6,4,30
429.5090000000002,3.935640000000002,111.61,2,7,4,5,31
335.7940000000001,5.248200000000003,61.32,1,3,3,3,24
435.6010000000001,3.2734200000000016,62.970000000000006,0,7,7,3,31
396.44700000000023,2.2902400000000007,95.78999999999999,1,5,5,2,29
434.67200000000025,4.8080400000000045,12.96,0,4,9,2,32
435.66000000000025,4.203040000000003,25.85,0,5,9,2,32
420.6450000000002,4.499620000000005,12.96,0,4,9,2,31
421.6330000000002,3.8946200000000033,25.85,0,5,9,2,31
421.6330000000002,3.8946200000000033,25.85,0,5,9,2,31
471.69300000000027,5.047820000000005,25.85,0,5,9,3,35
391.51500000000016,4.073420000000003,48.72,1,4,7,3,29
503.64700000000045,3.8192800000000027,71.86,1,6,7,3,37
369.55300000000017,4.385220000000004,26.79,0,2,6,1,27
410.6060000000003,3.7998600000000033,40.51,1,3,5,2,30
465.98500000000047,3.705840000000002,55.650000000000006,0,6,2,3,33
485.42600000000016,3.3043200000000015,64.68,2,4,5,2,31
446.42900000000014,5.218120000000003,80.34000000000002,1,5,3,3,32
310.78400000000005,5.3458900000000025,49.02,2,2,3,3,22
373.4310000000001,4.938440000000004,46.400000000000006,1,2,4,4,28
398.4660000000002,3.9566200000000027,73.80000000000001,2,3,3,3,30
398.4660000000002,3.9566200000000027,73.80000000000001,2,3,3,3,30
302.333,4.379000000000003,66.03,1,3,3,3,23
311.76800000000003,5.160720000000003,42.24,1,2,3,3,22
361.319,5.405920000000003,51.47,1,3,4,3,26
397.5030000000001,5.337020000000003,54.019999999999996,2,3,3,4,29
341.41900000000004,1.7043199999999992,131.83999999999997,4,7,5,2,25
345.4500000000001,3.605220000000002,53.08,2,5,4,3,26
450.46900000000016,2.57024,93.02000000000001,2,8,7,3,32
298.3500000000001,1.0112199999999996,104.96000000000001,4,6,5,2,22
340.4310000000001,2.18152,104.96000000000001,4,6,6,2,25
286.33900000000006,0.9981199999999995,118.94999999999999,4,6,6,2,21
326.4040000000001,1.7914199999999996,104.96000000000001,4,6,6,2,24
326.4040000000001,1.7914199999999996,104.96000000000001,4,6,6,2,24
376.4110000000001,2.5545199999999992,118.94999999999999,4,6,5,2,27
376.4110000000001,2.5545199999999992,118.94999999999999,4,6,5,2,27
340.4310000000001,2.3093199999999996,118.94999999999999,4,6,5,2,25
326.4040000000001,1.7914199999999996,104.96000000000001,4,6,5,2,24
312.37700000000007,1.4013199999999997,104.96000000000001,4,6,5,2,23
342.4030000000001,1.15562,128.18,4,7,5,2,25
342.4030000000001,1.15562,128.18,4,7,5,2,25
328.3760000000001,0.7655199999999995,128.18,4,7,5,2,24
340.4310000000001,2.3093199999999996,118.94999999999999,4,6,5,2,25
326.4040000000001,1.7914199999999996,104.96000000000001,4,6,5,2,24
312.37700000000007,1.4013199999999997,104.96000000000001,4,6,5,2,23
358.4190000000001,2.21812,86.71000000000001,2,4,4,2,25
485.9830000000002,3.2261200000000008,114.43,2,7,4,5,35
491.63500000000033,7.502100000000007,78.92,1,4,6,4,37
491.63500000000033,7.502100000000007,78.92,1,4,6,4,37
412.47200000000026,4.148500000000003,94.62,2,5,3,4,31
377.48800000000017,3.8672400000000033,47.36,0,4,6,3,28
403.52600000000024,4.304620000000003,47.36,0,4,4,3,30
469.4630000000002,4.344620000000003,71.53,1,4,7,3,34
366.40800000000013,4.480320000000003,33.2,0,3,3,2,25
332.85600000000017,4.114920000000003,33.2,0,3,3,2,22
332.8560000000001,4.114920000000003,33.2,0,3,3,2,22
403.5260000000003,4.398240000000004,47.36,0,4,4,3,30
377.4880000000002,3.8672400000000033,47.36,0,4,6,3,28
391.5190000000001,3.7265200000000016,98.43999999999998,3,4,4,3,29
474.6270000000002,7.261540000000009,3.88,0,0,2,5,37
492.08800000000036,6.874220000000006,38.13,0,4,5,4,34
486.05900000000037,6.812720000000007,38.13,0,3,5,4,35
466.5890000000004,4.549700000000004,79.74,0,5,5,4,35
476.0240000000004,5.331420000000005,55.95,0,4,5,4,34
459.56900000000036,4.817120000000004,55.95,0,4,5,4,34
466.5890000000004,4.549700000000004,79.74,0,5,5,4,35
476.0240000000004,5.331420000000005,55.95,0,4,5,4,34
431.47100000000023,3.2445200000000005,84.97,2,5,4,4,32
272.39199999999994,2.5992200000000008,32.34,1,2,4,1,20
419.5290000000004,4.585220000000004,83.28999999999999,2,6,8,3,31
364.4890000000001,4.229320000000003,55.56,1,3,5,2,27
269.388,3.662620000000003,12.47,0,2,6,2,20
363.54500000000013,5.168940000000006,23.47,1,2,3,2,27
350.50600000000014,4.255520000000003,36.36,1,3,3,2,26
336.47900000000016,3.865420000000003,36.36,1,3,3,2,25
350.50600000000014,4.255520000000003,36.36,1,3,3,2,26
274.40799999999996,2.3379200000000004,24.5,1,3,4,1,20
403.93500000000023,3.5606000000000027,64.41,0,4,5,2,27
386.49900000000014,3.168820000000002,39.150000000000006,0,4,4,2,29
350.4620000000001,3.6683200000000022,55.56,1,3,5,2,26
504.5280000000002,3.4191200000000013,143.48,2,9,12,3,35
505.48600000000033,5.552920000000006,53.010000000000005,1,4,8,2,34
418.4970000000001,6.543920000000005,62.239999999999995,2,3,4,4,30
419.55400000000014,4.287920000000003,56.07,0,6,6,4,30
312.35,2.41932,62.550000000000004,1,4,2,2,22
435.6010000000001,3.2734200000000024,62.970000000000006,0,7,7,3,31
351.49400000000014,3.198120000000002,39.6,1,4,3,2,26
358.4190000000001,2.21812,86.71000000000001,2,4,4,2,25
526.4860000000002,4.707920000000004,78.95,1,5,5,2,34
364.53300000000013,4.501520000000004,36.36,1,3,3,2,27
380.53200000000015,3.473920000000003,56.59,2,4,4,2,28
366.5050000000001,3.2263200000000016,56.59,2,4,3,2,27
352.4780000000001,2.836220000000002,56.59,2,4,3,2,26
549.1580000000002,7.519020000000007,32.34,1,2,7,4,40
432.9110000000001,4.482420000000003,79.78,2,3,5,4,31
469.9320000000001,4.667620000000003,92.66999999999999,2,4,5,5,34
374.48800000000006,3.9056400000000036,43.18000000000001,0,4,3,3,28
430.5520000000003,4.307040000000003,60.25,0,5,5,3,32
469.6330000000002,5.082420000000005,52.57000000000001,0,5,5,3,35
430.4830000000003,4.057620000000003,71.37,1,6,4,4,32
413.5250000000002,4.226420000000004,56.07,0,5,6,4,31
586.6560000000002,4.950720000000005,131.44,2,8,6,5,44
564.6020000000002,4.2588200000000045,140.06,2,8,6,4,42
548.6030000000002,4.553220000000004,119.83,1,7,6,4,41
548.6030000000002,4.553220000000004,119.83,1,7,6,4,41
548.6030000000002,4.553220000000004,119.83,1,7,6,4,41
605.6990000000003,4.397220000000005,115.23000000000002,1,9,6,4,45
577.6700000000002,5.170320000000006,115.65,1,9,5,5,42
520.5930000000002,4.560620000000005,102.76,1,7,5,4,39
511.5420000000002,3.5486200000000023,128.79000000000002,1,9,5,4,38
538.5680000000002,3.0562200000000015,148.76999999999998,2,10,5,4,40
510.55800000000016,3.079320000000001,120.58000000000001,1,8,5,4,38
526.6410000000003,4.9413200000000055,102.76,1,7,5,3,39
513.5580000000002,2.630320000000001,123.07000000000001,1,8,5,3,38
378.52000000000027,3.948020000000003,48.470000000000006,1,3,3,2,28
396.5100000000003,4.087120000000003,48.470000000000006,1,3,3,2,29
419.5330000000003,2.9907200000000005,78.66000000000001,1,5,3,3,31
412.49700000000024,3.498520000000001,75.42,1,5,4,4,31
420.5420000000002,4.0527200000000025,76.06,1,8,6,3,30
444.51100000000014,4.297920000000002,76.06,1,8,6,3,31
408.5310000000002,4.0527200000000025,76.06,1,8,6,3,29
324.49300000000005,4.860620000000005,16.130000000000003,0,3,5,3,23
363.3770000000001,1.4768199999999998,111.17999999999999,1,5,4,3,27
473.6210000000003,4.446820000000003,83.28,2,5,9,3,35
549.5010000000001,3.2424200000000023,100.27000000000001,1,8,6,3,37
535.4740000000002,2.852320000000001,100.27000000000001,1,8,5,3,36
519.4750000000001,3.879920000000003,80.04,0,7,4,3,35
549.5010000000001,3.2424200000000023,100.27000000000001,1,8,6,3,37
535.4740000000002,2.852320000000001,100.27000000000001,1,8,5,3,36
474.96000000000015,2.48512,119.36000000000001,2,7,4,5,34
497.67200000000025,4.877840000000004,64.14,0,6,6,5,36
385.4180000000001,2.489020000000001,68.67999999999999,1,5,2,3,28
436.82500000000005,3.7974200000000025,76.80000000000001,0,5,2,3,30
324.493,4.860620000000004,16.130000000000003,0,3,5,3,23
482.6720000000002,5.9958400000000065,39.68000000000001,0,4,5,3,36
483.6600000000002,5.390840000000005,52.57000000000001,0,5,5,3,36
413.5250000000002,4.226420000000004,56.07,0,5,6,4,31
399.9660000000001,4.344220000000004,28.600000000000005,0,4,4,2,28
312.7560000000001,4.555720000000003,55.13,1,3,3,3,22
485.59100000000035,3.5257200000000024,121.35999999999999,2,7,6,3,33
351.288,2.68522,74.95,0,6,6,3,25
385.4180000000001,2.48902,68.67999999999999,1,5,2,3,28
279.321,0.74642,105.31000000000002,3,5,4,2,19
339.464,4.7779200000000035,38.25000000000001,0,5,4,3,24
392.5070000000001,3.1215200000000003,111.33,3,5,4,3,29
473.6210000000004,4.446820000000003,83.28,2,5,9,3,35
462.54100000000017,5.158020000000005,47.09,0,5,7,3,32
282.372,3.4700200000000017,41.38,0,5,3,3,20
481.3870000000003,4.549120000000003,75.08000000000001,2,6,4,4,33
529.5260000000001,6.355840000000005,97.62,2,6,6,5,39
445.28500000000014,4.523820000000002,77.63000000000001,1,4,5,4,30
502.4470000000001,4.800220000000003,68.84,0,4,4,4,36
484.4570000000001,4.661120000000003,68.84,0,4,4,4,35
582.4800000000002,5.602220000000003,78.07000000000001,0,5,6,4,41
378.4550000000001,3.1413200000000012,50.08,0,5,3,3,28
415.44700000000006,5.7562200000000034,47.67,1,3,4,5,31
398.44500000000005,5.012120000000004,60.56,1,4,4,5,30
398.44500000000005,5.012120000000004,60.56,1,4,4,5,30
498.5050000000001,3.9459200000000036,69.36000000000001,0,4,3,3,36
492.47300000000007,4.0706200000000035,69.36000000000001,0,4,6,3,35
538.9290000000001,4.918320000000005,69.36000000000001,0,4,4,3,37
487.64800000000037,4.661620000000004,83.28,2,5,9,3,36
480.6560000000003,6.2754000000000065,70.71000000000001,1,3,3,2,36
473.63600000000025,6.542820000000007,46.92,1,2,3,2,35
491.62600000000026,6.681920000000007,46.92,1,2,3,2,36
533.7380000000003,5.807220000000006,81.06,1,4,4,2,38
500.6430000000003,6.311920000000007,90.06,1,4,4,2,37
456.63400000000024,5.798720000000006,59.81,1,3,3,2,34
474.62400000000025,5.937820000000006,59.81,1,3,3,2,35
456.63400000000024,5.798720000000006,59.81,1,3,3,2,34
487.91900000000027,2.72712,109.46,2,5,6,3,34
286.16200000000003,2.81412,64.07,2,3,3,2,18
501.9460000000003,3.1172200000000014,109.46,2,5,7,3,35
419.5540000000002,4.287920000000003,56.07,0,6,6,4,30
338.814,2.60562,72.94,2,3,3,2,23
338.814,2.60562,72.94,2,3,3,2,23
324.787,2.3596199999999996,72.94,2,3,3,2,22
242.23099999999997,-1.5142799999999992,104.54999999999998,3,5,2,1,17
380.78600000000006,3.1149000000000013,80.91,0,4,5,3,26
338.814,2.60562,72.94,2,3,3,2,23
338.814,2.60562,72.94,2,3,3,2,23
324.787,2.3596199999999996,72.94,2,3,3,2,22
491.9530000000002,3.022120000000001,121.69999999999999,2,6,5,3,33
377.9200000000002,2.9761200000000017,75.66,2,4,5,2,26
439.5630000000002,4.294440000000003,46.42,0,5,4,4,33
416.4810000000003,3.1816200000000014,83.37,1,6,1,3,31
416.4810000000003,3.1816200000000014,83.37,1,6,1,3,31
466.41000000000014,4.176620000000002,77.0,1,5,8,3,33
444.5310000000003,6.190620000000005,77.49,1,4,11,4,33
476.4950000000003,6.075220000000005,73.58,1,4,11,3,34
498.6560000000002,5.509820000000005,75.77000000000001,1,6,7,5,36
498.6560000000002,5.509820000000005,75.77000000000001,1,6,7,5,36
462.62300000000016,4.367020000000003,64.91,0,6,7,4,33
465.64800000000014,5.090020000000004,59.980000000000004,0,7,7,4,32
444.4130000000001,3.5216200000000013,86.23,1,6,5,3,32
525.5310000000002,4.794460000000004,103.02000000000001,1,7,6,4,38
408.4910000000002,2.3190999999999997,120.67000000000002,3,10,6,3,29
664.1850000000002,6.631620000000008,108.96000000000002,1,7,7,5,48
503.5540000000002,4.323520000000004,85.76,0,8,6,4,35
474.5560000000001,4.355020000000003,59.730000000000004,0,6,7,3,33
474.63800000000026,3.4823400000000015,77.55,0,7,6,4,34
506.96900000000034,3.9499400000000024,107.12,1,7,5,4,36
472.52400000000034,3.296540000000002,107.12,1,7,5,4,35
373.4110000000001,2.7246200000000007,82.62,2,6,5,3,27
463.4880000000002,3.900140000000003,84.26,1,7,4,4,34
445.4980000000003,3.761040000000002,84.26,1,7,4,4,33
463.4880000000002,3.900140000000003,84.26,1,7,4,4,34
293.414,3.2891200000000023,29.020000000000003,0,3,5,2,22
344.4800000000001,3.9323200000000025,62.22,2,4,5,2,24
336.3550000000001,2.3322200000000004,104.88,1,7,5,4,25
352.42300000000006,2.800720000000001,91.74,1,7,5,4,25
395.43400000000025,3.0680200000000015,78.96000000000001,1,6,1,2,29
377.4960000000002,2.8881200000000007,81.83,0,7,3,2,28
377.4960000000002,2.8881200000000007,81.83,0,7,3,2,28
377.4960000000002,2.8881200000000016,81.83,0,7,3,2,28
378.48000000000013,3.0767200000000017,87.82000000000001,0,7,6,2,28
400.91400000000016,2.37322,70.05000000000001,1,5,5,3,28
387.4870000000002,3.045420000000001,57.160000000000004,1,4,3,4,29
388.4750000000002,2.4404200000000005,70.05000000000001,1,5,3,4,29
388.4750000000002,2.4404200000000005,70.05000000000001,1,5,3,4,29
391.5190000000003,2.771020000000001,57.160000000000004,1,4,3,3,29
392.50700000000023,2.2503200000000003,69.19,2,5,3,3,29
393.49100000000027,1.9649199999999996,66.39000000000001,1,5,3,3,29
418.5440000000001,2.826220000000001,91.72999999999999,1,7,6,2,28
436.31000000000023,2.86714,97.4,3,6,5,2,27
515.3610000000001,2.2833200000000007,131.18,2,9,7,4,35
467.9170000000001,3.378420000000002,116.94000000000001,1,8,8,4,33
479.92800000000005,3.522520000000002,116.94000000000001,1,8,8,4,34
480.9160000000001,2.9175200000000014,129.83,1,9,8,4,34
508.92600000000016,2.2224999999999993,160.95999999999998,2,10,9,4,36
384.39500000000015,4.755920000000002,101.03999999999999,1,6,4,4,29
430.46400000000017,4.586040000000003,97.55999999999999,1,6,5,4,32
462.50600000000026,3.4351200000000013,113.88,2,7,8,3,34
437.4770000000002,4.287740000000003,111.38999999999999,1,7,5,4,31
428.541,3.4441200000000016,82.10000000000001,2,9,6,3,30
415.49800000000005,3.528920000000002,88.09,2,9,6,3,29
416.48600000000005,2.9239200000000007,100.98,2,10,6,3,29
429.48800000000017,2.3701000000000008,145.74,3,9,6,3,32
467.5930000000002,4.005020000000003,82.34,2,7,8,3,34
458.52200000000033,3.423600000000002,107.51999999999998,1,8,5,3,34
484.60800000000035,3.954740000000003,102.07,3,7,6,4,36
488.5710000000003,3.785420000000002,102.07,3,7,6,4,36
463.9290000000002,3.901320000000003,101.1,2,6,6,4,33
450.4530000000002,3.059820000000001,93.76,1,6,5,4,33
464.4800000000002,3.4483200000000025,93.76,1,6,5,4,34
367.743,3.1995200000000015,74.95,0,6,6,3,25
351.288,2.68522,74.95,0,6,6,3,25
317.299,2.882320000000001,65.72,0,5,5,3,23
496.55500000000023,2.8309200000000017,94.56,3,6,6,2,34
444.5140000000002,3.9460400000000018,75.42,1,5,4,4,33
368.44100000000014,1.2795399999999997,96.17,2,6,6,3,27
391.3780000000001,1.8149399999999998,102.16000000000001,2,6,7,3,28
464.5010000000002,3.6845200000000027,95.05000000000001,1,6,5,4,34
447.4990000000002,2.9404200000000014,107.94000000000001,1,7,5,4,33
447.9300000000002,3.5711200000000023,88.83000000000001,1,6,4,4,32
448.9180000000002,2.966120000000001,101.72000000000001,1,7,4,4,32
476.97200000000015,3.285120000000001,101.72000000000001,1,7,6,4,34
381.91100000000006,4.631740000000004,55.63,1,4,5,3,27
407.90500000000014,3.8992200000000015,71.01,1,5,4,3,29
377.44400000000024,2.9289200000000015,78.96000000000001,1,6,1,2,28
416.5100000000001,3.9890200000000027,76.80000000000001,0,6,3,4,30
636.4460000000003,5.575420000000005,112.09,1,6,6,6,44
661.4560000000001,5.447100000000004,135.88,1,7,6,6,46
652.5140000000001,5.934320000000004,102.85999999999999,1,6,6,6,44
384.5050000000002,3.4913400000000028,76.14,2,5,6,2,27
431.47100000000023,3.4526200000000022,84.26,1,7,4,4,32
293.414,3.2891200000000023,29.020000000000003,0,3,5,2,22
372.3920000000001,2.5506200000000003,134.56,2,8,3,5,28
429.4880000000002,2.3701,145.74,3,9,6,3,32
392.5070000000001,3.1215200000000003,111.33,3,5,4,3,29
459.72700000000003,5.054420000000003,68.28999999999999,1,4,6,3,28
474.9520000000002,3.5024200000000016,107.12,1,7,5,4,34
447.9260000000003,3.9669200000000027,84.26,1,7,4,4,32
431.47100000000023,3.4526200000000022,84.26,1,7,4,4,32
473.6210000000003,4.446820000000003,83.28,2,5,9,3,35
487.6480000000004,4.661620000000004,83.28,2,5,9,3,36
389.4780000000002,4.570120000000004,38.88,0,3,4,4,29
360.3920000000001,3.6930200000000015,73.80000000000001,1,3,4,4,27
378.43200000000024,2.32392,91.85000000000001,1,7,1,2,28
465.9160000000003,4.1060200000000036,84.26,1,7,4,4,33
441.55300000000034,2.9828400000000013,82.97,1,7,4,2,31
457.9660000000003,2.9903200000000014,109.33000000000001,2,8,5,3,32
365.4050000000001,3.295820000000001,73.64,1,6,2,2,25
379.4320000000001,3.6843200000000023,73.64,1,6,2,2,26
397.4220000000001,3.6339200000000016,73.64,1,6,3,2,27
463.5630000000003,4.031820000000003,109.58000000000001,3,7,4,3,33
330.41300000000007,1.86012,60.13,0,4,3,3,23
299.39900000000006,3.1614200000000015,38.13,0,3,3,3,21
421.5510000000001,4.655520000000004,63.910000000000004,0,6,3,4,29
755.9609999999996,5.930320000000006,120.95,3,10,11,4,54
470.9570000000003,4.772520000000003,71.37,1,7,4,4,32
438.4880000000003,2.9091200000000006,97.15,1,9,4,4,31
326.469,3.6587200000000024,33.95,0,4,3,3,23
394.58800000000014,5.361620000000006,33.95,0,4,4,3,28
396.5600000000002,4.207920000000003,43.18,0,5,4,3,28
523.0910000000002,4.709140000000003,109.5,2,9,4,5,35
506.0390000000002,3.6777200000000017,114.43,2,8,4,5,35
486.43200000000013,4.444420000000003,96.61,2,7,4,4,32
486.5270000000001,3.551420000000002,109.5,2,8,4,4,34
492.01200000000017,3.4387200000000018,113.91,2,8,4,5,34
509.0640000000002,4.319040000000003,109.5,2,9,4,5,34
492.01200000000017,3.2876200000000013,114.43,2,8,4,5,34
477.9850000000001,3.0486200000000014,113.91,2,8,4,5,33
312.48199999999997,4.516620000000004,16.130000000000003,0,3,5,2,22
419.56100000000015,3.312140000000001,101.64000000000001,2,10,6,4,27
486.43200000000013,4.444420000000003,96.61,2,7,4,4,32
486.43200000000024,4.444420000000003,96.61,2,7,4,4,32
801.0519999999999,7.5480800000000094,53.7,0,2,0,8,60
339.43900000000014,3.141020000000002,58.220000000000006,1,4,4,2,25
474.60900000000026,4.644240000000004,104.69999999999999,3,4,9,3,35
334.467,4.268540000000003,44.81,1,3,4,3,25
350.4220000000001,3.6416400000000015,93.89,2,4,5,3,26
555.8930000000001,7.747940000000005,79.9,2,4,4,4,37
350.8,4.723740000000003,46.5,1,2,5,3,24
366.79900000000004,4.387540000000003,55.730000000000004,1,3,6,3,25
300.793,3.7861400000000023,46.5,1,2,4,3,21
334.34499999999997,4.209440000000003,46.5,1,2,5,3,24
352.772,4.193140000000002,55.730000000000004,1,3,5,3,24
334.34499999999997,4.189140000000004,46.5,1,2,4,3,24
320.318,4.015040000000003,46.5,1,2,4,3,23
318.3520000000001,2.1904399999999997,72.46000000000001,2,4,3,2,23
472.4710000000001,4.2502400000000025,97.72000000000001,2,5,6,4,34
487.4610000000002,3.560620000000001,111.43,4,6,4,3,35
425.29,3.6668200000000013,91.64999999999999,3,5,2,4,27
380.83900000000006,3.5577200000000015,91.64999999999999,3,5,2,4,27
394.52300000000025,4.315240000000004,78.84,2,3,6,3,29
394.52300000000014,4.172740000000003,78.84,2,3,7,3,29
420.4920000000002,4.3218400000000035,78.84,2,3,7,4,31
358.445,3.8821200000000022,76.82,2,4,6,4,27
371.366,4.505340000000003,59.39,1,3,3,4,27
394.52300000000025,4.315240000000004,78.84,2,3,6,3,29
420.4920000000002,4.3218400000000035,78.84,2,3,7,4,31
285.34399999999994,2.3627200000000004,74.85,2,3,6,2,19
441.40800000000013,3.743420000000003,82.61999999999999,2,6,5,3,31
586.5580000000001,5.059320000000005,86.37,1,4,5,3,40
320.43999999999994,3.9601200000000025,44.81,1,3,4,3,24
378.41100000000006,3.8271200000000016,94.64,2,5,5,4,28
541.8660000000002,7.439520000000005,79.9,2,4,4,4,36
413.8710000000002,5.379020000000005,38.25000000000001,0,4,6,2,28
472.5530000000001,2.6862200000000005,106.07000000000001,0,8,7,4,35
380.3190000000002,5.013620000000005,38.25000000000001,0,4,6,2,25
381.85400000000016,4.638420000000004,38.25000000000001,0,4,6,2,26
363.86400000000015,4.4993200000000035,38.25000000000001,0,4,6,2,25
536.6980000000003,4.228020000000004,105.4,1,7,7,3,38
331.847,3.970120000000003,38.25000000000001,0,4,6,2,23
345.874,4.3602200000000035,38.25000000000001,0,4,6,2,24
414.57800000000026,5.755520000000006,41.910000000000004,0,5,5,4,30
414.57800000000026,5.755520000000006,41.910000000000004,0,5,5,4,30
419.61900000000026,6.422020000000006,29.020000000000003,0,5,5,4,29
414.57800000000026,5.755520000000006,41.910000000000004,0,5,5,4,30
415.56600000000026,5.1505200000000055,54.800000000000004,0,6,5,4,30
420.607,5.817020000000005,41.910000000000004,0,6,5,4,29
472.5780000000002,3.4768200000000027,95.83000000000001,1,7,4,5,34
415.52200000000005,4.594020000000005,63.910000000000004,0,5,3,4,30
407.52400000000006,4.094520000000003,63.910000000000004,0,6,3,4,28
405.48300000000006,4.187020000000003,77.05000000000001,0,6,3,4,29
421.55100000000004,4.655520000000004,63.910000000000004,0,6,3,4,29
435.5780000000001,4.9639400000000045,63.910000000000004,0,6,3,4,30
475.55300000000045,1.8349399999999998,106.34,0,8,6,3,35
461.5260000000004,1.2739399999999999,106.34,0,8,6,3,34
465.51800000000037,0.011920000000000597,135.16,1,9,5,3,34
465.50000000000006,4.2664000000000035,106.07,1,5,4,2,34
325.774,4.0764400000000025,30.71,0,2,1,3,23
343.764,4.215540000000002,30.71,0,2,1,3,24
391.78000000000003,4.835940000000002,39.94,0,3,2,3,27
423.6050000000003,3.641460000000002,61.36000000000001,1,5,6,2,31
486.44700000000023,4.738040000000004,53.400000000000006,1,4,7,3,33
450.4140000000002,4.157320000000004,61.36000000000001,1,5,7,2,30
472.4200000000002,4.347940000000004,53.400000000000006,1,4,6,3,32
542.854,6.834520000000005,92.78999999999999,2,5,4,4,36
393.3820000000001,2.0769,135.12,2,7,3,3,29
303.38699999999994,2.36472,63.25,2,5,3,2,21
531.6040000000002,5.264320000000005,84.13999999999999,1,6,8,3,37
513.6770000000001,5.950920000000006,63.050000000000004,1,4,8,2,37
530.6200000000002,4.665020000000005,89.93,1,6,8,3,37
436.5120000000003,1.6251200000000001,109.92000000000002,2,8,6,2,32
451.52700000000016,3.8225400000000027,84.26,1,8,4,4,32
452.51500000000016,3.2175400000000014,97.15,1,9,4,4,32
466.53800000000024,3.611420000000003,91.60000000000001,2,8,5,4,33
452.51500000000027,3.2175400000000014,97.15,1,9,4,4,32
367.44900000000007,3.6078400000000013,106.16999999999999,2,4,5,2,27
555.6640000000004,4.6339600000000045,115.65,1,9,5,4,40
370.5,4.812120000000005,52.81,0,4,4,3,28
388.51500000000004,4.039340000000002,72.11000000000001,1,4,5,3,29
370.5,4.812120000000005,52.81,0,4,4,3,28
388.51500000000004,4.039340000000002,72.11000000000001,1,4,5,3,29
335.45099999999996,4.533440000000004,42.160000000000004,0,4,4,3,25
351.51899999999995,5.001940000000005,29.020000000000003,0,4,4,3,25
487.6480000000003,4.959640000000004,94.13999999999999,3,5,9,3,36
572.6420000000002,5.324240000000004,100.03,1,10,5,4,39
455.5650000000002,3.594540000000003,97.31,1,9,4,3,31
474.0990000000002,5.2809400000000055,46.84,0,6,6,3,31
474.0990000000002,5.2809400000000055,46.84,0,6,6,3,31
457.6440000000002,4.766640000000005,46.84,0,6,6,3,31
505.6100000000002,5.641640000000006,59.980000000000004,0,6,7,3,35
521.6780000000001,6.110140000000007,46.84,0,6,7,3,35
522.6220000000002,5.298440000000005,72.87,0,8,6,4,35
493.62400000000014,5.329940000000005,46.84,0,6,7,3,33
443.4420000000001,4.157960000000002,111.10000000000001,1,7,4,5,33
453.999,5.683660000000004,72.82000000000001,1,7,8,4,31
562.7260000000005,7.693240000000009,71.89,1,5,9,3,41
488.63600000000037,4.150240000000003,96.17,2,6,9,3,36
533.5020000000001,4.188340000000004,80.04,0,7,4,3,36
522.6010000000002,3.862040000000003,92.93,0,8,4,3,36
534.49,3.5833400000000024,92.93,0,8,4,3,36
506.5580000000002,3.4419400000000024,92.93,0,8,5,3,35
535.6000000000003,3.164740000000002,96.17,0,9,5,3,37
524.5730000000002,3.351740000000002,102.16000000000001,0,9,6,3,36
536.5840000000002,3.495840000000002,102.16000000000001,0,9,6,3,37
586.604,4.009260000000002,134.75,1,10,5,5,41
288.742,2.177339999999999,61.42,0,4,3,3,20
254.29700000000003,1.5239399999999999,61.42,0,4,3,3,19
496.5060000000002,4.258840000000002,134.34,3,8,4,6,37
328.807,3.136420000000001,61.42,0,4,4,3,23
328.807,3.136420000000001,61.42,0,4,4,3,23
366.5130000000002,2.4412200000000004,48.39000000000001,0,6,4,2,27
533.7420000000004,4.867660000000005,66.62,0,6,6,3,38
415.96500000000015,4.902520000000004,50.38,1,4,2,2,29
366.5130000000002,2.5773400000000004,48.39000000000001,0,6,4,2,27
427.90000000000026,2.3338400000000004,104.79,1,8,4,4,30
331.89099999999996,5.125020000000005,29.85,1,2,5,2,23
426.52400000000017,2.7024800000000004,97.74000000000001,1,6,6,3,32
351.416,4.562520000000004,29.85,1,2,5,2,25
460.01800000000014,4.3682200000000035,59.750000000000014,1,5,4,2,32
270.29600000000005,0.7078199999999999,81.65,1,5,4,3,20
270.29600000000005,0.7078199999999997,81.65,1,5,4,3,20
337.343,1.72722,117.77,1,8,5,4,25
402.50100000000015,2.36642,106.25,1,6,5,3,27
346.42000000000013,0.4694199999999995,107.87,1,9,4,3,24
424.5090000000002,0.9418200000000002,140.97,3,8,2,3,31
300.1890000000001,3.1225400000000016,64.07,2,3,3,2,19
480.0120000000001,4.673720000000004,70.59,1,6,6,3,34
543.5460000000002,4.445520000000004,96.89000000000001,1,7,7,3,39
478.5430000000001,5.269020000000005,78.35,2,5,6,3,35
462.98100000000017,4.9848200000000045,78.35,2,5,5,3,33
472.4670000000001,4.449820000000003,87.58,2,6,5,3,34
437.3710000000001,3.5837200000000013,84.5,2,6,3,2,29
457.7890000000001,3.8337200000000022,73.38,1,5,2,2,29
423.34400000000016,3.180320000000001,73.38,1,5,2,2,28
499.6330000000004,2.7982400000000016,100.03999999999999,1,8,5,2,35
396.8780000000001,4.2093200000000035,67.35000000000001,1,5,5,3,28
401.5580000000002,4.627220000000004,45.150000000000006,0,5,5,3,30
415.5630000000002,2.3873200000000008,89.33000000000001,1,6,4,1,29
399.54500000000013,3.424120000000001,83.28,3,7,4,3,27
422.5980000000003,4.530120000000004,41.49,0,6,5,3,30
395.48800000000006,3.0471200000000014,80.55,2,5,6,3,28
416.4570000000001,3.0721200000000017,84.73,2,5,6,3,29
495.45200000000006,5.261020000000004,99.77000000000001,3,4,7,3,35
437.57300000000026,4.238220000000003,88.09,2,9,6,3,31
520.5810000000001,3.4562200000000027,103.27000000000001,3,8,6,3,36
326.403,4.612320000000003,50.7,1,4,4,4,25
350.426,2.708120000000001,77.75,1,6,7,3,26
536.5580000000003,4.901400000000005,94.38000000000001,1,7,5,3,39
541.5740000000003,4.634120000000005,79.82000000000001,1,7,5,3,39
462.45100000000014,3.5989200000000023,75.94,1,5,5,3,33
429.5250000000002,1.8540199999999998,161.29999999999995,5,9,8,2,31
375.86400000000003,2.3577199999999996,131.84,4,7,5,2,26
359.40900000000005,1.8434199999999992,131.84,4,7,5,2,26
490.6370000000002,4.529620000000004,102.07,3,7,6,4,35
381.45900000000006,3.1732200000000015,72.97,2,6,4,3,28
488.01700000000034,3.3135400000000015,106.50999999999999,3,9,7,3,33
504.0200000000003,2.53104,131.43,4,11,8,3,34
465.5810000000002,3.865940000000002,87.03000000000002,2,8,6,3,34
605.1350000000002,6.1562200000000065,95.44,1,6,8,3,43
570.6900000000003,5.502820000000006,95.44,1,6,8,3,42
569.7060000000002,4.903520000000005,101.22999999999999,1,6,8,3,42
372.49800000000005,2.4963200000000008,79.0,1,7,6,2,26
359.45500000000004,2.750820000000001,87.21,1,8,6,2,25
375.523,3.2193200000000015,74.07,1,8,6,2,25
414.4440000000002,4.364920000000002,95.42,3,5,3,5,31
492.0120000000001,3.2876200000000013,114.43000000000002,2,8,4,5,34
494.5340000000002,4.300920000000002,113.24000000000001,3,6,4,6,37
495.5220000000002,3.695920000000002,126.13,3,7,4,6,37
476.5440000000002,4.161820000000002,113.24000000000001,3,6,4,6,36
477.5320000000002,3.556820000000002,126.13,3,7,4,6,36
494.5340000000002,4.300920000000002,113.24000000000001,3,6,4,6,37
471.9930000000003,3.2987400000000022,109.33000000000001,2,8,5,3,33
414.4440000000002,4.364920000000002,95.42,3,5,3,5,31
481.4950000000002,3.6855200000000012,136.99,4,7,4,6,36
494.5340000000002,4.300920000000002,113.24000000000001,3,6,4,6,37
495.5220000000002,3.695920000000002,126.13,3,7,4,6,37
476.5440000000002,4.161820000000002,113.24000000000001,3,6,4,6,36
477.5320000000002,3.556820000000002,126.13,3,7,4,6,36
494.5340000000002,4.300920000000002,113.24000000000001,3,6,4,6,37
535.5870000000002,4.568920000000003,126.13,3,7,6,6,40
464.43900000000014,4.879100000000002,108.96,1,6,3,6,35
472.43400000000014,4.728720000000002,111.18999999999998,2,6,3,6,35
404.8730000000001,3.7520200000000017,77.29,1,5,3,3,28
322.3930000000001,3.1593000000000018,70.71,1,4,3,3,23
431.45800000000037,4.577620000000003,47.36000000000001,0,4,6,3,31
484.56000000000034,3.3400000000000016,122.05000000000001,2,8,6,3,36
423.9440000000003,4.743220000000003,47.36000000000001,0,4,4,3,30
506.6050000000003,4.719120000000004,75.0,1,7,7,4,37
407.48900000000026,4.228920000000004,47.36000000000001,0,4,4,3,30
381.45100000000025,3.6979200000000025,47.36000000000001,0,4,6,3,28
437.52300000000025,3.222120000000001,96.19,2,7,2,3,32
468.5650000000004,3.572020000000002,109.08,2,8,2,4,35
363.3890000000001,3.889020000000002,56.150000000000006,1,4,5,3,25
498.58600000000024,6.507320000000005,78.09,2,3,4,5,38
470.36000000000024,3.489720000000003,101.21000000000001,2,5,6,3,32
380.23100000000017,2.862920000000001,96.52000000000001,2,4,4,2,25
366.24800000000016,2.7706200000000014,79.44999999999999,2,4,4,2,24
457.9180000000001,4.455120000000003,81.07000000000001,2,6,5,4,31
601.8080000000001,6.034720000000007,70.47,1,5,8,2,42
448.59200000000016,3.9117200000000025,87.14,3,6,6,3,32
438.5570000000002,3.8111400000000026,86.00999999999999,0,8,6,4,31
293.3740000000001,1.7117199999999997,55.11,1,4,2,3,22
432.4870000000001,5.018520000000003,105.38,3,4,4,6,33
435.285,4.114020000000002,105.38,3,4,3,5,28
489.5300000000002,4.582620000000002,108.62,3,5,5,5,36
455.5220000000002,3.183719999999999,117.85,3,6,5,5,34
434.4810000000001,2.75502,139.51999999999998,3,6,4,5,31
349.3900000000001,2.4662200000000007,84.22,2,4,5,3,26
431.4580000000003,4.577620000000003,47.36000000000001,0,4,6,3,31
423.9440000000003,4.7432200000000035,47.36000000000001,0,4,4,3,30
494.9330000000002,5.599000000000004,107.61000000000001,2,7,5,4,35
425.4790000000003,4.368020000000004,47.36000000000001,0,4,4,3,31
407.48900000000026,4.228920000000004,47.36000000000001,0,4,4,3,30
381.45100000000025,3.6979200000000025,47.36000000000001,0,4,6,3,28
402.5170000000002,4.843800000000004,53.64,1,3,4,3,30
378.5010000000001,3.8625200000000035,39.68000000000001,0,4,4,3,27
469.5920000000002,4.364320000000004,91.57000000000001,1,8,4,4,32
468.52100000000024,3.721300000000002,145.99,3,9,6,4,35
381.37900000000013,4.186220000000002,56.150000000000006,1,4,4,3,26
452.5840000000002,4.201240000000003,86.00999999999999,0,8,7,4,32
501.57800000000015,5.533520000000005,59.980000000000004,0,6,6,4,35
469.56100000000015,4.792920000000004,59.980000000000004,0,6,6,4,33
434.56900000000013,3.9097200000000027,72.87,0,7,6,4,31
438.5570000000002,3.8111400000000026,86.00999999999999,0,8,6,4,31
441.6010000000003,3.7417200000000026,69.21000000000001,0,7,6,3,31
454.62500000000017,4.279640000000003,72.87,0,8,6,4,31
455.5220000000002,3.18372,117.85,3,6,5,5,34
356.38900000000007,3.35152,105.38,3,4,3,5,27
405.502,3.7002200000000025,83.88,1,4,2,3,30
423.9440000000003,4.7432200000000035,47.36000000000001,0,4,4,3,30
407.48900000000026,4.228920000000004,47.36000000000001,0,4,4,3,30
381.45100000000025,3.6979200000000025,47.36000000000001,0,4,6,3,28
570.7060000000004,4.8632200000000045,84.30000000000001,1,5,7,3,40
444.93800000000033,4.805120000000004,60.25000000000001,0,5,5,3,31
461.54100000000034,4.699920000000004,73.14,0,6,5,4,34
409.5050000000002,4.756720000000004,47.36,0,4,5,3,30
410.4930000000003,4.151720000000004,60.25000000000001,0,5,5,3,30
436.5120000000003,3.7413200000000026,78.71,0,7,5,3,32
454.62500000000017,4.279640000000003,72.87,0,8,6,4,31
457.4960000000003,5.108620000000005,47.36000000000001,0,4,4,3,33
431.4580000000003,4.577620000000003,47.36000000000001,0,4,6,3,31
423.9440000000003,4.7432200000000035,47.36000000000001,0,4,4,3,30
397.9060000000003,4.212220000000003,47.36000000000001,0,4,6,3,28
407.48900000000026,4.228920000000004,47.36000000000001,0,4,4,3,30
381.45100000000025,3.6979200000000025,47.36000000000001,0,4,6,3,28
389.4990000000002,4.089820000000003,47.36000000000001,0,4,4,3,29
403.52600000000024,4.479920000000004,47.36000000000001,0,4,4,3,30
417.5530000000003,4.870020000000005,47.36000000000001,0,4,4,3,31
389.4990000000002,4.089820000000003,47.36000000000001,0,4,4,3,29
403.52600000000024,4.479920000000004,47.36000000000001,0,4,4,3,30
377.4880000000001,3.804820000000003,47.36000000000001,0,4,6,3,28
363.4610000000001,3.5588200000000025,47.36000000000001,0,4,6,3,27
377.48800000000017,3.948920000000003,47.36000000000001,0,4,6,3,28
391.5150000000002,4.339020000000004,47.36000000000001,0,4,6,3,29
377.4880000000001,3.947320000000003,47.36000000000001,0,4,6,3,28
391.51500000000016,4.194920000000003,47.36000000000001,0,4,6,3,29
377.4880000000001,3.947320000000003,47.36000000000001,0,4,6,3,28
403.52600000000024,4.479920000000004,47.36000000000001,0,4,4,3,30
376.50400000000013,3.888620000000003,41.370000000000005,0,3,4,3,28
388.5150000000002,4.032720000000003,41.370000000000005,0,3,4,3,29
402.54200000000026,4.422820000000004,41.370000000000005,0,3,4,3,30
416.5690000000003,4.8129200000000045,41.370000000000005,0,3,4,3,31
560.7140000000002,5.7130200000000055,78.67,1,4,7,3,41
530.7320000000002,6.648320000000007,41.370000000000005,0,3,5,3,39
572.7249999999999,5.857120000000006,78.67,1,4,7,3,42
698.692,6.870220000000008,101.53,1,5,7,4,47
679.8090000000001,6.565720000000007,87.53999999999999,1,5,8,4,48
707.863,7.344320000000008,87.53999999999999,1,5,9,4,50
696.264,7.080020000000007,87.53999999999999,1,5,8,4,48
679.8090000000001,6.565720000000007,87.53999999999999,1,5,8,4,48
724.318,7.395220000000009,87.54,1,5,9,4,50
722.3019999999999,7.149220000000009,87.54,1,5,9,4,50
750.3559999999998,7.929420000000009,87.54,1,5,9,4,52
764.2610000000001,7.549120000000008,87.54,1,5,9,4,52
682.237,6.3559200000000065,101.53,1,5,7,4,47
682.237,6.3559200000000065,101.53,1,5,7,4,47
664.247,6.2168200000000065,101.53,1,5,7,4,46
647.792,5.702520000000005,101.53,1,5,7,4,46
678.274,6.940920000000007,87.53999999999999,1,5,8,4,47
619.8320000000002,4.565120000000004,104.60999999999999,1,6,8,3,44
528.7410000000002,5.481620000000007,61.60000000000001,1,4,7,3,39
566.7540000000001,4.954020000000004,95.83000000000001,1,6,7,4,42
611.8120000000001,5.424320000000004,101.53,1,5,7,4,44
651.8330000000001,5.137920000000004,104.60999999999999,1,6,6,4,47
600.771,5.957020000000005,95.83000000000001,1,6,7,5,45
632.8340000000001,7.489510000000007,83.19,1,6,7,5,46
591.7560000000002,5.895920000000005,90.7,2,5,7,4,44
576.7410000000002,6.475120000000007,78.67,1,4,7,4,43
575.7570000000001,5.875820000000005,84.46000000000001,1,4,7,4,43
639.866,6.027220000000006,78.75,0,5,8,4,46
611.812,5.424320000000004,101.53,1,5,7,4,44
576.7410000000002,6.475120000000007,78.67,1,4,7,4,43
520.7180000000003,6.042520000000007,50.160000000000004,1,4,7,3,37
536.7170000000003,5.058020000000005,73.22,1,4,7,3,38
390.5310000000001,3.947720000000003,41.370000000000005,0,3,5,3,29
402.5420000000002,4.091820000000003,41.370000000000005,0,3,5,3,30
358.23199999999997,4.280520000000003,48.53,0,3,3,4,24
472.6330000000002,4.796720000000004,59.39,1,4,7,3,35
512.7420000000003,6.509220000000007,41.370000000000005,0,3,5,3,38
532.7320000000001,6.776920000000008,41.370000000000005,0,3,6,4,40
370.5000000000001,4.884720000000004,33.43,0,3,4,4,28
390.48700000000025,3.4848200000000027,60.25000000000001,0,5,4,3,29
390.48700000000025,3.4848200000000027,60.25000000000001,0,5,4,3,29
396.3210000000002,5.8255200000000045,43.84,1,2,4,4,27
444.93800000000033,4.805120000000004,60.25000000000001,0,5,5,3,31
461.54100000000034,4.699920000000004,73.14,0,6,5,4,34
410.4930000000003,4.151720000000003,60.25000000000001,0,5,5,3,30
449.5800000000004,4.622320000000004,73.14,0,7,5,4,32
443.5510000000004,4.560820000000003,73.14,0,6,5,4,33
390.48700000000025,3.4848200000000027,60.25000000000001,0,5,4,3,29
412.5090000000003,2.919920000000001,59.39,1,5,4,2,30
410.4930000000003,3.5904200000000026,64.16,0,5,4,3,30
426.49200000000025,3.081320000000002,84.39,1,6,4,3,31
408.57100000000025,3.4674200000000015,41.370000000000005,0,5,4,3,29
444.5510000000002,4.016720000000003,41.370000000000005,0,5,4,3,31
426.5610000000002,3.935520000000003,41.370000000000005,0,5,4,3,30
424.5700000000002,2.958320000000002,61.60000000000001,1,6,4,3,30
486.5800000000003,2.31126,110.43,1,8,7,4,36
511.6780000000004,3.322960000000002,78.58000000000001,0,8,6,4,38
498.6350000000004,3.4077600000000015,84.57000000000001,0,8,6,4,37
498.6350000000004,3.4077600000000023,84.57000000000001,0,8,6,4,37
511.6780000000004,3.322960000000002,78.58000000000001,0,8,6,4,38
498.6350000000004,3.4077600000000023,84.57000000000001,0,8,6,4,37
513.6500000000003,2.9116600000000012,87.81000000000002,0,9,6,4,38
500.60700000000037,2.9964600000000017,93.80000000000001,0,9,6,4,37
292.77,2.4690200000000004,45.400000000000006,0,5,1,2,20
489.38900000000035,4.914220000000005,60.25000000000001,0,5,5,3,31
445.92600000000033,4.200120000000003,73.14,0,6,5,3,31
462.52900000000034,4.094920000000004,86.03000000000002,0,7,5,4,34
410.4930000000003,4.151720000000003,60.25000000000001,0,5,5,3,30
411.4810000000003,3.5467200000000023,73.14,0,6,5,3,30
390.48700000000025,3.4848200000000027,60.25000000000001,0,5,4,3,29
382.51100000000014,5.180220000000006,41.910000000000004,0,4,4,4,29
499.6590000000003,4.629240000000004,66.62,0,5,5,3,37
415.96500000000015,4.902520000000004,50.38000000000001,1,4,2,2,29
399.5100000000001,4.388220000000004,50.38000000000001,1,4,2,2,29
415.96500000000015,4.902520000000004,50.38000000000001,1,4,2,2,29
387.9110000000001,4.123920000000004,50.38000000000001,1,4,2,2,27
415.96500000000015,4.902520000000004,50.38000000000001,1,4,2,2,29
399.90099999999995,4.770840000000004,55.63,1,4,5,3,28
417.8910000000001,4.718840000000005,55.63,1,4,5,3,29
380.4290000000001,2.41462,106.25,1,6,4,3,27
412.49300000000005,5.228260000000004,79.9,2,4,6,4,31
337.35400000000004,3.2284200000000007,75.11,2,4,4,3,25
452.5360000000003,4.742720000000003,102.44,2,7,5,3,32
444.4130000000001,3.5216200000000013,86.23,1,6,5,3,32
471.4830000000002,3.891820000000002,96.87,2,5,9,3,34
430.4300000000001,4.150720000000003,77.0,1,5,8,3,31
460.4560000000002,3.7772200000000025,86.23,1,6,10,3,33
382.4430000000001,3.813920000000003,75.94,1,5,5,3,28
364.4530000000001,3.674820000000002,75.94,1,5,5,3,27
376.46400000000017,3.8652200000000025,84.72999999999999,2,5,6,3,28
380.4520000000001,2.69512,104.96000000000001,3,6,7,3,28
354.38900000000007,3.2110200000000013,98.72,2,5,5,3,26
336.39900000000006,3.0719200000000013,98.72,2,5,5,3,25
462.60200000000026,3.1832200000000013,82.42000000000002,1,7,7,3,34
435.5320000000002,2.6139200000000002,99.41,2,7,6,3,32
449.5590000000002,3.0024200000000016,99.41,2,7,6,3,33
512.6840000000003,2.9864200000000007,99.49000000000001,1,8,9,3,36
455.5880000000002,3.0546200000000017,96.25,1,7,6,3,32
371.4660000000001,3.376520000000002,89.77000000000001,1,6,5,3,26
502.52600000000024,3.409320000000002,92.93,0,8,4,4,35
480.52000000000027,2.872960000000001,92.93,0,8,4,3,33
400.4330000000001,3.953020000000003,75.94,1,5,5,3,29
382.4430000000001,3.813920000000003,75.94,1,5,5,3,28
372.3790000000001,3.3501200000000013,98.72,2,5,5,3,27
354.38900000000007,3.211020000000002,98.72,2,5,5,3,26
453.5220000000002,2.753020000000001,99.41,2,7,6,3,33
396.47,3.9487200000000033,68.1,1,6,5,3,29
494.55900000000025,2.9998200000000006,110.00000000000001,0,7,3,4,37
407.55800000000016,3.7786200000000028,66.32000000000001,1,4,1,1,30
500.60700000000014,3.2947200000000008,109.45000000000002,2,6,7,4,37
445.4980000000003,3.761040000000002,84.26,1,7,4,4,33
392.42500000000007,2.932940000000001,72.11,1,4,4,2,28
372.43200000000013,2.61782,99.58000000000001,1,5,5,4,28
432.52800000000025,1.5295000000000003,95.94999999999999,1,6,6,3,32
426.5240000000002,2.7024800000000013,97.74000000000001,1,6,6,3,32
420.4920000000002,2.3648999999999996,86.84,1,6,6,3,31
573.6790000000001,2.6655000000000006,156.23,2,9,9,4,41
583.1140000000001,3.4472200000000015,132.44,2,8,9,4,40
444.5140000000002,2.650480000000001,97.74000000000001,1,6,6,3,33
438.48200000000014,2.3129,86.84,1,6,6,3,32
474.0010000000004,3.9937200000000033,86.13000000000001,2,6,7,2,33
387.4180000000001,3.8503200000000017,93.78999999999999,2,5,5,4,29
478.53400000000016,5.0976200000000045,53.18,2,4,9,3,34
428.4140000000001,3.881140000000002,77.0,1,5,6,3,31
428.4140000000001,3.881140000000002,77.0,1,5,6,3,31
410.4240000000001,3.742040000000002,77.0,1,5,6,3,30
424.45100000000014,4.050460000000002,77.0,1,5,6,3,31
410.4240000000001,3.742040000000002,77.0,1,5,6,3,30
406.4610000000002,3.911360000000003,77.0,1,5,6,3,30
392.43400000000014,3.602940000000002,77.0,1,5,6,3,29
410.4240000000001,3.742040000000002,77.0,1,5,6,3,30
381.84500000000014,2.24742,93.60000000000001,0,6,3,3,25
397.9130000000001,2.7159200000000006,80.46000000000001,0,6,3,3,25
506.59800000000024,4.295720000000003,75.08000000000001,2,6,6,3,35
520.5810000000002,3.4562200000000027,103.27000000000001,3,8,6,3,36
379.4830000000002,4.455920000000003,56.84,2,4,4,3,28
383.44600000000014,4.061720000000003,65.63,3,4,4,3,28
576.657,5.170060000000004,119.83,1,7,6,4,43
436.51200000000034,2.3163400000000003,95.86,1,7,4,2,32
391.4500000000001,3.894420000000003,71.01,1,5,4,3,29
428.5000000000002,2.9751000000000003,132.85,3,8,6,3,32
429.4880000000002,2.3701,145.74,3,9,6,3,32
447.4780000000002,2.3180999999999994,145.74,3,9,6,3,33
450.9960000000002,2.20312,112.28999999999999,2,8,3,2,30
376.3950000000001,3.1808200000000006,77.23,1,6,4,4,28
542.6840000000004,4.6308200000000035,87.30000000000001,0,7,8,4,40
550.6100000000004,4.445020000000003,87.30000000000001,0,7,8,4,40
484.6040000000005,3.8436200000000023,78.07,0,6,6,4,36
487.5950000000002,5.566120000000006,46.84,0,5,7,3,34
502.56600000000026,4.928520000000004,72.87,0,7,6,4,35
473.56800000000015,4.9600200000000045,46.84,0,5,7,3,33
414.46900000000016,2.0374,103.91,1,6,6,3,31
466.5420000000003,3.3958200000000014,141.23,3,6,8,3,34
446.42900000000014,5.218120000000003,80.34,1,5,3,3,32
444.7270000000002,5.338320000000001,81.18,1,5,5,3,27
324.493,4.860620000000004,16.130000000000003,0,3,5,3,23
427.2950000000001,4.384720000000003,77.63000000000001,1,4,5,4,29
428.2830000000001,3.779720000000002,90.52000000000001,1,5,5,4,29
488.42600000000016,4.511620000000004,56.59,0,4,2,2,31
443.97500000000014,4.4025200000000035,56.59,0,4,2,2,31
427.52000000000015,3.888220000000003,56.59,0,4,2,2,31
450.5430000000002,4.690920000000005,105.35,0,5,3,2,33
488.42600000000016,4.511620000000004,56.59,0,4,2,2,31
443.97500000000014,4.4025200000000035,56.59,0,4,2,2,31
488.42600000000016,4.511620000000004,56.59,0,4,2,2,31
443.97500000000014,4.4025200000000035,56.59,0,4,2,2,31
487.9190000000003,2.727120000000001,109.46000000000001,2,5,6,3,34
549.6410000000002,6.160820000000006,55.09,1,3,9,4,40
550.6290000000002,5.706120000000005,67.12,2,3,8,4,40
293.37000000000006,3.1285200000000017,39.82,0,2,2,3,22
501.94600000000037,3.1172200000000005,109.46000000000001,2,5,7,3,35
429.9920000000002,4.875920000000005,39.52,0,4,3,2,30
413.53700000000015,4.361620000000004,39.52,0,4,3,2,30
429.9920000000002,4.875920000000005,39.52,0,4,3,2,30
293.37000000000006,3.1285200000000017,39.82,0,2,2,3,22
307.279,2.8972200000000017,48.53,0,3,4,3,22
307.27899999999994,2.8393200000000007,48.53,0,3,3,3,22
341.724,3.492720000000002,48.53,0,3,3,3,23
323.734,3.411520000000002,48.53,0,3,4,3,22
308.172,3.127320000000001,48.53,0,3,3,3,20
291.717,2.6130200000000006,48.53,0,3,3,3,20
339.73299999999995,3.0753200000000014,57.760000000000005,0,4,5,3,23
273.727,2.4739199999999997,48.53,0,3,3,3,19
308.172,3.127320000000001,48.53,0,3,3,3,20
321.306,3.071320000000001,48.53,0,3,4,3,23
307.279,2.8972200000000017,48.53,0,3,4,3,22
291.717,2.6130200000000006,48.53,0,3,3,3,20
323.27799999999996,2.56102,57.760000000000005,0,4,5,3,23
307.279,2.8393200000000007,48.53,0,3,3,3,22
279.347,2.6979200000000008,48.53,0,3,4,3,21
323.27799999999996,2.71912,57.760000000000005,0,4,4,3,23
317.374,1.2240199999999999,82.67,0,5,4,3,22
430.43000000000006,4.208020000000003,77.0,1,5,7,3,31
455.4740000000003,2.6255200000000007,118.4,1,8,4,3,34
378.3980000000001,2.6245200000000013,72.11,1,4,4,2,27
492.94200000000023,3.6415200000000025,107.12,1,7,5,4,35
476.48700000000025,3.127220000000001,107.12,1,7,5,4,35
474.9520000000002,3.5024200000000016,107.12,1,7,5,4,34
498.97100000000023,3.703020000000002,107.12,1,8,5,4,34
458.49700000000024,2.988120000000001,107.12,1,7,5,4,34
464.52600000000024,3.0496200000000018,107.12,1,8,5,4,33
465.9160000000003,4.1060200000000036,84.26,1,7,4,4,33
449.46100000000024,3.5917200000000022,84.26,1,7,4,4,33
447.9260000000003,3.9669200000000027,84.26,1,7,4,4,32
431.47100000000023,3.4526200000000022,84.26,1,7,4,4,32
466.9040000000002,3.5010200000000022,97.15,1,8,4,4,33
471.9450000000003,4.167520000000003,84.26,1,8,4,4,32
449.4610000000003,3.5917200000000022,84.26,1,7,4,4,33
449.4610000000003,3.5917200000000022,84.26,1,7,4,4,33
431.4710000000003,3.4526200000000014,84.26,1,7,4,4,32
432.4590000000003,2.847620000000001,97.15,1,8,4,4,32
437.5000000000003,3.514120000000002,84.26,1,8,4,4,31
293.414,3.2891200000000023,29.020000000000003,0,3,5,2,22
415.47200000000026,3.9617200000000024,64.03,0,6,4,4,31
379.50800000000027,3.343020000000002,61.36000000000001,1,4,3,2,28
449.4610000000003,3.5917200000000022,84.26,1,7,4,4,33
431.4710000000003,3.4526200000000014,84.26,1,7,4,4,32
432.4590000000003,2.847620000000001,97.15,1,8,4,4,32
449.46100000000024,3.5917200000000022,84.26,1,7,4,4,33
449.4610000000003,3.5917200000000022,84.26,1,7,4,4,33
431.4710000000003,3.4526200000000014,84.26,1,7,4,4,32
432.4590000000003,2.847620000000001,97.15,1,8,4,4,32
523.3990000000001,5.768240000000004,88.49,2,4,6,5,36
557.844,6.421640000000004,88.49,2,4,6,5,37
569.3990000000001,5.267540000000004,105.55999999999999,2,5,6,5,39
543.817,6.113220000000004,88.49,2,4,6,5,36
484.34700000000015,3.815920000000002,101.97,1,7,4,4,33
460.4640000000002,2.8254400000000013,94.62,0,6,5,3,33
550.4890000000001,2.637420000000001,113.16000000000001,1,9,6,3,37
536.4620000000001,2.2473200000000007,113.16000000000001,1,9,5,3,36
520.4630000000001,3.2749200000000016,92.93,0,8,4,3,35
550.4890000000001,2.637420000000001,113.16000000000001,1,9,6,3,37
536.4620000000001,2.2473200000000007,113.16000000000001,1,9,5,3,36
274.71500000000003,1.8689199999999995,61.42,0,4,3,3,19
543.7090000000002,3.0818400000000015,86.71000000000001,0,6,7,2,38
532.6300000000002,3.2109200000000016,145.51,1,10,8,4,38
378.43200000000024,2.32392,91.85000000000001,1,7,1,2,28
520.4630000000001,3.2749200000000016,92.93,0,8,4,3,35
274.715,1.8689199999999997,61.42,0,4,3,3,19
419.4030000000001,4.406020000000003,77.25,1,5,7,3,30
481.54400000000015,4.743120000000005,69.21000000000001,0,7,8,3,33
491.5830000000002,5.549220000000006,59.980000000000004,0,6,8,3,34
481.5190000000002,4.692120000000004,59.980000000000004,0,6,7,3,33
481.5190000000002,4.6921200000000045,59.980000000000004,0,6,7,3,33
474.42800000000017,4.296720000000003,59.980000000000004,0,6,7,3,29
451.64000000000027,4.831720000000004,59.980000000000004,0,6,7,3,32
481.5190000000002,4.6921200000000045,59.980000000000004,0,6,7,3,33
463.52900000000017,4.5530200000000045,59.980000000000004,0,6,7,3,32
481.5190000000002,4.6921200000000045,59.980000000000004,0,6,7,3,33
464.42200000000025,4.841020000000005,59.980000000000004,0,6,7,3,30
429.9770000000002,4.1876200000000035,59.980000000000004,0,6,7,3,29
447.9670000000002,4.3267200000000035,59.980000000000004,0,6,7,3,30
481.5190000000002,4.6921200000000045,59.980000000000004,0,6,7,3,33
413.52200000000016,3.673320000000002,59.980000000000004,0,6,7,3,29
479.5280000000002,4.432820000000004,69.21000000000001,0,7,8,3,33
521.5810000000001,6.191620000000005,59.980000000000004,0,6,8,3,34
463.52900000000017,4.553020000000004,59.980000000000004,0,6,7,3,32
481.5190000000002,4.692120000000004,59.980000000000004,0,6,7,3,33
429.9770000000002,4.1876200000000035,59.980000000000004,0,6,7,3,29
413.52200000000016,3.673320000000002,59.980000000000004,0,6,7,3,29
479.5280000000002,4.432820000000004,69.21000000000001,0,7,8,3,33
521.5810000000001,6.191620000000005,59.980000000000004,0,6,8,3,34
395.53200000000015,3.534220000000002,59.980000000000004,0,6,7,3,28
463.52900000000017,4.553020000000004,59.980000000000004,0,6,7,3,32
460.5540000000002,3.749620000000003,63.220000000000006,0,7,7,3,32
493.4640000000003,4.778220000000005,63.220000000000006,0,7,7,3,32
492.5710000000002,4.490220000000003,63.220000000000006,0,7,7,3,34
510.5610000000002,4.629320000000004,63.220000000000006,0,7,7,3,35
493.4640000000003,4.778220000000005,63.220000000000006,0,7,7,3,32
442.5640000000002,3.610520000000002,63.220000000000006,0,7,7,3,31
508.5700000000002,4.370020000000004,72.45000000000002,0,8,8,3,35
449.58400000000023,3.3431000000000024,87.01000000000002,0,8,7,3,32
442.5640000000002,3.610520000000002,63.220000000000006,0,7,7,3,31
424.5740000000002,3.471420000000002,63.220000000000006,0,7,7,3,30
508.5700000000002,4.370020000000004,72.45000000000002,0,8,8,3,35
478.54400000000015,4.100120000000003,63.220000000000006,0,7,7,3,33
502.48200000000026,5.003220000000005,59.980000000000004,0,6,6,3,31
502.48200000000026,5.003220000000005,59.980000000000004,0,6,6,3,31
425.5580000000002,3.6869200000000024,69.21000000000001,0,7,6,3,30
488.4550000000002,4.613120000000004,59.980000000000004,0,6,6,3,30
488.4550000000002,4.613120000000005,59.980000000000004,0,6,6,3,30
427.5490000000002,3.989720000000003,59.980000000000004,0,6,6,3,30
488.4550000000002,4.613120000000004,59.980000000000004,0,6,6,3,30
477.55600000000015,4.943120000000005,59.980000000000004,0,6,7,3,33
477.55600000000015,4.943120000000005,59.980000000000004,0,6,7,3,33
409.55900000000014,3.9243200000000025,59.980000000000004,0,6,7,3,29
477.55600000000015,4.943120000000005,59.980000000000004,0,6,7,3,33
491.5830000000002,5.333220000000006,59.980000000000004,0,6,7,3,34
477.55600000000015,4.943120000000005,59.980000000000004,0,6,7,3,33
409.55900000000014,3.9243200000000025,59.980000000000004,0,6,7,3,29
467.5170000000001,4.353020000000003,69.21000000000001,0,7,7,3,32
417.5100000000001,3.473320000000002,69.21000000000001,0,7,7,3,29
477.55600000000015,5.159120000000005,59.980000000000004,0,6,7,3,33
495.54600000000016,5.298220000000005,59.980000000000004,0,6,7,3,34
409.55900000000014,4.140320000000003,59.980000000000004,0,6,7,3,29
477.55600000000015,5.159120000000005,59.980000000000004,0,6,7,3,33
495.54600000000016,5.298220000000005,59.980000000000004,0,6,7,3,34
427.54900000000015,4.2794200000000036,59.980000000000004,0,6,7,3,30
495.54600000000016,5.298220000000005,59.980000000000004,0,6,7,3,34
445.53900000000016,4.4185200000000036,59.980000000000004,0,6,7,3,31
409.55900000000014,4.140320000000003,59.980000000000004,0,6,7,3,29
478.4490000000002,5.447120000000005,59.980000000000004,0,6,7,3,31
477.55600000000015,5.159120000000005,59.980000000000004,0,6,7,3,33
495.54600000000016,5.298220000000005,59.980000000000004,0,6,7,3,34
409.55900000000014,4.140320000000003,59.980000000000004,0,6,7,3,29
478.4490000000002,5.447120000000005,59.980000000000004,0,6,7,3,31
477.55600000000015,5.159120000000005,59.980000000000004,0,6,7,3,33
495.54600000000016,5.298220000000005,59.980000000000004,0,6,7,3,34
495.54600000000016,5.298220000000005,59.980000000000004,0,6,7,3,34
409.55900000000014,4.140320000000003,59.980000000000004,0,6,7,3,29
477.55600000000015,5.159120000000005,59.980000000000004,0,6,7,3,33
468.5830000000003,2.7167200000000005,89.52000000000001,0,8,6,3,33
454.55600000000027,2.6924200000000003,98.31,1,8,6,3,32
466.6110000000003,4.626120000000004,86.00999999999999,0,8,7,4,33
542.5340000000001,5.156820000000005,86.00999999999999,0,8,7,4,37
464.5950000000003,4.380120000000003,86.00999999999999,0,8,7,4,33
478.62200000000036,4.455220000000004,86.00999999999999,0,8,8,4,34
424.5300000000002,3.502720000000002,86.00999999999999,0,8,6,4,30
438.55700000000024,3.8111400000000026,86.00999999999999,0,8,6,4,31
488.56400000000025,4.614420000000004,86.00999999999999,0,8,7,4,34
492.5270000000002,4.521520000000004,86.00999999999999,0,8,6,4,34
488.56400000000025,4.614420000000004,86.00999999999999,0,8,7,4,34
542.5340000000001,5.156820000000005,86.00999999999999,0,8,7,4,37
492.5270000000002,4.521520000000004,86.00999999999999,0,8,6,4,34
491.5430000000002,4.028020000000002,77.28,0,7,6,4,34
491.5430000000002,4.028020000000002,77.28,0,7,6,4,34
451.64000000000027,4.831720000000004,59.980000000000004,0,6,7,3,32
463.52900000000017,4.5530200000000045,59.980000000000004,0,6,7,3,32
451.64000000000027,4.831720000000004,59.980000000000004,0,6,7,3,32
463.52900000000017,4.5530200000000045,59.980000000000004,0,6,7,3,32
479.6940000000003,5.968820000000006,59.980000000000004,0,6,7,3,34
491.5830000000002,5.690120000000006,59.980000000000004,0,6,7,3,34
509.5730000000002,5.829220000000006,59.980000000000004,0,6,7,3,35
491.5830000000002,5.690120000000006,59.980000000000004,0,6,7,3,34
409.55900000000014,3.970620000000003,68.77000000000001,1,6,8,3,29
495.54600000000016,5.128520000000004,68.77000000000001,1,6,8,3,34
477.55600000000015,4.989420000000004,68.77000000000001,1,6,8,3,33
495.54600000000016,5.128520000000004,68.77000000000001,1,6,8,3,34
477.55600000000015,4.989420000000004,68.77000000000001,1,6,8,3,33
463.5290000000001,4.769020000000005,59.980000000000004,0,6,6,3,32
463.5290000000001,4.769020000000005,59.980000000000004,0,6,6,3,32
463.5290000000001,4.769020000000005,59.980000000000004,0,6,6,3,32
493.6240000000002,5.627620000000006,46.84,0,6,7,3,33
427.88800000000003,4.932520000000003,66.06,1,4,4,4,29
487.02500000000043,4.227120000000004,76.46000000000001,1,5,5,3,33
295.361,3.753940000000002,43.84,1,2,3,3,22
376.3950000000001,2.830520000000001,77.63,1,4,5,4,28
307.37199999999996,3.8984400000000026,29.85,1,2,2,3,23
398.49100000000027,5.212000000000004,74.19999999999999,1,5,3,4,29
359.473,4.202220000000004,30.290000000000003,0,3,3,3,27
411.46500000000015,3.371220000000002,81.93,1,5,4,4,31
432.5280000000003,2.06102,75.52,1,6,4,3,32
416.52500000000026,3.9986200000000034,60.25000000000001,0,5,5,3,31
514.5120000000002,3.479120000000001,124.91000000000001,3,8,6,4,37
417.5170000000002,2.999360000000001,84.03,2,6,5,4,31
437.9350000000003,3.3443400000000008,84.03,2,6,5,4,31
385.4750000000002,3.672320000000002,67.55999999999999,1,4,4,5,29
427.5120000000003,3.1773200000000017,87.78999999999999,2,5,4,5,32
427.5120000000003,3.1773200000000017,87.78999999999999,2,5,4,5,32
394.9060000000002,4.250620000000004,43.18000000000001,0,4,3,3,28
309.348,2.688440000000001,55.63,1,4,2,3,23
391.47500000000014,3.806320000000003,73.14,0,5,2,3,29
407.44900000000007,3.806540000000002,77.85,1,5,5,4,30
481.4020000000001,3.4549400000000015,78.76,1,6,4,4,31
523.4770000000003,5.4261400000000055,58.440000000000005,0,4,8,2,33
495.43600000000026,3.6161400000000015,92.14999999999999,2,6,5,3,32
523.0590000000004,1.3860000000000006,112.72000000000001,1,8,10,2,35
509.0320000000004,0.9959000000000009,112.72000000000001,1,8,9,2,34
423.5650000000003,3.0871400000000015,71.22,1,4,6,3,31
408.5500000000002,4.183140000000003,67.98,1,3,7,3,30
408.55000000000024,4.325640000000004,67.98,1,3,6,3,30
408.5500000000001,4.183140000000003,67.98,1,3,7,3,30
434.5190000000002,4.332240000000003,67.98,1,3,7,4,32
417.51700000000017,3.588140000000002,80.87,1,4,7,4,31
334.467,3.970520000000003,33.95,0,3,4,3,25
456.3810000000002,4.295820000000003,65.87,1,5,4,4,31
413.87300000000016,2.02542,104.79000000000002,1,8,4,4,29
391.475,3.7464200000000023,92.67,2,4,5,3,29
409.46500000000003,3.8855200000000023,92.67,2,4,5,3,30
399.48000000000013,1.7925999999999993,120.56,1,6,5,3,28
479.9760000000001,3.1238400000000004,119.26,2,7,5,4,34
480.96000000000015,3.1574400000000002,113.47,2,7,5,4,34
494.00300000000016,3.512340000000002,119.26,2,7,5,4,35
494.9870000000001,3.5459400000000016,113.47,2,7,5,4,35
494.00300000000016,3.512340000000002,119.26,2,7,5,4,35
494.9870000000001,3.5459400000000016,113.47,2,7,5,4,35
508.0300000000001,3.7267400000000013,96.48,1,7,6,4,36
466.9770000000001,3.630840000000002,96.4,2,7,6,4,33
422.9240000000001,3.926140000000003,84.96,2,6,4,4,30
408.89700000000016,3.617720000000002,84.96,2,6,4,4,29
471.4470000000003,3.2124200000000007,129.43,2,7,6,4,34
451.4570000000002,2.0453199999999994,105.91,2,9,7,3,32
440.5880000000003,2.7494200000000015,79.10000000000001,2,5,6,2,32
461.5300000000001,1.7928199999999992,115.02000000000001,2,8,0,4,34
503.5670000000002,1.8271199999999996,124.25000000000001,2,9,1,4,37
519.6100000000001,2.0267199999999996,135.25,3,9,2,4,38
491.55600000000015,1.2481200000000001,135.25,3,9,2,4,36
575.6740000000002,2.8451200000000005,141.32,2,10,3,4,42
505.58300000000014,1.6366199999999997,135.25,3,9,2,4,37
505.58300000000014,1.6366199999999997,135.25,3,9,2,4,37
516.6100000000001,1.9082199999999991,129.26,3,9,0,4,38
392.50300000000004,3.6144200000000017,69.87,2,4,8,3,29
350.42199999999997,2.49362,78.66,3,4,7,3,26
494.5150000000003,2.6332200000000006,157.87,3,10,5,5,37
587.5460000000002,4.454320000000004,99.25999999999999,1,5,5,3,40
380.45200000000017,1.3187000000000002,112.28000000000002,1,7,4,2,28
433.38900000000007,5.409220000000003,60.400000000000006,0,4,3,5,32
467.53700000000015,4.0307400000000015,106.48,1,7,5,6,35
552.6790000000001,3.7947200000000025,107.62,2,8,8,4,41
444.50300000000027,2.9968400000000015,115.08999999999999,1,9,6,5,33
430.4760000000002,2.6884200000000007,115.08999999999999,1,9,6,5,32
444.50300000000027,2.9274200000000006,115.61,1,9,6,5,33
501.55500000000035,2.48754,159.64999999999998,3,11,6,5,37
444.4230000000002,0.9115199999999997,152.24,3,8,6,3,32
519.7060000000002,6.012420000000007,63.050000000000004,1,5,8,2,36
519.7060000000002,6.012420000000007,63.050000000000004,1,5,8,2,36
469.69900000000024,5.377120000000005,63.050000000000004,1,5,8,2,33
469.69900000000024,5.377120000000005,63.050000000000004,1,5,8,2,33
527.7350000000004,5.495920000000005,81.51,1,7,8,2,37
478.6850000000003,5.100720000000005,75.94,1,5,8,2,35
483.7260000000003,5.767220000000006,63.050000000000004,1,5,8,2,34
473.61200000000025,5.028220000000005,63.050000000000004,1,4,8,2,34
501.66600000000034,5.808420000000006,63.050000000000004,1,4,8,2,36
437.6320000000003,4.783020000000004,63.050000000000004,1,4,8,2,32
501.66600000000034,5.808420000000006,63.050000000000004,1,4,8,2,36
473.61200000000025,5.028220000000005,63.050000000000004,1,4,8,2,34
519.7060000000002,6.012420000000007,63.050000000000004,1,5,8,2,36
519.7060000000002,6.012420000000007,63.050000000000004,1,5,8,2,36
469.69900000000024,5.377120000000005,63.050000000000004,1,5,8,2,33
483.7260000000003,5.767220000000006,63.050000000000004,1,5,8,2,34
499.6500000000002,5.213220000000005,63.050000000000004,1,4,9,2,36
527.7040000000003,5.993420000000007,63.050000000000004,1,4,9,2,38
485.67600000000016,5.4817200000000055,63.050000000000004,1,4,9,3,36
521.7310000000002,5.030220000000004,80.12,1,5,10,3,37
513.6770000000002,5.950920000000006,63.050000000000004,1,4,8,2,37
409.57800000000026,3.968040000000003,63.050000000000004,1,4,7,2,30
396.53500000000025,3.9936200000000035,71.26,1,5,7,2,29
404.4990000000001,3.979320000000003,85.71000000000001,1,8,7,4,29
322.3430000000001,3.890540000000003,56.74,0,4,3,4,24
409.3870000000001,3.9216400000000027,56.07000000000001,0,5,4,3,29
505.4230000000001,4.096020000000003,93.61,1,8,5,3,35
419.5320000000001,2.2212199999999998,104.62,1,8,6,2,28
493.00000000000017,2.68262,127.32000000000001,2,9,4,5,34
495.52200000000016,3.695920000000002,126.13000000000001,3,7,4,6,37
577.6960000000003,6.479620000000007,100.78,1,7,6,7,44
362.35900000000004,2.17122,72.34,1,5,2,3,26
374.3660000000001,3.506120000000002,63.83,1,4,2,3,27
407.47400000000016,4.021440000000002,93.79,2,6,4,4,29
474.6090000000004,3.841820000000003,96.17,2,6,9,3,35
274.715,1.8689199999999997,61.42,0,4,3,3,19
464.5010000000004,2.05182,93.45,0,6,5,3,34
437.47500000000036,2.7525200000000014,82.37,0,6,5,3,32
437.47500000000036,2.6100200000000005,82.37,0,6,5,3,32
479.51600000000036,1.9872199999999998,105.48,1,6,5,3,35
452.49000000000035,2.545420000000001,94.4,1,6,5,3,33
459.5030000000003,1.73172,107.28,0,7,7,3,32
495.6270000000003,5.536820000000006,77.99,1,5,5,5,37
489.89500000000027,1.5171199999999994,135.24,2,7,6,3,34
503.9220000000003,1.9072199999999997,135.24,2,7,7,3,35
404.39600000000024,2.8240000000000007,87.7,0,5,4,2,29
447.3830000000002,3.862720000000003,63.910000000000004,0,4,4,2,31
413.8310000000002,3.2916200000000018,63.910000000000004,0,4,4,2,28
461.4480000000003,3.159440000000002,102.83000000000001,0,7,5,3,33
461.4480000000003,3.159440000000002,102.83000000000001,0,7,5,3,33
440.9350000000003,3.474140000000002,89.94000000000001,0,6,6,3,31
441.9230000000003,2.8691400000000016,102.83000000000001,0,7,6,3,31
440.93900000000025,1.77432,84.97000000000001,0,6,6,3,31
441.9230000000003,2.3372400000000004,93.18,0,7,6,3,31
489.8950000000003,1.5171199999999994,135.23999999999998,2,7,6,3,34
503.92200000000037,1.9072199999999992,135.23999999999998,2,7,7,3,35
494.51500000000027,2.6332200000000006,157.87,3,10,5,5,37
434.5190000000001,4.189820000000003,72.01,1,6,6,4,32
416.5290000000001,4.050720000000003,72.01,1,6,6,4,31
498.67500000000035,6.094020000000006,72.01,1,6,8,4,37
517.6370000000002,5.433700000000005,95.8,1,7,8,5,39
561.6120000000001,5.975820000000006,84.9,1,7,8,5,41
503.6100000000002,5.043600000000004,95.8,1,7,8,5,38
439.5310000000002,6.339120000000004,43.85,0,4,6,4,31
552.6790000000001,3.7947200000000025,107.62,2,8,8,4,41
389.4550000000001,3.7269200000000016,78.60000000000001,2,5,6,3,29
406.47100000000006,3.5820200000000018,89.94000000000001,0,7,3,4,29
587.7230000000002,5.865320000000007,120.08999999999999,0,8,7,5,41
673.5380000000001,6.0236200000000055,149.94,1,9,7,6,46
430.50800000000015,4.2906400000000025,103.18,4,5,8,4,32
524.6250000000003,5.113940000000005,102.33,1,8,6,5,39
495.6230000000003,6.704740000000007,73.31000000000002,1,5,5,5,37
407.47700000000015,5.575740000000005,76.73,1,6,5,5,31
436.47600000000034,2.06264,134.15,1,10,6,4,32
429.5390000000003,1.6626399999999995,113.18000000000002,1,7,8,1,29
511.6200000000003,2.9950400000000013,129.73000000000002,1,8,11,2,35
445.54500000000024,1.0266200000000005,111.7,1,8,7,2,31
568.7000000000003,2.6851599999999998,128.94,0,10,10,3,40
459.57200000000023,1.1677200000000008,111.7,1,8,8,2,32
552.5970000000003,4.700040000000004,83.53,2,5,7,4,40
392.459,4.309340000000002,100.88000000000001,2,5,5,3,29
503.62500000000034,1.6856200000000008,120.92999999999999,1,9,11,2,35
489.5980000000003,1.2955200000000011,120.92999999999999,1,9,10,2,34
459.57200000000023,1.41672,111.7,1,8,8,2,32
489.59800000000035,1.2955200000000011,120.92999999999999,1,9,10,2,34
493.5610000000003,1.0445200000000012,120.92999999999999,1,9,9,2,34
445.54500000000024,1.0266200000000014,111.7,1,8,7,2,31
508.4320000000002,1.8627200000000002,124.42999999999999,2,6,3,3,36
461.4480000000002,3.159440000000002,102.83,0,7,5,3,33
326.4000000000001,2.823120000000001,71.26,1,4,3,2,24
453.48000000000013,3.0722400000000016,140.22000000000003,2,8,7,4,32
453.48000000000013,3.0722400000000016,140.22000000000003,2,8,7,4,32
420.8780000000001,3.070640000000001,114.19000000000001,2,6,6,3,28
434.5000000000002,3.3059200000000013,120.26,1,8,4,3,32
539.5580000000001,3.7866200000000028,96.42,2,6,7,4,39
322.343,3.890540000000003,56.74,0,4,3,4,24
391.3090000000001,2.8013200000000014,87.45,0,6,4,4,28
491.3960000000001,3.7075200000000015,93.61,1,8,5,3,34
571.6,5.229720000000005,109.58999999999999,2,6,6,3,41
501.57800000000015,5.533520000000005,59.980000000000004,0,6,6,4,35
378.31000000000006,3.7781200000000013,103.27,2,6,4,3,27
404.4990000000001,3.9221200000000023,79.7,1,5,3,4,29
419.5140000000001,3.3275200000000016,81.73,0,6,3,4,30
401.4230000000002,2.7948200000000005,82.37,0,7,2,3,28
397.4350000000001,3.8123200000000024,77.05,0,6,2,4,28
357.41400000000004,3.0661200000000015,63.910000000000004,0,5,2,3,25
357.41400000000004,3.0661200000000015,63.910000000000004,0,5,2,3,25
394.38200000000006,2.739320000000001,76.80000000000001,0,6,2,3,27
412.37200000000007,2.878420000000001,76.80000000000001,0,6,2,3,28
376.39200000000005,2.600220000000001,76.80000000000001,0,6,2,3,26
405.4870000000001,3.317120000000002,92.59,1,6,3,4,29
422.5390000000001,4.050520000000003,76.80000000000001,0,7,3,4,29
365.4220000000001,2.1936999999999998,100.59,0,7,2,3,26
408.40900000000005,3.3408200000000017,76.80000000000001,0,6,2,3,28
409.30200000000013,3.628820000000003,76.80000000000001,0,6,2,3,26
392.8470000000001,3.1145200000000024,76.80000000000001,0,6,2,3,26
360.8300000000001,2.4144200000000007,76.80000000000001,0,6,2,3,24
374.8570000000001,2.9754200000000015,76.80000000000001,0,6,2,3,25
392.8470000000001,3.1145200000000015,76.80000000000001,0,6,2,3,26
376.39200000000005,2.600220000000001,76.80000000000001,0,6,2,3,26
394.38200000000006,2.739320000000001,76.80000000000001,0,6,2,3,27
344.37500000000006,1.90012,76.80000000000001,0,6,2,3,24
358.40200000000004,2.46112,76.80000000000001,0,6,2,3,25
388.4280000000001,1.82362,97.03,1,7,4,3,27
376.39200000000005,2.600220000000001,76.80000000000001,0,6,2,3,26
374.8570000000001,2.9754200000000015,76.80000000000001,0,6,2,3,25
358.40200000000004,2.46112,76.80000000000001,0,6,2,3,25
356.41100000000006,2.0276199999999998,97.03,1,7,2,3,25
340.41200000000003,2.32202,76.80000000000001,0,6,2,3,24
471.5120000000001,4.3004200000000035,71.24000000000001,1,7,4,4,33
428.55800000000033,2.8512400000000016,78.79,1,8,4,2,30
442.54100000000034,2.377840000000001,95.86,1,8,4,2,31
439.4670000000001,3.1572200000000006,80.47,1,8,5,3,30
468.5350000000003,3.496620000000002,113.88,2,8,8,3,33
455.51200000000017,3.3741200000000022,99.00000000000001,1,7,6,3,30
573.0890000000003,6.881120000000008,92.87000000000002,1,5,9,4,41
573.0890000000003,6.881120000000008,92.87000000000002,1,5,9,4,41
445.56300000000033,4.929420000000004,58.81000000000001,0,5,6,3,33
538.6440000000003,6.227720000000006,92.87000000000002,1,5,9,4,40
538.6440000000003,6.227720000000006,92.87000000000002,1,5,9,4,40
494.55900000000014,4.304040000000001,157.55,4,8,7,6,37
474.2660000000002,5.1518200000000025,77.25,1,5,7,3,31
429.66200000000015,6.498020000000001,64.36,1,4,4,3,27
431.96700000000027,6.545420000000006,42.160000000000004,0,4,5,4,31
407.4450000000003,4.057820000000003,68.46000000000001,0,5,5,3,30
421.4720000000003,4.447920000000004,68.46000000000001,0,5,5,3,31
437.47100000000034,3.684320000000003,77.69000000000001,0,6,5,3,32
451.4980000000004,4.0744200000000035,77.69000000000001,0,6,5,3,33
499.5640000000004,3.4726200000000027,102.6,0,7,5,3,35
473.52600000000035,3.0825200000000015,102.6,0,7,7,3,33
459.4990000000003,2.692420000000001,102.6,0,7,6,3,32
410.44900000000024,3.802820000000003,71.7,0,5,4,3,30
436.48700000000036,4.337020000000004,71.7,0,5,4,3,32
450.5140000000004,4.727120000000005,71.7,0,5,4,3,33
452.4860000000004,3.573420000000003,80.93,0,6,4,3,33
434.42700000000025,3.949620000000003,94.49000000000001,0,7,5,4,32
395.4340000000002,4.169820000000004,68.46000000000001,0,5,5,3,29
367.38000000000017,3.3912200000000023,68.46000000000001,0,5,4,3,27
423.4440000000003,3.550320000000003,77.69,0,6,5,3,31
437.47100000000034,3.940420000000003,77.69,0,6,6,3,32
485.5370000000004,3.3386200000000024,102.6,0,7,6,3,34
459.4990000000003,2.806020000000002,102.6,0,7,7,3,32
433.43900000000025,4.554620000000004,81.6,0,6,6,4,32
434.42700000000025,3.949620000000003,94.49000000000001,0,7,6,4,32
353.3530000000001,3.0490200000000014,77.25,1,5,4,3,26
397.5220000000002,5.892020000000006,42.160000000000004,0,4,5,4,30
436.56200000000024,4.834800000000003,90.94999999999999,2,6,3,3,30
361.22800000000007,5.233420000000003,46.34,0,3,3,3,24
442.4660000000002,3.669240000000002,80.37,1,5,3,3,32
408.46200000000016,2.1810399999999994,106.15,1,7,3,3,30
475.5710000000003,0.9871000000000008,120.92999999999999,1,9,10,2,33
370.9050000000001,4.806720000000003,55.120000000000005,2,3,5,3,25
469.5330000000002,3.0977000000000015,89.33,1,6,4,1,32
381.90400000000017,5.248220000000003,45.230000000000004,1,4,3,2,25
412.9680000000001,3.6438200000000016,65.54,1,6,5,2,26
561.7870000000003,6.937680000000008,63.050000000000004,1,5,8,2,39
360.46400000000006,2.6953400000000007,76.88,1,6,4,3,24
612.1410000000002,6.910000000000007,100.78,1,7,7,7,45
440.93500000000034,2.5821000000000005,84.43,2,8,5,3,31
351.2770000000001,4.226400000000003,34.15,1,3,5,2,23
459.3810000000003,4.789800000000004,68.10000000000001,1,6,5,3,31
460.3690000000003,3.732400000000003,71.34,1,7,5,3,31
336.89200000000005,3.799400000000002,32.260000000000005,0,5,2,2,22
432.9550000000002,5.566100000000005,65.73,3,3,3,4,31
433.9430000000002,4.961100000000004,78.62,3,4,3,4,31
438.9840000000002,5.627600000000004,65.73,3,4,3,4,30
258.712,2.9749,46.5,1,2,3,3,18
308.772,3.8995000000000015,35.120000000000005,0,2,3,4,22
427.0130000000003,6.8086000000000055,25.36,0,4,6,3,29
404.90100000000007,4.573100000000004,43.18,0,4,4,4,29
405.88900000000007,3.9681000000000024,56.07,0,5,4,4,29
458.78000000000037,6.4330000000000025,46.84,0,4,3,4,30
472.80700000000036,7.187300000000003,55.63,1,4,4,4,31
473.79500000000036,6.255500000000002,58.870000000000005,1,5,4,4,31
385.8580000000001,4.985700000000003,48.53,0,3,4,5,28
390.87800000000004,3.5455000000000014,58.870000000000005,1,5,3,4,28
391.862,3.972500000000002,56.07,0,5,3,4,28
392.85,3.3675000000000015,68.96000000000001,0,6,3,4,28
392.85,3.3675000000000015,68.96000000000001,0,6,3,4,28
424.3350000000003,5.779600000000004,46.84,0,4,3,4,29
549.8930000000004,6.764900000000006,50.080000000000005,0,5,5,5,37
305.7680000000001,4.7409000000000034,30.71,0,2,2,4,22
388.90200000000016,5.207900000000003,42.74,1,3,3,4,28
305.7680000000001,4.740900000000003,30.71,0,2,2,4,22
306.7560000000001,4.135900000000002,43.6,0,3,2,4,22
340.2130000000001,5.394300000000003,30.71,0,2,2,4,23
380.83900000000006,3.1385000000000014,72.01,1,6,3,4,27
391.862,3.972500000000002,56.07000000000001,0,5,3,4,28
392.85,3.3675000000000015,68.96000000000001,0,6,3,4,28
393.838,2.7625,81.85000000000001,0,7,3,4,28
405.8890000000001,4.7268000000000026,64.86,1,5,4,4,29
406.8770000000001,4.121800000000002,77.75,1,6,4,4,29
379.85500000000013,3.3260000000000014,84.31,2,5,3,4,27
389.89000000000016,4.8529000000000035,46.84,0,4,3,4,28
334.21000000000004,3.6963000000000017,48.53,0,3,4,3,22
299.765,3.0429000000000004,48.53,0,3,4,3,21
334.21000000000004,3.6963000000000017,48.53,0,3,4,3,22
348.2370000000001,4.086400000000002,48.53,0,3,4,3,23
294.145,2.8189,48.53,0,3,3,3,19
300.753,2.437899999999999,61.42,0,4,4,3,21
314.78,2.8279999999999994,61.42,0,4,4,3,22
328.807,3.2181000000000006,61.42,0,4,4,3,23
340.81800000000004,3.3153000000000006,61.42,0,4,5,3,24
300.753,2.4379,61.42,0,4,4,3,21
314.78000000000003,2.8280000000000003,61.42,0,4,4,3,22
328.8070000000001,3.2181000000000006,61.42,0,4,4,3,23
340.2579999999999,3.4719000000000015,45.980000000000004,1,4,5,2,22
305.81299999999993,2.818500000000001,45.980000000000004,1,4,5,2,21
340.2579999999999,3.4719000000000015,45.980000000000004,1,4,5,2,22
342.2299999999999,2.3182,55.21000000000001,1,5,5,2,22
309.80000000000007,4.3400000000000025,30.19,0,2,3,3,22
207.70399999999998,2.9731000000000005,12.03,1,1,1,1,14
242.14899999999997,3.626500000000002,12.03,1,1,1,1,15
244.16499999999996,3.850500000000002,12.03,1,1,1,1,15
295.8539999999999,4.165200000000003,12.47,0,2,8,1,20
271.191,2.9296000000000006,15.27,1,2,4,1,17
512.9230000000003,7.415900000000007,21.060000000000002,0,2,6,3,32
325.84299999999996,4.333800000000003,21.060000000000002,0,2,4,3,23
354.28499999999997,3.5310000000000024,45.980000000000004,1,4,6,2,23
368.312,3.9211000000000027,45.980000000000004,1,4,6,2,24
356.25700000000006,2.3773,55.21000000000001,1,5,6,2,23
423.3470000000002,7.375300000000004,53.6,2,3,3,4,29
358.26800000000014,5.486100000000004,21.259999999999998,1,2,4,3,24
416.348,6.411600000000005,31.35,0,3,10,3,28
224.691,1.8641999999999996,34.15,1,3,3,1,15
344.82300000000015,4.6525000000000025,47.14,1,4,3,3,23
420.9210000000003,6.115100000000005,36.28,0,4,4,4,29
431.9080000000002,5.788900000000004,69.63,0,6,5,5,30
242.14899999999997,3.626500000000002,12.03,1,1,1,1,15
270.203,4.024600000000002,12.03,1,1,1,1,17
256.176,3.634500000000002,12.03,1,1,1,1,16
242.14899999999997,3.626500000000002,12.03,1,1,1,1,15
270.203,4.024600000000002,12.03,1,1,1,1,17
256.176,3.634500000000002,12.03,1,1,1,1,16
228.12199999999999,2.854300000000001,12.03,1,1,1,1,14
453.93000000000023,3.2052000000000014,74.53,0,7,3,3,32
479.96800000000036,3.023900000000001,64.88000000000001,0,7,2,3,34
479.96800000000036,3.119200000000001,64.88000000000001,0,7,2,3,34
479.96800000000036,3.023900000000001,64.88000000000001,0,7,2,3,34
481.94000000000034,2.8177000000000003,74.11000000000001,0,8,2,3,34
444.96300000000036,3.120800000000001,61.64,0,6,2,2,31
452.94200000000023,4.262600000000003,71.29,0,6,3,3,32
394.9060000000001,4.909600000000004,52.830000000000005,0,4,3,3,28
310.8280000000001,4.018900000000002,24.92,1,2,0,2,22
380.87900000000013,4.519500000000003,52.830000000000005,0,4,3,3,27
312.804,3.3805000000000023,39.66,2,4,0,2,22
328.80300000000005,3.640600000000002,51.45,1,4,3,3,23
371.87100000000004,5.566600000000005,38.67,0,3,5,4,27
207.70399999999998,2.9731000000000005,12.03,1,1,1,1,14
321.251,4.219400000000003,15.27,1,2,5,2,21
322.15100000000007,4.017400000000001,61.040000000000006,0,5,4,3,21
439.9720000000002,4.632900000000003,56.07,0,6,6,4,30
475.50800000000027,5.4980000000000055,12.96,0,4,9,2,32
444.40600000000006,5.912900000000006,28.6,0,4,8,3,30
429.3950000000001,5.555900000000005,31.4,1,4,7,3,29
429.3950000000001,5.555900000000005,31.4,1,4,7,3,29
430.37900000000013,5.5228000000000055,28.6,0,4,7,3,29
336.26200000000006,5.113100000000004,21.259999999999998,1,2,4,2,22
323.22300000000007,4.118000000000003,34.15,1,3,4,2,21
337.2500000000001,4.508100000000003,34.15,1,3,4,2,22
337.2500000000001,4.508100000000003,34.15,1,3,4,2,22
415.9900000000002,5.440600000000005,30.290000000000003,0,4,5,3,28
431.9890000000002,4.677000000000004,39.52,0,5,5,3,29
371.87100000000004,5.566600000000005,38.67,0,3,5,4,27
406.31600000000003,6.220000000000004,38.67,0,3,5,4,28
344.845,5.376700000000004,17.82,0,1,4,4,25
363.332,4.396200000000004,6.48,0,2,6,2,24
439.97200000000026,4.632900000000004,56.07,0,6,6,4,30
424.9360000000001,4.032300000000002,68.96000000000001,0,6,7,3,30
425.9240000000001,3.4273000000000016,81.85000000000001,0,7,7,3,30
278.74299999999994,2.1605999999999996,45.400000000000006,0,5,1,2,19
359.88200000000006,5.122900000000003,38.25000000000001,0,5,4,3,24
278.74299999999994,2.1605999999999996,45.400000000000006,0,5,1,2,19
346.8210000000001,4.957300000000004,50.7,1,4,4,4,25
448.9620000000003,4.296200000000003,83.78999999999999,2,7,4,4,32
457.49600000000004,5.015000000000005,47.36,0,4,4,3,33
423.9440000000001,4.649600000000004,47.36,0,4,4,3,30
407.48900000000003,4.1353000000000035,47.36,0,4,4,3,30
389.499,3.9962000000000035,47.36,0,4,4,3,29
403.52600000000007,4.386300000000004,47.36,0,4,4,3,30
363.461,3.465200000000002,47.36,0,4,6,3,27
377.488,3.8553000000000033,47.36,0,4,6,3,28
423.83900000000017,2.9609999999999994,107.41,2,5,3,5,30
389.3940000000001,2.3075999999999994,107.41,2,5,3,5,29
450.9260000000002,3.8687800000000028,79.52000000000001,1,6,4,3,32
456.97700000000015,5.293280000000005,61.06,1,4,4,4,33
523.0330000000002,4.233100000000003,76.04,1,6,5,3,37
392.46300000000014,0.8861799999999995,101.97999999999999,1,5,3,3,29
424.4800000000001,1.4153799999999996,101.97999999999999,1,5,3,3,31
483.9310000000001,3.354700000000001,106.38000000000001,2,5,4,4,34
446.94200000000006,3.3890800000000016,92.87,1,5,3,4,32
194.194,-1.0293,61.82,0,3,0,2,14
623.577,1.3848999999999998,168.67000000000002,2,9,10,5,45
407.9450000000002,4.781600000000004,37.27,1,3,5,3,29
475.46700000000027,4.242300000000004,64.96000000000001,1,6,5,3,34
457.47700000000026,3.9451000000000027,64.96000000000001,1,6,6,3,33
431.96700000000016,5.421600000000004,37.27,1,3,4,4,31
461.4930000000002,3.1784000000000017,84.55,1,5,4,4,34
467.44200000000023,0.048200000000000964,149.8,2,10,7,3,34
467.44200000000023,0.048200000000000964,149.8,2,10,7,3,34
468.43000000000023,-0.5567999999999984,162.69,2,11,7,3,34
484.4980000000002,0.1564999999999997,153.45999999999998,2,11,7,3,34
486.42000000000024,-0.41769999999999863,162.69,2,11,7,3,35
467.44200000000023,0.048200000000000964,149.8,2,10,7,3,34
468.43000000000023,-0.5567999999999984,162.69,2,11,7,3,34
467.44200000000023,0.048200000000000964,149.8,2,10,7,3,34
468.43000000000023,-0.5567999999999984,162.69,2,11,7,3,34
484.4980000000002,0.1564999999999997,153.45999999999998,2,11,7,3,34
422.5174336000002,1.7062,72.6,0,6,7,3,31
519.6210000000004,4.695600000000004,74.41,0,6,7,4,38
360.41700000000003,3.301700000000002,61.94,0,4,2,4,27
414.384,2.662600000000001,60.13,0,4,3,3,28
408.355,2.6011000000000006,60.13,0,3,3,3,29
378.404,2.633400000000001,60.13,0,4,4,3,26
396.394,2.714600000000001,60.13,0,4,3,3,27
378.404,2.633400000000001,60.13,0,4,4,3,26
368.4620000000001,2.573200000000001,60.13,0,4,4,3,26
390.365,2.653100000000001,60.13,0,3,3,3,28
496.95500000000027,2.2266000000000004,117.06,1,7,9,4,35
486.4410000000002,2.979700000000002,82.04999999999998,1,4,6,3,34
475.47100000000023,2.5731800000000007,105.83999999999997,1,5,6,3,34
502.8960000000002,3.4940000000000024,82.04999999999998,1,4,6,3,34
484.9060000000002,3.3549000000000024,82.04999999999998,1,4,6,3,33
502.8960000000002,3.4940000000000024,82.04999999999998,1,4,6,3,34
486.4410000000002,2.979700000000002,82.04999999999998,1,4,6,3,34
468.4510000000002,2.840600000000001,82.04999999999998,1,4,6,3,33
486.4410000000002,2.979700000000002,82.04999999999998,1,4,6,3,34
450.4610000000002,2.701500000000001,82.04999999999998,1,4,6,3,32
475.3320000000002,3.4265000000000017,91.28,1,5,7,4,32
519.6090000000004,2.9456800000000003,114.87,1,6,5,5,39
519.6210000000004,4.695600000000004,74.41,0,6,7,4,38
452.9420000000002,3.9231000000000025,68.62,1,6,4,3,32
426.9040000000003,3.392100000000002,68.62,1,6,4,3,30
432.9550000000002,4.816600000000005,50.160000000000004,1,4,4,4,31
433.94300000000015,4.211600000000003,63.050000000000004,1,5,4,4,31
420.4690000000002,1.72788,109.29,2,6,5,3,31
436.5370000000002,2.1963799999999996,96.15,2,6,5,3,31
216.21499999999997,2.408480000000001,48.95,1,2,1,2,16
507.95300000000026,3.2418000000000022,103.34,1,6,5,4,36
447.5390000000003,2.7016,92.82999999999998,2,5,7,3,33
480.9270000000002,3.7063000000000033,80.47999999999999,1,6,4,4,34
481.9150000000002,3.101300000000002,93.37,1,7,4,4,34
464.4720000000002,3.192000000000002,80.47999999999999,1,6,4,4,34
462.9370000000002,3.5672000000000024,80.47999999999999,1,6,4,4,33
446.4820000000002,3.052900000000001,80.47999999999999,1,6,4,4,33
446.48200000000026,3.052900000000001,80.47999999999999,1,6,4,4,33
447.47000000000025,2.4479000000000006,93.37,1,7,4,4,33
411.9140000000001,4.895500000000004,49.05,0,4,5,4,28
509.9690000000003,4.812600000000004,93.37,1,6,7,4,36
465.9600000000002,5.114400000000004,56.07,0,5,6,4,33
539.0110000000003,4.610900000000003,105.39999999999999,2,7,9,4,38
483.95000000000016,5.253500000000004,56.07000000000001,0,5,6,4,34
475.3430000000001,5.053200000000003,82.94,3,4,5,4,29
544.5150000000003,4.875500000000006,57.94000000000001,1,5,5,3,34
425.7540000000001,2.654580000000001,105.69999999999999,1,5,4,3,29
554.6210000000003,5.969000000000006,104.61999999999999,2,6,6,4,40
428.38900000000007,3.385700000000001,90.16999999999999,2,6,4,2,27
421.3320000000001,3.1956000000000007,92.82999999999998,2,5,3,3,28
407.3050000000002,2.9480000000000004,92.82999999999998,2,5,2,3,27
449.3420000000002,2.5745000000000005,102.06,2,6,2,3,30
447.37000000000023,3.728200000000001,92.82999999999998,2,5,2,3,30
446.5110000000002,3.440500000000002,109.31,2,7,7,4,33
458.61000000000024,5.039800000000005,72.01,1,6,6,4,34
470.4990000000002,4.761100000000004,72.01,1,6,6,4,34
446.5990000000003,2.737700000000001,65.43,2,5,6,3,33
447.5830000000003,2.947000000000001,82.42,3,5,8,3,33
405.45500000000015,0.33119999999999994,122.64000000000001,2,7,11,2,29
504.58200000000016,3.291000000000002,59.19,0,6,7,3,35
475.5440000000001,3.3823000000000025,62.97,0,7,7,3,33
507.5610000000001,4.122900000000003,62.97,0,7,7,3,35
457.5540000000001,3.2432000000000016,62.97,0,7,7,3,32
446.5840000000001,2.836680000000001,86.76,0,8,7,3,32
504.5820000000001,3.882100000000002,70.05,1,6,7,3,35
504.5820000000001,3.882100000000002,70.05,1,6,7,3,35
518.6090000000002,3.8925000000000027,59.19,0,6,7,3,36
488.5830000000001,4.588800000000004,50.08,0,6,7,3,34
488.5830000000001,4.588800000000004,50.08,0,6,7,3,34
489.5710000000001,3.983800000000003,62.97,0,7,7,3,34
488.5830000000001,4.588800000000004,50.08,0,6,7,3,34
489.5710000000001,3.983800000000003,62.97,0,7,7,3,34
489.5710000000001,3.983800000000003,62.97,0,7,7,3,34
489.5710000000001,3.983800000000003,62.97,0,7,7,3,34
489.5710000000001,3.983800000000003,62.97,0,7,7,3,34
494.6120000000001,4.650300000000004,50.08,0,7,7,3,33
479.6160000000002,5.1844000000000054,37.19,0,5,7,2,33
493.64300000000026,5.574500000000006,37.19,0,5,7,2,34
496.60300000000024,3.363400000000002,49.66,0,7,7,2,34
454.57500000000016,3.0024000000000015,70.05,1,6,7,3,32
468.6020000000002,3.0128000000000013,59.19,0,6,7,3,33
439.56400000000014,3.1041000000000016,62.97,0,7,7,3,31
443.6360000000003,4.694800000000004,37.19,0,5,7,2,31
445.6080000000003,3.541100000000003,46.42,0,6,7,2,31
507.56100000000015,4.122900000000003,62.97,0,7,7,3,35
457.55400000000014,3.2432000000000016,62.97,0,7,7,3,32
505.5700000000001,3.8636000000000026,72.2,0,8,8,3,35
446.5840000000002,2.836680000000001,86.76,0,8,7,3,32
489.57100000000014,3.983800000000003,62.97,0,7,7,3,34
439.56400000000014,3.1041000000000016,62.97,0,7,7,3,31
505.57000000000016,3.8636000000000026,72.2,0,8,8,3,35
427.6180000000003,3.402000000000002,46.42,0,6,7,2,30
446.5840000000002,2.836680000000001,86.76,0,8,7,3,32
488.58300000000014,4.588800000000004,50.08,0,6,7,3,34
488.58300000000014,4.588800000000004,50.08,0,6,7,3,34
488.58300000000014,4.588800000000004,50.08,0,6,7,3,34
489.57100000000014,3.983800000000003,62.97,0,7,7,3,34
439.56400000000014,3.1041000000000016,62.97,0,7,7,3,31
505.57000000000016,3.8636000000000026,72.2,0,8,8,3,35
488.58300000000014,4.826800000000004,59.730000000000004,0,6,7,3,34
529.5880000000002,5.711600000000005,69.21000000000001,0,7,8,4,37
505.5660000000002,4.155500000000003,86.27000000000001,1,6,8,3,35
506.5540000000002,3.5505000000000013,99.16000000000001,1,7,8,3,35
539.6270000000002,6.517700000000007,59.980000000000004,0,6,8,4,38
503.59400000000016,4.561400000000004,55.95,0,5,7,3,35
497.59000000000015,5.734380000000006,57.74,0,5,7,3,35
498.57800000000015,5.129380000000006,70.63,0,6,7,3,35
515.6050000000002,4.961600000000004,77.03999999999999,1,5,8,3,36
516.5930000000002,4.356600000000003,89.92999999999999,1,6,8,3,36
529.6320000000003,4.890500000000004,77.03999999999999,1,5,9,3,37
551.6600000000002,4.510100000000003,94.10999999999999,1,6,8,3,37
539.6270000000002,6.517700000000007,59.980000000000004,0,6,8,4,38
515.6050000000002,4.961600000000004,77.03999999999999,1,5,8,3,36
473.5680000000001,5.257700000000005,46.84,0,5,7,3,33
473.5680000000001,5.257700000000005,46.84,0,5,7,3,33
541.5650000000002,6.276500000000005,46.84,0,5,7,3,37
478.6090000000001,5.924200000000005,33.95,0,5,7,3,32
503.59400000000016,4.5614000000000035,55.95,0,5,7,3,35
473.5680000000001,5.257700000000005,46.84,0,5,7,3,33
474.5560000000001,4.652700000000004,59.730000000000004,0,6,7,3,33
474.5560000000001,4.652700000000004,59.730000000000004,0,6,7,3,33
462.5410000000001,5.4557000000000055,47.09,0,5,7,3,32
478.6090000000001,5.924200000000005,33.95,0,5,7,3,32
474.5560000000001,4.652700000000004,59.730000000000004,0,6,7,3,33
480.5850000000001,4.714200000000004,59.730000000000004,0,7,7,3,32
479.5970000000001,5.319200000000005,46.84,0,6,7,3,32
489.5670000000002,4.580200000000004,63.38,0,5,7,2,34
489.5670000000002,4.580200000000004,63.38,0,5,7,2,34
506.63800000000026,5.620700000000006,43.18000000000001,0,5,7,2,35
478.62800000000027,6.2434000000000065,33.95,0,4,7,2,33
522.6410000000002,4.453800000000003,80.28,1,5,7,2,36
493.5990000000002,4.189300000000003,63.050000000000004,1,5,7,2,34
480.60000000000025,5.089700000000005,43.18000000000001,0,5,7,2,33
491.5580000000001,5.396800000000006,46.84,0,5,7,3,34
423.5610000000001,4.378000000000004,46.84,0,5,7,3,30
441.5510000000001,4.517100000000004,46.84,0,5,7,3,31
473.5680000000001,5.257700000000005,46.84,0,5,7,3,33
480.5850000000001,4.714200000000004,59.730000000000004,0,7,7,3,32
487.55100000000016,5.225100000000005,59.980000000000004,0,6,6,4,34
458.5530000000001,5.256600000000005,33.95,0,4,7,3,32
460.5290000000001,4.046600000000002,59.730000000000004,0,6,7,3,32
460.5290000000001,4.046600000000002,59.730000000000004,0,6,7,3,32
303.43100000000004,2.9523,60.910000000000004,1,4,3,2,21
330.38800000000003,2.6078,79.78999999999999,1,4,3,3,23
381.52000000000015,3.3415000000000026,37.71000000000001,0,3,2,2,28
437.58400000000034,3.498400000000002,72.36,2,3,7,2,32
561.5640000000002,5.465200000000005,98.14,2,5,5,4,41
418.423,2.0702999999999996,89.07,2,5,4,3,30
419.40700000000004,2.497300000000001,86.27,1,5,4,3,30
391.47500000000014,2.3449999999999998,86.27,1,5,5,3,29
419.40700000000004,2.497300000000001,86.27,1,5,4,3,30
445.4290000000001,4.121500000000002,87.55000000000001,1,6,2,4,33
552.5530000000003,4.1159000000000034,106.22,2,5,5,4,40
552.5530000000003,4.1159000000000034,106.22,2,5,5,4,40
352.41600000000005,1.9742000000000002,90.87,1,6,4,3,23
359.384,2.082,80.55,2,6,4,3,26
359.384,2.082,80.55,2,6,4,3,26
325.37600000000003,0.8255999999999994,89.78,2,7,4,3,24
323.404,1.8367999999999998,80.55,2,6,4,3,24
360.368,2.0488999999999997,77.75,1,6,4,3,26
360.368,2.0488999999999997,77.75,1,6,4,3,26
324.388,1.8036999999999999,77.75,1,6,4,3,24
411.5090000000002,4.034100000000002,63.050000000000004,1,4,4,4,31
514.5020000000002,5.807300000000004,72.86,1,5,4,4,37
445.42400000000026,3.872880000000002,96.65,1,6,3,3,32
463.4390000000003,3.1001000000000003,115.94999999999999,2,6,4,3,33
447.49900000000025,2.3954000000000004,127.39999999999999,3,7,4,3,33
431.54400000000027,2.8965000000000014,101.1,3,6,4,3,32
391.43500000000006,2.2272800000000004,123.78000000000002,2,6,5,3,29
502.49300000000017,3.6971000000000016,99.67999999999999,1,5,7,3,36
503.48100000000017,3.0921000000000003,112.57,1,6,7,3,36
503.4810000000002,4.159900000000002,111.71,2,5,6,3,36
489.4540000000001,2.702,112.57,1,6,7,3,35
557.5040000000001,3.271600000000002,96.77,1,5,3,3,40
387.4870000000002,4.565100000000003,88.72999999999999,3,3,4,4,29
400.48600000000016,3.8160000000000025,101.61999999999999,3,4,6,4,30
428.41800000000006,3.968300000000002,101.61999999999999,3,4,5,4,31
454.53400000000016,4.892700000000003,90.77000000000001,1,5,5,5,34
532.6560000000003,4.075400000000003,117.67,2,8,3,5,40
474.48700000000014,3.7454000000000027,96.17,2,6,5,3,34
325.33200000000005,0.5667999999999997,120.72,2,5,4,3,24
435.4840000000002,2.745000000000001,111.39000000000001,2,7,5,3,32
535.5510000000003,3.3718000000000012,119.10999999999999,2,6,5,4,39
535.5510000000003,3.3718000000000012,119.10999999999999,2,6,5,4,39
338.38599999999997,2.9491000000000005,51.97,1,4,3,3,25
324.359,2.770200000000001,51.97,1,4,2,3,24
253.28,3.2882000000000016,30.71,0,2,2,3,19
637.8290000000003,4.4440000000000035,121.77,3,8,11,4,47
391.4390000000002,1.2876799999999995,125.60000000000001,3,9,6,3,29
391.4390000000002,1.2876799999999995,125.60000000000001,3,9,6,3,29
439.4720000000002,2.4591000000000003,97.19000000000001,1,5,4,4,31
421.48200000000026,2.5111000000000008,97.19000000000001,1,5,4,4,30
380.42900000000014,2.520200000000001,93.95,1,5,3,4,27
381.41700000000014,1.7640999999999998,119.96999999999998,2,5,3,4,27
508.60100000000017,5.660500000000006,79.7,1,4,4,5,38
496.5750000000002,4.513300000000003,127.41000000000001,2,7,4,5,37
434.5000000000002,3.272800000000002,99.59,1,7,8,4,32
453.3480000000001,2.8381000000000007,78.76,1,6,4,4,29
491.5870000000001,3.9273000000000025,55.010000000000005,0,6,7,3,34
476.57200000000006,4.596200000000004,51.77,0,5,7,3,33
409.2590000000001,1.9624000000000004,58.440000000000005,0,4,4,2,25
522.3510000000002,3.3450000000000015,83.80000000000001,2,5,7,2,34
431.94500000000033,3.015600000000002,63.57000000000001,1,5,5,3,29
419.4600000000002,3.0877000000000017,76.3,1,6,4,4,31
492.5620000000002,4.343000000000003,92.14,3,4,4,6,37
325.4160000000001,2.2602,63.050000000000004,1,3,3,2,24
313.4300000000001,2.2127999999999997,59.97,1,5,2,3,22
340.4270000000001,2.0934,73.38,1,4,5,2,25
375.43600000000004,2.652400000000001,82.16,1,6,7,4,28
360.3920000000001,3.464100000000001,73.8,1,3,4,4,27
346.39400000000006,2.0584999999999996,91.62,1,4,4,4,26
364.80800000000005,1.8533000000000002,58.440000000000005,0,4,4,2,25
338.745,3.586700000000002,44.870000000000005,0,3,5,3,23
272.73900000000003,2.9853000000000014,35.64,0,2,3,3,19
320.318,3.5827000000000027,35.64,0,2,4,3,23
306.291,3.4086000000000025,35.64,0,2,4,3,22
322.28999999999996,3.072400000000001,44.870000000000005,0,3,5,3,23
316.386,1.7354,69.78,0,4,4,3,22
445.44500000000005,4.456800000000003,92.67,2,4,5,3,32
362.3930000000001,2.1056999999999997,115.79,2,5,5,3,27
337.3430000000001,0.8104999999999998,141.81,3,6,4,3,25
390.4470000000002,2.6552,114.92999999999999,3,5,7,3,29
460.5420000000003,1.9819999999999995,131.06,3,7,8,3,34
391.4350000000002,2.0502,127.82000000000001,3,6,7,3,29
392.4230000000002,1.4451999999999996,140.70999999999998,3,7,7,3,29
391.4350000000002,2.0502,127.82000000000001,3,6,7,3,29
369.3890000000002,-0.7763999999999982,135.46999999999997,3,7,4,3,27
522.5440000000003,3.8874800000000027,147.67,3,8,6,5,39
498.52200000000033,3.410800000000002,136.76999999999998,3,8,6,5,37
346.398,2.9294000000000002,96.34,3,6,4,4,26
542.6480000000003,3.0428000000000006,127.91000000000003,2,9,6,4,40
412.47200000000015,4.407000000000003,74.32,3,3,3,5,31
533.5670000000002,4.702700000000003,124.51,4,5,5,6,40
533.5670000000001,4.702700000000003,124.51,4,5,5,6,40
533.5670000000001,4.702700000000003,124.51,4,5,5,6,40
533.5670000000001,4.702700000000003,124.51,4,5,5,6,40
511.5210000000002,2.691200000000001,135.24,3,7,4,6,38
496.51000000000016,2.9697000000000005,152.14999999999998,4,8,4,6,37
510.53700000000015,2.8462000000000005,152.14999999999998,4,8,5,6,38
497.4940000000002,3.0931000000000006,146.36,4,8,4,6,37
510.0380000000003,3.693100000000003,92.51,2,6,5,3,36
364.4210000000001,2.7329000000000008,65.43,1,5,2,2,25
396.4380000000001,3.0710000000000015,65.43,1,5,3,2,27
412.47200000000015,4.407000000000003,74.32,3,3,3,5,31
470.96800000000025,3.5227000000000013,101.54,2,6,4,5,34
471.95600000000024,2.917700000000001,114.43,2,7,4,5,34
478.97300000000024,2.3742,127.32000000000001,2,9,4,5,33
545.9820000000002,3.998000000000002,114.43,2,8,4,5,37
512.4300000000003,3.632600000000002,114.43,2,8,4,5,34
477.98500000000024,2.9792000000000005,114.43,2,8,4,5,33
405.4620000000001,2.0814999999999992,122.87999999999998,4,7,4,4,30
408.54600000000016,3.1495000000000015,42.760000000000005,0,5,6,3,30
443.5470000000002,4.758200000000004,67.59,1,4,7,4,33
429.56400000000014,4.552300000000004,50.519999999999996,1,4,7,4,32
414.55300000000017,4.642200000000003,56.31,1,4,6,4,31
368.79900000000004,3.942300000000002,52.71,0,3,2,4,26
447.4450000000001,4.746300000000003,77.73,1,4,5,5,33
360.41700000000014,2.953100000000001,74.66,1,5,1,3,27
441.49900000000025,2.44088,125.60000000000001,3,9,6,4,33
513.8670000000002,2.960400000000001,102.86,1,5,4,5,36
616.4120000000001,3.642400000000003,121.32000000000001,1,7,6,5,42
599.9570000000002,3.1281000000000017,121.32000000000001,1,7,6,5,42
468.5360000000002,4.192900000000003,67.15,0,5,4,4,35
374.41900000000015,3.658500000000002,73.8,1,3,5,4,28
313.4300000000001,2.2128000000000005,59.97,1,5,2,3,22
544.6160000000003,1.6891,128.43,2,9,9,4,40
274.274,2.6101,35.64,0,2,3,3,20
317.19,3.094400000000001,35.64,0,2,3,3,19
306.291,3.3507000000000025,35.64,0,2,3,3,22
340.736,4.004100000000003,35.64,0,2,3,3,23
322.74600000000004,3.922900000000003,35.64,0,2,4,3,22
307.184,3.6387000000000027,35.64,0,2,3,3,20
290.729,3.1244000000000023,35.64,0,2,3,3,20
338.745,3.586700000000002,44.870000000000005,0,3,5,3,23
272.73900000000003,2.9853000000000014,35.64,0,2,3,3,19
307.184,3.6387000000000027,35.64,0,2,3,3,20
306.291,3.4086000000000025,35.64,0,2,4,3,22
290.729,3.1244000000000023,35.64,0,2,3,3,20
317.19000000000005,3.094400000000001,35.64,0,2,3,3,19
322.29,3.230500000000002,44.870000000000005,0,3,4,3,23
238.29400000000004,2.3319,35.64,0,2,3,3,18
239.28200000000004,1.7268999999999999,48.53,0,3,3,3,18
470.4760000000003,3.9970000000000034,85.69000000000001,1,5,9,3,34
462.50600000000037,3.4783000000000026,94.92000000000002,1,6,7,3,34
474.96000000000015,2.2561999999999998,119.36000000000001,2,7,4,5,34
422.5040000000002,2.8900000000000006,70.13,2,3,5,3,31
487.4310000000003,4.032580000000002,78.13,1,4,7,2,33
501.45800000000037,4.422680000000003,78.13,1,4,8,2,34
434.36700000000025,3.5764000000000014,54.34,1,3,5,2,29
530.6190000000003,4.550800000000003,59.27,1,3,7,4,39
530.6190000000003,4.550800000000003,59.27,1,3,7,4,39
512.6290000000002,4.411700000000003,59.27,1,3,7,4,38
513.6170000000003,3.806700000000002,72.16,1,4,7,4,38
513.6170000000003,3.806700000000002,72.16,1,4,7,4,38
489.5460000000002,3.264300000000002,80.01,2,5,6,3,35
456.98200000000026,2.4274000000000004,101.12,2,7,5,3,32
510.0380000000003,3.693100000000002,92.51,2,6,5,3,36
479.50300000000027,1.7994999999999997,99.49,3,5,6,2,34
413.48500000000007,2.868900000000001,87.78999999999999,2,5,4,5,31
413.48500000000007,2.868900000000001,87.78999999999999,2,5,4,5,31
428.50000000000006,2.830400000000001,111.6,3,6,4,5,32
482.5920000000004,2.978600000000001,108.96,2,7,2,4,36
290.41,3.6521000000000017,16.96,1,1,3,3,22
435.4990000000002,4.467300000000004,60.5,0,5,6,4,32
417.55700000000024,4.131300000000003,53.400000000000006,1,3,3,3,31
458.52800000000013,4.753100000000004,42.2,1,2,7,3,33
422.4110000000001,2.08197,117.10000000000001,3,4,3,2,30
453.90500000000026,3.741100000000003,76.3,1,6,4,4,32
415.96500000000015,4.604500000000004,39.52,0,4,2,2,29
479.5030000000002,1.7994999999999997,99.49000000000001,3,5,6,2,34
561.5640000000003,5.465200000000005,98.14000000000001,2,5,5,4,41
447.49900000000025,2.3954000000000004,127.4,3,7,4,3,33
431.54400000000027,2.8965000000000014,101.1,3,6,4,3,32
502.49300000000017,3.6971000000000016,99.68,1,5,7,3,36
492.5510000000003,3.4788000000000014,99.68,1,5,8,3,36
497.4240000000001,3.430500000000002,95.50000000000001,1,6,6,3,35
479.4340000000001,3.133300000000001,95.50000000000001,1,6,6,3,34
497.4240000000001,3.430500000000002,95.50000000000001,1,6,6,3,35
479.4340000000001,3.133300000000001,95.50000000000001,1,6,6,3,34
503.48100000000017,3.092100000000001,112.57,1,6,7,3,36
521.4710000000001,3.0401000000000007,112.57,1,6,7,3,37
521.4710000000001,3.0401000000000007,112.57,1,6,7,3,37
521.4710000000001,3.0401000000000007,112.57,1,6,7,3,37
521.4710000000001,3.0401000000000007,112.57,1,6,7,3,37
410.41500000000013,3.2184000000000017,50.160000000000004,1,3,4,2,29
410.41500000000013,3.2184000000000017,50.160000000000004,1,3,4,2,29
362.8360000000001,2.3204000000000002,50.160000000000004,1,3,5,2,25
426.5360000000003,3.5210000000000017,59.39,1,4,6,2,31
346.8620000000002,2.985800000000001,64.15,1,3,4,2,24
448.48900000000026,3.5489000000000024,50.6,0,4,8,2,32
476.54300000000035,4.329100000000004,50.6,0,4,8,2,34
480.5310000000003,3.442400000000003,70.83,1,5,7,2,34
528.5750000000002,4.4051000000000045,70.83,1,5,8,3,38
504.47500000000025,4.623900000000004,50.6,0,4,7,2,35
408.42400000000015,2.959100000000001,59.39,1,4,5,2,29
482.5080000000002,1.7477999999999996,126.44,1,8,4,5,36
497.6030000000004,4.173280000000003,119.69999999999999,2,5,6,3,37
348.38400000000007,0.6431999999999992,104.53000000000002,2,5,4,2,24
474.58700000000033,0.42418000000000244,112.72000000000001,1,8,10,2,33
460.5600000000003,0.034080000000002775,112.72000000000001,1,8,9,2,32
480.6340000000003,3.124200000000001,76.46,1,5,9,3,34
489.4860000000003,3.1700000000000017,102.08,1,8,4,5,36
487.9510000000003,3.545200000000002,102.08,1,8,4,5,35
471.49600000000027,3.030900000000001,102.08,1,8,4,5,35
471.4960000000003,3.030900000000001,102.08,1,8,4,5,35
458.4680000000001,5.418200000000003,61.940000000000005,0,4,5,5,34
470.5080000000003,3.635900000000003,89.19,1,7,4,5,35
505.9410000000003,3.684300000000003,102.08,1,8,4,5,36
489.48600000000033,3.1700000000000017,102.08,1,8,4,5,36
471.4960000000003,3.0309000000000017,102.08,1,8,4,5,35
434.93100000000004,4.337500000000003,81.97,1,3,3,4,31
308.77200000000005,4.079400000000003,35.64,0,2,2,4,22
392.46600000000007,4.704400000000003,68.52000000000001,1,5,5,5,30
428.826,4.040200000000003,70.99000000000001,1,3,4,4,30
415.96500000000015,4.604500000000004,39.52,0,4,2,2,29
399.5100000000001,4.090200000000004,39.52,0,4,2,2,29
415.96500000000015,4.604500000000004,39.52,0,4,2,2,29
415.96500000000015,4.604500000000004,39.52,0,4,2,2,29
522.0490000000003,4.698200000000004,83.72000000000001,1,6,3,3,37
325.4160000000001,2.2602,63.050000000000004,1,3,3,2,24
379.4200000000001,1.7060999999999997,109.14,3,5,8,3,28
395.85,3.6640000000000015,77.88000000000001,1,4,5,4,28
393.42600000000016,2.2603,114.50999999999999,3,5,3,4,29
393.42600000000016,2.2603,114.50999999999999,3,5,3,4,29
444.5790000000003,4.366500000000004,50.6,0,4,6,3,33
490.56000000000034,3.6071000000000026,105.92000000000002,2,6,8,3,36
764.8799999999999,4.716200000000003,180.26999999999998,5,11,16,5,56
508.9410000000003,2.6368,116.23000000000002,1,7,5,4,36
474.4960000000003,1.9833999999999994,116.23000000000002,1,7,5,4,35
481.91500000000025,3.101300000000002,93.37,1,7,4,4,34
465.4600000000002,2.5870000000000006,93.37,1,7,4,4,34
447.47000000000025,2.4479000000000006,93.37,1,7,4,4,33
465.46000000000026,2.5870000000000006,93.37,1,7,4,4,34
452.4790000000002,-0.901499999999998,148.05,1,10,5,3,33
434.4660000000002,2.8867800000000017,85.98,2,5,5,2,31
453.4650000000002,2.447800000000001,99.49000000000001,3,5,6,2,32
452.4810000000002,1.8485000000000007,105.28,3,5,6,2,32
491.6020000000004,4.943500000000004,62.190000000000005,2,4,6,2,35
439.4820000000002,2.3555,82.42,3,5,6,2,31
529.5630000000003,4.259500000000004,80.65,2,6,6,3,38
485.5540000000002,4.530800000000005,62.190000000000005,2,4,6,3,35
486.5420000000002,3.9258000000000033,75.08000000000001,2,5,6,3,35
492.5710000000002,3.987300000000003,75.08000000000001,2,6,6,3,34
492.5710000000002,3.987300000000003,75.08000000000001,2,6,6,3,34
497.49400000000026,2.6808000000000005,146.09999999999997,4,7,4,6,37
467.75700000000006,3.330300000000002,85.83,1,5,3,3,31
429.40200000000004,3.137800000000002,76.18,1,4,2,4,31
757.3320000000001,7.29500000000001,99.57,1,7,4,6,53
444.4990000000002,3.5955800000000018,126.56,2,8,4,4,33
421.83500000000015,2.9099000000000013,83.02000000000001,2,4,3,3,29
403.84500000000014,2.7708000000000013,83.02000000000001,2,4,3,3,28
385.85500000000013,2.6317000000000004,83.02000000000001,2,4,3,3,27
399.8820000000002,2.642100000000001,72.16,1,4,3,3,28
426.90800000000013,2.5681000000000003,85.05,1,5,3,3,30
402.8610000000001,3.3366000000000007,78.84,2,4,3,3,28
513.3510000000003,4.987500000000003,89.07000000000001,2,5,4,3,34
465.5050000000003,2.921900000000001,115.08999999999999,3,7,4,3,32
505.9410000000003,3.684300000000002,102.08,1,8,4,5,36
489.4860000000003,3.1700000000000017,102.08,1,8,4,5,36
487.9510000000003,3.545200000000002,102.08,1,8,4,5,35
471.49600000000027,3.0309000000000017,102.08,1,8,4,5,35
471.4960000000003,3.0309000000000017,102.08,1,8,4,5,35
434.93100000000004,4.337500000000003,81.97,1,3,3,4,31
561.5640000000004,5.465200000000005,98.14000000000001,2,5,5,4,41
442.46600000000035,3.3286000000000016,68.62,1,5,7,3,32
474.48300000000035,4.069200000000003,68.62,1,5,7,3,34
299.418,3.3419000000000016,30.29,0,3,6,2,22
476.5720000000002,4.596200000000004,51.77,0,5,7,3,33
293.157,3.579600000000003,35.64,0,2,2,3,19
276.702,3.0653000000000015,35.64,0,2,2,3,19
453.90500000000026,3.741100000000003,76.3,1,6,4,4,32
471.48700000000014,3.882100000000003,73.37,0,6,6,4,34
291.717,2.3841,48.53,0,3,3,3,20
338.745,3.586700000000002,44.870000000000005,0,3,5,3,23
272.73900000000003,2.9853000000000014,35.64,0,2,3,3,19
306.291,3.4086000000000016,35.64,0,2,4,3,22
238.29400000000004,2.3319,35.64,0,2,3,3,18
463.51000000000005,3.7844000000000024,99.0,1,6,6,3,32
449.48300000000006,3.394300000000002,99.0,1,6,6,3,31
465.9380000000001,3.9086000000000025,99.0,1,6,6,3,31
449.48300000000006,3.394300000000002,99.0,1,6,6,3,31
454.52400000000006,4.060800000000003,86.11,1,6,6,3,30
455.51200000000006,3.4558000000000018,99.0,1,7,6,3,30
435.4560000000001,3.004200000000001,99.0,1,6,6,3,30
451.91100000000006,3.518500000000002,99.0,1,6,6,3,30
435.4560000000001,3.004200000000001,99.0,1,6,6,3,30
440.49700000000007,3.6707000000000027,86.11,1,6,6,3,29
441.48500000000007,3.0657000000000014,99.0,1,7,6,3,29
435.4560000000001,3.004200000000001,99.0,1,6,6,3,30
456.9820000000002,2.4274000000000004,101.12000000000002,2,7,5,3,32
538.5740000000003,3.223700000000002,88.21000000000001,2,5,7,4,39
380.35800000000006,2.6285000000000007,88.49000000000001,2,5,2,4,28
529.4600000000002,5.049100000000005,64.86,1,5,5,3,37
511.47000000000014,4.967900000000005,64.86,1,5,5,3,36
472.9850000000002,1.0874000000000006,126.9,2,9,6,3,33
521.9620000000003,1.8377999999999992,135.24,2,8,7,3,35
458.5660000000001,2.0924,96.17,2,6,6,3,34
580.3580000000001,4.224300000000003,115.41000000000001,0,7,9,5,39
511.47000000000014,4.967900000000004,64.86,1,5,5,3,36
297.417,4.058100000000003,3.24,0,1,5,2,22
392.8410000000002,3.6746000000000016,69.72999999999999,2,5,5,3,27
610.8800000000001,7.641800000000004,74.31,0,6,6,5,39
482.50600000000026,5.8113000000000055,74.96000000000001,3,4,4,4,35
347.218,4.313700000000002,39.42,0,3,2,3,24
410.86700000000013,5.138100000000004,33.29,2,3,5,2,28
432.4860000000002,5.025900000000004,42.52,2,4,7,2,31
500.5250000000002,3.9327000000000014,96.98000000000002,3,7,8,3,36
475.53200000000027,6.503000000000006,30.930000000000003,0,5,5,3,33
421.4590000000003,5.912600000000006,30.930000000000003,0,4,5,2,30
461.5050000000002,6.507400000000006,30.930000000000003,0,5,4,3,32
474.4450000000001,5.895200000000004,24.94,0,4,7,2,33
482.50600000000026,5.811300000000005,74.96000000000001,3,4,4,4,35
421.4220000000001,5.811800000000005,47.900000000000006,0,4,6,4,31
349.31600000000014,3.288100000000001,57.760000000000005,0,4,5,3,25
426.83000000000027,3.7790000000000017,76.89,2,6,5,3,29
392.3850000000003,3.1256000000000004,76.89,2,6,5,3,28
439.39700000000016,5.041700000000003,74.09,1,6,4,4,32
350.3840000000002,3.774200000000003,24.5,1,3,5,2,25
427.8540000000004,4.598500000000004,49.17,0,4,1,2,29
282.052,3.592900000000001,30.71,0,2,1,2,17
421.8500000000002,5.536500000000005,39.42,0,3,6,3,29
367.76200000000006,4.061700000000002,48.53,0,3,4,3,25
429.404,6.0507000000000035,21.259999999999998,1,2,4,2,30
390.44900000000024,4.815800000000003,34.15,1,3,6,2,28
419.4910000000003,4.538600000000002,37.39,1,4,6,2,30
383.8410000000001,5.196800000000005,21.259999999999998,1,2,5,2,26
384.8290000000001,4.5918000000000045,34.15,1,3,5,2,26
384.8290000000001,4.5918000000000045,34.15,1,3,5,2,26
411.38700000000006,5.085500000000003,64.86,1,5,6,4,30
345.3280000000001,4.246100000000003,62.730000000000004,2,5,5,3,25
389.3370000000002,3.9748000000000028,81.19000000000001,2,7,5,3,28
466.50700000000023,5.931500000000005,65.73,3,3,3,4,34
399.4200000000003,4.407100000000003,62.730000000000004,2,5,3,3,29
373.38200000000023,3.874500000000002,62.730000000000004,2,5,3,3,27
333.31700000000006,3.4083000000000014,48.53,0,3,4,3,24
426.39300000000014,4.040000000000002,69.72999999999999,2,5,5,3,30
426.39300000000014,4.040000000000002,69.72999999999999,2,5,5,3,30
426.39300000000014,4.040000000000002,69.72999999999999,2,5,5,3,30
427.38100000000014,3.4350000000000014,82.61999999999999,2,6,5,3,30
427.38100000000014,3.4350000000000014,82.61999999999999,2,6,5,3,30
345.364,4.6517000000000035,21.259999999999998,1,2,1,2,25
426.3930000000001,3.7359000000000018,69.72999999999999,2,5,5,3,30
424.4260000000002,5.147300000000005,54.040000000000006,1,4,3,4,31
338.33200000000005,5.915700000000004,28.68,1,1,2,4,25
339.32000000000005,5.310700000000003,41.57,1,2,2,4,25
312.682,4.373700000000001,53.6,2,3,2,3,21
405.42300000000006,5.932000000000005,38.67,0,3,5,4,30
333.31700000000006,3.4083000000000006,48.53,0,3,4,3,24
473.5240000000002,4.998300000000004,56.07,0,6,6,4,33
454.46000000000026,4.268500000000001,93.79,4,7,5,4,33
455.4440000000003,4.695500000000003,90.99000000000001,3,7,5,4,33
423.39800000000014,5.161900000000003,64.86,1,5,3,4,31
467.41300000000035,7.094800000000004,50.269999999999996,1,3,2,3,33
328.3780000000001,3.0483000000000002,24.5,1,3,4,1,23
473.5240000000003,4.998300000000004,56.07,0,6,6,4,33
329.73400000000004,4.381400000000001,30.71,1,3,1,3,21
492.45200000000017,4.995900000000004,82.87,2,6,6,4,35
491.9050000000002,4.799100000000004,95.76,2,7,6,4,34
457.4600000000002,4.1457000000000015,95.76,2,7,6,4,33
457.4600000000002,4.145700000000002,95.76,2,7,6,4,33
380.37300000000005,5.322700000000004,50.7,1,4,4,4,28
473.5240000000002,4.998300000000004,56.07,0,6,6,4,33
412.8070000000002,3.4217000000000013,92.92,2,7,4,3,28
328.685,2.579300000000001,61.42,0,4,3,3,22
408.38700000000017,4.748300000000002,75.18,2,3,4,5,30
456.47200000000015,4.750700000000003,82.87,2,6,6,4,33
338.745,3.7707000000000024,55.73,1,3,6,3,23
324.7180000000001,3.5763000000000016,55.730000000000004,1,3,5,3,22
392.8370000000001,5.164800000000003,44.870000000000005,0,3,6,3,27
324.7180000000001,3.5763000000000016,55.73,1,3,5,3,22
351.744,3.5292000000000003,64.86,1,5,6,3,24
352.7320000000001,2.9242,77.75,1,6,6,3,24
341.70500000000004,3.1222000000000003,78.0,1,6,6,3,23
353.716,2.8911000000000007,74.95,0,6,6,3,24
325.706,2.7669000000000006,57.760000000000005,0,4,5,3,22
365.7710000000001,3.644300000000002,57.760000000000005,0,4,6,3,25
324.71799999999996,3.5763000000000016,55.730000000000004,1,3,5,3,22
408.4080000000001,3.5294000000000016,61.540000000000006,0,5,7,3,30
382.37000000000006,4.014200000000002,61.540000000000006,0,5,7,4,28
290.27299999999997,2.9228999999999994,55.730000000000004,1,3,5,3,21
332.3940000000001,3.477000000000002,24.5,1,3,6,2,24
494.1780000000004,4.260000000000003,42.32000000000001,1,4,3,2,26
308.71900000000005,3.9125000000000005,46.5,1,2,4,3,21
349.77200000000005,3.980500000000002,48.53,0,3,5,3,24
308.719,3.9125000000000023,46.5,1,2,4,3,21
408.4030000000001,3.654700000000001,69.72999999999999,2,5,6,3,29
393.3970000000003,4.470900000000004,65.2,0,5,3,4,29
361.7790000000001,4.182300000000004,39.42,0,3,3,3,25
363.7510000000001,3.9761000000000033,48.650000000000006,0,4,3,3,25
327.33400000000006,3.528900000000003,39.42,0,3,3,3,24
329.3060000000001,3.322700000000002,48.650000000000006,0,4,3,3,24
327.3340000000001,3.528900000000002,39.42,0,3,3,3,24
336.345,4.142200000000003,43.08,0,3,3,4,25
440.4980000000003,3.185100000000001,75.2,2,7,5,3,32
358.3960000000001,2.7171000000000003,69.72999999999999,2,5,5,3,26
527.3780000000002,5.373100000000004,68.1,1,6,5,3,35
513.3510000000001,4.983000000000004,68.1,1,6,5,3,34
477.3710000000002,4.737800000000004,68.1,1,6,5,3,32
545.3680000000002,5.321100000000004,68.1,1,6,5,3,36
474.46200000000016,4.698700000000003,82.87,2,6,6,4,34
494.51200000000017,4.259900000000004,60.080000000000005,2,5,9,3,35
591.5770000000001,8.042500000000004,50.38,1,5,9,5,41
389.942,5.575600000000006,12.47,0,2,9,2,27
355.497,4.922200000000005,12.47,0,2,9,2,26
356.485,3.437700000000002,15.71,0,3,9,2,26
390.93000000000006,4.0911000000000035,15.71,0,3,9,2,27
355.497,4.922200000000005,12.47,0,2,9,2,26
355.497,4.922200000000005,12.47,0,2,9,2,26
356.485,3.437700000000002,15.71,0,3,9,2,26
373.487,5.0613000000000055,12.47,0,2,9,2,27
355.497,4.9222000000000055,12.47,0,2,9,2,26
389.942,5.575600000000007,12.47,0,2,9,2,27
374.475,3.576800000000002,15.71,0,3,9,2,27
356.485,3.437700000000002,15.71,0,3,9,2,26
390.93000000000006,4.0911000000000035,15.71,0,3,9,2,27
414.6090000000004,5.075700000000006,15.71,0,3,4,1,30
338.308,3.7058000000000026,35.64,0,2,6,3,24
339.296,3.1008000000000013,48.53,0,3,6,3,24
340.1890000000001,3.3309000000000015,48.53,0,3,5,3,22
371.75000000000006,3.278900000000002,57.760000000000005,0,4,7,3,25
426.9230000000003,5.105200000000004,52.83,0,4,4,3,30
426.9230000000003,5.105200000000004,52.83,0,4,4,3,30
350.3160000000001,4.978900000000002,46.5,1,2,4,3,23
328.81800000000004,4.903300000000003,27.82,2,1,2,3,23
328.81800000000004,4.903300000000003,27.82,2,1,2,3,23
328.81800000000004,4.903300000000003,27.82,2,1,2,3,23
294.37300000000005,4.249900000000003,27.82,2,1,2,3,22
457.28700000000015,4.871800000000003,67.66,2,5,4,3,30
451.9330000000002,4.710500000000003,56.07,0,5,6,4,32
457.9620000000002,4.772000000000004,56.07,0,6,6,4,31
485.4850000000001,5.075900000000004,56.07,0,5,6,4,35
491.5140000000001,5.137400000000004,56.07,0,6,6,4,34
424.4800000000003,2.0677999999999996,84.43,2,8,5,3,31
397.52300000000014,4.347100000000003,45.150000000000006,0,6,3,3,28
397.52300000000014,4.347100000000004,45.150000000000006,0,6,3,3,28
292.26400000000007,3.398200000000001,46.5,1,2,4,3,21
317.755,3.1820000000000013,48.53,0,3,4,3,22
323.77,4.347800000000003,21.259999999999998,1,2,5,2,22
445.3710000000002,3.5741000000000014,82.62,2,6,5,3,31
291.75300000000004,3.8186000000000018,21.259999999999998,1,2,4,2,20
474.92700000000036,4.559400000000004,68.44,0,6,4,5,34
409.85200000000015,4.111600000000003,56.07,0,5,3,4,29
410.84000000000015,3.5066000000000015,68.96000000000001,0,6,3,4,29
411.8190000000001,3.2087000000000003,82.62,2,6,5,3,28
432.49000000000035,4.1098000000000035,50.28,1,5,5,2,31
494.5120000000002,4.299400000000004,51.290000000000006,1,5,5,3,35
522.4740000000002,5.822200000000003,80.76000000000002,2,6,4,3,37
425.4540000000002,5.264000000000004,37.39,1,4,4,3,31
426.43800000000016,5.312700000000004,34.59,0,4,4,3,31
455.8580000000001,6.058200000000004,29.85,1,2,5,3,31
312.363,4.580100000000003,27.82,2,1,2,3,23
330.35300000000007,4.528100000000003,27.82,2,1,2,3,24
331.3940000000001,4.969600000000003,44.47,2,1,2,4,25
415.51600000000025,5.600500000000004,69.39,3,3,3,4,31
476.4770000000001,6.390000000000005,56.5,3,2,3,5,35
484.57800000000015,6.8760000000000066,56.5,3,2,4,6,37
332.38200000000006,4.084100000000002,56.5,3,2,2,4,25
434.49000000000024,5.190900000000004,65.73,3,3,3,4,32
416.5000000000002,5.051800000000004,65.73,3,3,3,4,31
434.49000000000024,5.190900000000004,65.73,3,3,3,4,32
417.4880000000002,4.446800000000002,78.62,3,4,3,4,31
397.5230000000002,4.347100000000004,45.150000000000006,0,6,3,3,28
303.287,3.733100000000002,30.19,0,2,3,3,22
397.5230000000002,4.347100000000004,45.150000000000006,0,6,3,3,28
306.291,3.592600000000002,46.5,1,2,5,3,22
516.4490000000001,6.386700000000003,64.32,1,3,8,5,37
292.264,3.398200000000001,46.5,1,2,4,3,21
308.26300000000003,3.0620000000000003,55.730000000000004,1,3,5,3,22
446.55500000000006,4.880300000000003,75.62,2,7,6,4,32
433.516,4.406800000000002,88.51,2,8,5,4,31
439.545,4.468300000000002,88.51,2,9,5,4,30
501.6350000000002,5.159600000000005,69.21000000000001,2,8,6,4,36
517.6340000000002,4.396000000000002,78.44,2,9,6,4,37
413.47200000000015,3.4517000000000015,57.28000000000001,1,5,4,3,30
315.327,2.3126999999999995,56.84,2,4,2,3,23
345.37800000000016,1.4136999999999995,65.3,0,6,2,2,25
443.3090000000002,6.114700000000004,55.050000000000004,0,5,3,4,30
375.40700000000004,3.4582000000000015,56.07,0,5,3,4,28
360.396,3.6168000000000022,59.730000000000004,0,5,3,4,27
393.39700000000005,3.5973000000000024,56.07000000000001,0,5,3,4,29
394.38500000000005,2.992300000000001,68.96000000000001,0,6,3,4,29
376.39500000000004,2.853200000000001,68.96000000000001,0,6,3,4,28
390.422,3.6075000000000017,77.75,1,6,4,4,29
360.3960000000001,3.8385000000000025,68.52000000000001,1,5,5,4,27
422.5730000000001,4.550400000000004,23.77,1,3,5,3,30
328.81800000000004,4.890000000000003,16.96,1,1,2,3,23
392.341,2.586900000000001,78.19000000000001,0,7,7,3,28
410.33100000000013,2.5349000000000004,78.19000000000001,0,7,7,3,29
293.25200000000007,2.6578999999999997,59.39,1,3,4,3,21
333.317,3.4662000000000024,48.53,0,3,5,3,24
317.755,3.1820000000000013,48.53,0,3,4,3,22
343.32800000000003,2.6885000000000012,45.980000000000004,1,4,5,2,24
307.34799999999996,2.4433000000000007,45.980000000000004,1,4,5,2,22
368.37400000000014,3.913300000000002,24.5,1,3,5,2,26
350.3840000000001,3.616100000000001,24.5,1,3,6,2,25
375.39800000000014,3.7653000000000016,56.839999999999996,2,4,5,3,27
472.49200000000036,5.057600000000004,60.370000000000005,0,7,6,4,33
383.482,5.476200000000006,12.47,0,2,6,2,28
440.5780000000002,5.552100000000006,15.71,0,3,7,2,32
450.5730000000001,5.3212000000000055,15.71,0,3,10,3,33
404.5040000000001,5.3852000000000055,6.48,0,2,6,3,30
402.81900000000013,4.730900000000004,34.15,1,3,5,2,27
336.345,3.048400000000001,50.17,1,4,3,3,25
225.694,3.1122000000000014,12.03,1,1,1,1,15
430.5420000000002,6.925300000000006,19.03,1,1,6,4,32
422.4250000000001,6.676100000000004,25.78,0,2,5,4,31
294.37300000000005,3.780800000000002,27.82,2,1,3,3,22
376.38600000000014,2.856200000000001,69.72999999999999,2,5,5,3,27
341.4450000000001,4.778400000000004,3.24,0,1,3,2,25
343.4170000000001,4.367100000000004,12.47,0,2,3,2,25
314.35099999999994,2.4468000000000005,24.5,1,3,4,1,22
417.4880000000002,4.057100000000003,56.07,0,5,6,4,31
382.3650000000002,2.361600000000001,49.55,0,5,2,2,27
380.3490000000001,2.604400000000001,49.56,0,5,3,3,27
533.4380000000002,6.250600000000006,50.080000000000005,0,5,5,5,37
391.5340000000001,5.735800000000006,21.060000000000002,0,2,4,3,29
390.4620000000001,4.591300000000004,47.09,0,4,5,4,29
422.54800000000023,4.208700000000004,42.32,1,4,6,3,31
374.46300000000014,4.866700000000004,25.990000000000002,0,2,4,4,28
375.45100000000014,4.261700000000004,38.88,0,3,4,4,28
375.45100000000014,4.261700000000004,38.88,0,3,4,4,28
324.403,3.3876000000000017,41.88,2,3,4,3,24
309.38800000000003,3.6907000000000023,29.85,1,2,3,3,23
311.36,2.8846000000000007,39.08,1,3,3,3,23
327.42800000000005,3.601200000000002,29.85,1,3,3,3,23
339.36500000000007,2.6085000000000003,45.980000000000004,1,4,6,2,24
357.3550000000001,2.747600000000001,45.980000000000004,1,4,6,2,25
303.38499999999993,2.3633000000000006,45.980000000000004,1,4,6,2,22
321.37499999999994,2.5024000000000006,45.980000000000004,1,4,6,2,23
366.45500000000004,5.325300000000005,15.27,1,2,9,3,27
352.42800000000005,4.9352000000000045,15.27,1,2,8,3,26
426.4700000000001,6.523800000000005,48.78,2,4,7,4,32
431.5300000000002,5.867900000000006,22.27,1,2,6,4,32
330.216,3.8783000000000003,62.83,2,4,3,3,23
421.35,3.6522000000000014,66.36,0,6,7,3,30
329.3710000000001,3.326500000000002,39.72,1,4,4,2,24
366.37500000000006,3.067500000000001,71.42,2,4,5,4,27
369.4150000000001,2.8395,36.86,1,4,2,2,27
405.5170000000002,3.8698000000000023,28.07,0,4,2,2,30
351.42500000000007,2.7474,36.86,1,4,2,2,26
365.4520000000001,3.137500000000001,36.86,1,4,2,2,27
365.4520000000001,3.137500000000001,36.86,1,4,2,2,27
365.4520000000001,3.137500000000001,36.86,1,4,1,2,27
365.4520000000001,3.137500000000001,36.86,1,4,1,2,27
351.42500000000007,2.8915000000000006,36.86,1,4,1,2,26
369.4150000000001,2.8395,36.86,1,4,2,2,27
405.5170000000002,3.8698000000000023,28.07,0,4,2,2,30
351.42500000000007,2.7474,36.86,1,4,2,2,26
365.4520000000001,3.137500000000001,36.86,1,4,2,2,27
365.4520000000001,3.137500000000001,36.86,1,4,2,2,27
351.42500000000007,2.7474000000000007,36.86,1,4,1,2,26
369.41500000000013,2.839500000000001,36.86,1,4,2,2,27
369.41500000000013,2.839500000000001,36.86,1,4,2,2,27
351.42500000000007,2.7474000000000007,36.86,1,4,1,2,26
404.91300000000035,4.261300000000003,43.379999999999995,1,4,6,2,28
312.363,4.389000000000003,27.82,2,1,2,3,23
471.5320000000002,6.423600000000006,64.53,0,6,7,5,35
465.6130000000004,5.643800000000006,41.74,0,5,9,3,34
467.5850000000004,4.490100000000004,50.97,0,6,9,3,34
499.5860000000003,6.541800000000006,64.53,0,6,9,5,37
485.55900000000025,6.347400000000006,64.53,0,6,8,5,36
362.423,5.542200000000004,27.82,2,1,2,4,27
362.42300000000006,5.542200000000004,27.82,2,1,2,4,27
312.363,4.389000000000002,27.82,2,1,2,3,23
313.351,3.7840000000000016,40.71,2,2,2,3,23
318.392,4.450500000000003,27.82,2,2,2,3,22
318.411,4.769700000000003,27.82,2,1,2,2,23
430.52700000000044,5.481400000000006,43.18,0,4,7,4,32
432.4990000000004,4.327700000000004,52.41,0,5,7,4,32
434.54000000000036,5.001800000000005,43.18,0,5,7,4,31
478.5710000000004,6.053800000000006,43.18,0,4,7,5,36
258.34,2.4266000000000005,15.27,1,2,3,2,19
245.297,2.857400000000001,21.259999999999998,1,2,3,2,18
419.54400000000015,4.5633000000000035,27.740000000000002,1,4,7,3,31
405.51700000000017,4.173200000000003,27.740000000000002,1,4,6,3,30
416.5000000000002,5.051800000000004,65.73,3,3,3,4,31
303.287,3.733100000000002,30.19,0,2,3,3,22
337.73199999999997,4.3865000000000025,30.19,0,2,3,3,23
525.3590000000002,6.464000000000003,69.63,0,5,4,3,37
535.3980000000001,6.871000000000004,56.49,0,4,4,3,38
289.3579999999999,2.3042,45.980000000000004,1,4,5,2,21
305.35699999999997,1.5405999999999997,55.21000000000001,1,5,5,2,22
368.37400000000014,3.9133000000000013,24.5,1,3,5,2,26
350.3840000000001,3.616100000000001,24.5,1,3,6,2,25
346.368,3.187400000000001,24.5,1,3,4,1,24
417.48800000000017,4.057100000000003,56.07,0,5,6,4,31
398.3390000000001,2.743500000000001,49.56,0,5,3,3,28
303.385,2.3633000000000006,45.980000000000004,1,4,6,2,22
435.4780000000001,4.196200000000003,56.07,0,5,6,4,32
423.5170000000001,4.1186000000000025,56.07,0,6,6,4,30
441.5070000000001,4.257700000000003,56.07,0,6,6,4,31
433.46200000000033,4.486000000000003,75.72,2,5,4,4,32
441.5070000000002,4.257700000000003,56.07,0,6,6,4,31
323.77,4.347800000000004,21.259999999999998,1,2,5,2,22
350.3840000000001,3.616100000000003,24.5,1,3,6,2,25
399.5350000000002,4.926300000000005,30.290000000000003,0,4,5,3,28
312.363,4.389000000000003,27.82,2,1,2,3,23
416.5000000000002,5.0518000000000045,65.73,3,3,3,4,31
338.3860000000001,3.3133000000000017,45.400000000000006,0,5,2,3,25
462.56900000000047,5.002200000000005,54.63,0,6,6,3,34
506.3810000000001,6.9299000000000035,56.74,0,4,4,3,36
517.408,6.731900000000005,56.49,0,4,4,3,37
350.39700000000005,3.039900000000001,43.18,0,4,3,3,26
368.37400000000014,3.9133000000000013,24.5,1,3,5,2,26
350.3840000000002,3.616100000000002,24.5,1,3,6,2,25
417.48800000000017,4.057100000000002,56.07,0,5,6,4,31
423.51700000000017,4.1186000000000025,56.07,0,6,6,4,30
416.4600000000003,3.741900000000002,88.61,2,6,4,4,31
298.36100000000005,3.264500000000001,34.15,1,3,3,2,22
423.5170000000002,4.118600000000003,56.07,0,6,6,4,30
262.28799999999995,1.6462999999999999,45.400000000000006,0,5,1,2,19
343.427,4.608600000000004,38.25000000000001,0,5,4,3,24
323.75800000000004,4.880000000000003,30.71,0,2,2,4,23
432.50700000000035,3.781900000000002,83.78999999999999,2,7,4,4,32
397.5230000000003,4.347100000000003,45.150000000000006,0,6,3,3,28
397.52300000000025,4.347100000000004,45.150000000000006,0,6,3,3,28
475.9210000000002,4.0559600000000025,150.48,2,8,5,4,33
416.3520000000002,4.571680000000003,56.13,1,3,6,2,28
558.6140000000001,3.981580000000003,131.28000000000003,2,9,9,3,41
398.48200000000014,2.45308,76.44,1,4,4,1,29
463.6070000000002,3.4374800000000016,89.33,1,6,5,2,33
489.95100000000014,3.442680000000002,89.33,1,6,4,1,32
455.50600000000014,2.7892800000000015,89.33,1,6,4,1,31
427.57400000000024,2.6478800000000007,89.33,1,6,5,1,30
443.5730000000003,1.8431799999999994,98.56,1,7,4,1,31
437.5690000000002,2.923680000000001,89.33,1,6,4,2,31
438.5570000000002,2.3186799999999996,102.22,1,7,4,2,31
438.5570000000002,2.3186799999999996,102.22,1,7,4,2,31
438.5570000000002,2.3186800000000005,102.22,1,7,4,2,31
438.5570000000002,2.3186800000000005,102.22,1,7,4,2,31
387.5090000000001,1.7704799999999996,89.33,1,6,4,1,27
484.6000000000003,3.3901800000000026,97.84,2,5,5,3,36
485.5880000000003,2.7851800000000013,110.72999999999999,2,6,5,3,36
388.42700000000013,2.4500800000000007,98.69999999999999,1,5,4,3,29
400.3890000000002,2.6318800000000007,87.28,0,6,4,2,29
382.39900000000017,2.4927800000000007,87.28,0,6,4,2,28
382.4490000000002,1.8431799999999996,107.66999999999999,1,5,5,3,27
438.4350000000002,2.6331800000000003,107.66999999999999,1,5,6,3,30
411.49100000000027,1.6915799999999996,110.90999999999998,1,5,5,3,29
361.38500000000005,4.120880000000003,56.99,0,3,7,3,26
546.6030000000003,3.981580000000002,131.28000000000003,2,9,10,3,40
403.36,3.3121800000000015,82.43,1,4,6,2,29
391.9430000000002,3.3011800000000022,59.730000000000004,1,5,7,1,27
520.9520000000003,4.090080000000002,117.28,1,9,7,4,37
370.36500000000007,2.9500800000000016,122.54000000000002,0,7,10,2,27
481.4840000000003,2.1738800000000005,125.81000000000002,2,8,8,2,35
506.9250000000003,3.6999800000000027,117.28,1,9,6,4,36
415.9290000000002,2.2348800000000004,107.09000000000002,2,7,5,2,29
365.4410000000001,0.5409799999999999,104.07,1,6,4,2,27
351.372,2.656980000000001,70.12,1,3,4,1,25
329.29699999999997,1.8263800000000003,70.12,1,3,4,1,23
364.6350000000001,2.9791800000000013,70.12,1,3,3,1,22
384.2050000000001,1.5101800000000003,88.58000000000001,1,5,3,1,23
268.317,0.47548000000000046,83.01,1,5,3,1,18
337.345,2.1243800000000004,70.12,1,3,3,1,24
438.4060000000001,1.4915799999999995,125.52,2,5,7,1,31
470.4760000000002,2.4559800000000003,109.29,2,6,7,3,34
349.43400000000025,2.4123799999999997,88.14,2,4,5,2,26
309.37300000000005,2.980480000000001,96.73,2,4,4,2,23
378.3960000000001,1.4074799999999998,136.67000000000002,2,7,5,3,28
351.41000000000014,2.704180000000001,105.96,2,5,5,2,26
345.79,2.4801800000000007,105.96,2,5,4,2,24
329.33500000000004,1.9658799999999998,105.96,2,5,4,2,24
377.35100000000006,2.4281800000000002,115.19,2,6,6,2,27
409.36800000000005,2.42248,126.19,3,6,5,2,29
311.345,1.8267799999999998,105.96,2,5,4,2,23
330.32300000000004,1.3608799999999996,118.85,2,6,4,2,24
457.4520000000002,4.4808800000000035,82.43,1,4,5,2,33
462.47600000000006,3.2603800000000005,120.20000000000002,3,6,6,2,33
359.81700000000006,2.604680000000001,116.96,3,5,4,2,25
725.859,9.429479999999998,114.05,1,9,7,6,53
682.8340000000002,9.839079999999996,84.95,0,8,6,6,50
446.53500000000014,6.054780000000005,69.35,0,5,4,4,33
507.6220000000001,7.4338800000000065,66.86,0,5,5,6,38
550.6470000000002,7.019180000000006,95.96000000000001,1,6,6,6,41
506.6340000000001,8.038880000000006,53.97,0,4,5,6,38
406.514,6.096180000000004,60.74,2,3,4,4,30
453.22600000000017,6.435980000000002,53.120000000000005,1,3,3,4,30
453.22600000000017,6.435980000000002,53.120000000000005,1,3,3,4,30
425.1970000000002,5.889880000000002,66.26,1,4,3,4,28
441.26500000000016,6.358380000000001,53.120000000000005,1,4,3,4,28
436.3150000000001,6.020180000000002,62.349999999999994,1,4,3,4,31
444.5540000000003,5.867180000000005,70.71000000000001,1,4,6,3,33
519.5330000000004,2.03638,131.52,2,9,5,3,38
514.5310000000003,4.041580000000003,99.89,1,7,6,3,37
588.6720000000005,3.3516800000000018,143.26,1,9,6,4,44
505.9910000000002,5.205880000000004,118.96000000000001,3,7,5,4,35
383.86400000000026,3.984980000000002,83.60000000000001,1,5,3,3,26
436.89900000000034,4.270680000000002,90.64,2,7,4,3,31
502.61900000000054,3.5292800000000026,114.34999999999998,2,6,6,2,37
494.5990000000004,4.834780000000005,114.76999999999998,2,5,6,3,37
494.5990000000004,4.834780000000005,114.76999999999998,2,5,6,3,37
462.55400000000037,3.3723800000000024,134.14,4,5,6,2,34
480.57200000000034,4.905880000000004,114.76999999999998,2,5,5,3,36
466.5890000000003,5.265680000000005,97.69999999999999,2,5,6,3,35
375.47600000000017,3.9580800000000025,93.6,3,4,4,2,28
394.42500000000007,3.3182800000000023,63.13,1,3,4,3,29
431.50000000000034,1.8003799999999992,108.22,2,9,5,3,32
444.4470000000001,1.8253799999999996,135.66,3,6,4,3,33
297.241,3.514380000000001,94.46000000000001,2,4,2,3,22
421.54500000000013,4.823780000000005,56.050000000000004,0,6,3,3,30
429.348,4.973580000000001,61.839999999999996,1,3,3,4,31
457.4940000000002,1.1337799999999998,117.24000000000002,0,8,6,3,34
383.4550000000001,3.6604800000000015,95.03999999999999,2,5,5,3,29
533.4670000000003,1.9352799999999997,153.54,2,8,5,2,38
549.4620000000004,2.5107800000000005,158.23,2,9,5,2,39
535.4830000000003,2.09938,162.32999999999998,3,8,9,2,38
516.4320000000002,3.1357800000000013,137.66,2,7,6,3,37
528.4470000000002,2.750580000000001,150.29999999999998,2,8,6,3,38
310.719,3.869780000000002,62.46,0,4,2,3,22
304.752,3.8196800000000017,59.03999999999999,1,3,5,2,21
474.4860000000003,5.490880000000004,86.17,2,5,3,4,35
284.225,2.948480000000001,75.6,0,5,2,3,21
266.235,2.809380000000001,75.6,0,5,2,3,20
382.3910000000001,4.234680000000003,70.82,0,4,4,3,27
324.4050000000001,3.328580000000002,64.33,1,4,4,2,23
384.3770000000001,3.213680000000002,50.580000000000005,0,3,4,1,27
350.3970000000001,2.955180000000002,50.580000000000005,0,3,4,2,26
487.71200000000005,5.361780000000002,79.19,1,4,6,3,30
530.5760000000001,3.624480000000003,114.17,3,8,6,3,37
548.5820000000002,4.685380000000003,147.67000000000002,3,8,7,5,41
472.37900000000036,3.927780000000003,129.55,1,7,6,3,34
468.3910000000003,5.090580000000004,114.17,1,6,5,4,34
504.5470000000003,1.3546799999999994,137.84,3,9,8,2,37
518.5740000000003,1.8741799999999997,151.82999999999998,3,9,9,2,38
518.5740000000003,1.6022799999999993,137.84,3,9,9,2,38
492.53600000000034,1.3415800000000002,151.82999999999998,3,9,9,2,36
305.381,3.2820800000000014,57.94,1,4,3,2,23
330.391,3.153760000000001,81.72999999999999,1,5,3,2,25
305.381,3.2820800000000014,57.94,1,4,3,2,23
433.8480000000002,3.8311800000000016,112.31,2,6,6,3,29
719.8149999999996,7.2299800000000065,141.92,3,10,12,5,50
339.37,2.554780000000001,88.14,2,4,5,2,25
301.393,3.5133800000000006,51.61,2,2,3,3,23
363.342,5.787380000000003,52.47,1,2,2,4,27
364.33,5.182380000000003,65.36,1,3,2,4,27
372.4720000000002,3.4377600000000017,102.7,2,4,5,2,28
374.4440000000002,2.28406,111.93,2,5,5,2,28
386.4990000000002,3.6837600000000013,102.7,2,4,5,2,29
358.4450000000001,2.918260000000001,88.71000000000001,2,4,5,2,27
372.47200000000015,3.293660000000001,102.7,2,4,5,2,28
374.44400000000013,2.154659999999999,97.94000000000001,2,5,5,2,28
374.4440000000001,1.8890599999999995,108.94000000000001,3,5,5,2,28
412.46400000000017,4.635580000000004,53.330000000000005,0,4,4,3,31
323.308,1.6987799999999997,95.68,1,6,2,2,24
371.44000000000017,3.5526800000000023,66.1,0,3,3,3,28
357.45700000000016,4.026080000000003,49.03,0,3,4,3,27
427.41400000000004,4.240180000000003,74.81,0,4,3,4,32
449.4450000000001,4.515580000000003,106.41,1,7,2,4,34
403.5550000000002,4.684680000000004,56.050000000000004,0,6,3,3,29
303.243,4.000180000000001,61.7,1,3,2,3,22
291.245,2.6810600000000013,99.39,0,6,2,3,22
443.42900000000014,3.220150000000001,123.07000000000001,3,4,3,2,32
382.37399999999997,1.9947799999999998,107.4,2,6,1,2,28
458.56200000000035,3.442980000000002,76.88000000000001,0,5,5,2,34
472.5890000000004,3.8330800000000034,76.88000000000001,0,5,5,2,35
432.5240000000003,2.9119800000000016,76.88000000000001,0,5,7,2,32
460.5780000000004,3.692180000000003,76.88000000000001,0,5,7,2,34
308.34099999999995,1.8664799999999997,87.04,2,5,3,2,23
375.38800000000015,1.9183799999999998,122.62,2,7,2,2,28
399.5010000000001,2.5603800000000003,113.39,2,8,3,2,27
312.25100000000003,2.42898,97.96,1,6,5,2,22
476.8990000000002,3.6692800000000014,108.05,1,8,4,4,34
302.377,3.5045800000000016,45.05,1,3,1,2,23
458.5590000000002,1.60338,85.67,1,6,8,2,32
345.4500000000001,3.553580000000002,67.74000000000001,2,4,5,3,26
478.5750000000003,5.086060000000005,80.67,1,5,7,4,36
460.58500000000026,4.946960000000004,80.67,1,5,7,4,35
479.5840000000003,4.773480000000004,94.18,2,5,8,4,36
504.56000000000023,5.489080000000005,69.77000000000001,1,5,7,4,37
401.4740000000001,1.4633799999999995,90.94,0,6,6,3,30
344.46200000000005,2.8327600000000013,54.06,0,4,6,2,26
364.4490000000001,2.8692800000000016,73.41,0,5,7,2,27
375.47200000000015,2.6314800000000007,56.57,0,5,6,2,28
454.36800000000017,3.3939800000000027,56.57,0,5,6,2,29
409.91700000000014,3.284880000000002,56.57,0,5,6,2,29
393.46200000000016,2.7705800000000016,56.57,0,5,6,2,29
459.4680000000002,3.5300800000000025,65.8,0,6,7,2,33
431.5360000000003,3.1726800000000015,65.8,0,6,8,2,32
361.4490000000001,2.497280000000001,69.19,0,6,6,3,27
465.57900000000024,1.6835599999999995,109.46,1,7,8,2,33
440.56900000000024,1.5628800000000003,85.67,1,6,8,2,31
451.55200000000025,1.2934599999999998,109.46,1,7,7,2,32
444.5320000000002,1.5608799999999998,85.67,1,6,7,2,31
451.55200000000025,1.2934600000000003,109.46,1,7,7,2,32
451.55200000000025,1.2934599999999998,109.46,1,7,7,2,32
451.5520000000002,1.7568599999999996,109.46,1,7,7,2,32
387.3690000000001,2.3369800000000005,73.35000000000001,0,6,3,3,28
730.687,8.588180000000005,79.68,1,4,9,4,51
697.7770000000002,7.5595800000000075,79.68,1,4,9,4,51
686.807,7.153060000000008,103.47,1,5,9,4,51
695.7860000000002,7.126080000000008,99.91000000000001,2,5,9,4,51
704.822,6.380280000000006,122.77000000000001,2,5,10,4,52
308.36600000000004,2.680180000000001,91.8,2,5,3,3,22
390.4030000000001,1.1030799999999998,135.26,3,8,4,3,29
472.5860000000002,1.74448,85.67,1,6,9,2,33
465.5790000000002,1.43456,109.46,1,7,8,2,33
585.6110000000003,5.4213800000000045,113.5,1,7,8,4,43
321.37999999999994,2.41568,88.13999999999999,2,4,5,2,24
372.42800000000005,2.730880000000001,78.25,1,5,4,3,28
281.34,3.329180000000001,71.92999999999999,1,5,3,3,20
555.6100000000004,4.887780000000004,113.5,1,7,9,4,41
555.6100000000004,4.887780000000004,113.50000000000001,1,7,9,4,41
595.5910000000002,4.519880000000004,142.24,1,10,9,5,44
555.5700000000004,3.7736800000000024,129.1,1,9,9,4,41
557.6010000000003,5.148580000000005,94.62,1,6,9,4,41
538.6080000000003,3.6912800000000026,116.74000000000001,1,8,9,4,40
539.5960000000002,3.0862800000000012,129.63,1,9,9,4,40
539.5960000000003,3.0862800000000012,129.63000000000002,1,9,9,4,40
440.5690000000002,1.5628799999999998,85.66999999999999,1,6,8,2,31
329.406,2.7240800000000007,96.83999999999999,1,6,3,3,22
297.408,4.042480000000002,62.7,1,5,3,3,20
516.4690000000003,5.116180000000005,76.8,1,5,8,2,35
571.6070000000002,6.144080000000005,95.80000000000001,1,7,8,5,42
425.4140000000001,3.973180000000002,83.60000000000001,1,4,6,3,31
418.92800000000005,4.437780000000004,61.92,0,3,7,3,30
442.5670000000002,2.7549799999999998,91.18,1,5,10,3,33
503.6500000000002,5.038980000000005,65.16,0,4,11,4,38
497.6470000000002,2.3113800000000007,80.43,1,6,10,3,37
498.63100000000026,2.7383800000000003,77.63000000000001,0,6,10,3,37
476.58400000000023,4.001380000000003,78.05000000000001,0,5,9,4,36
479.3380000000001,2.49148,103.91,1,6,6,3,31
419.91600000000005,3.4607800000000024,73.95,1,4,6,3,30
433.89900000000006,2.9873800000000017,91.02000000000001,1,5,6,3,31
415.4570000000001,1.3111799999999996,129.93,2,7,6,3,31
416.4410000000001,1.4345799999999997,124.14000000000001,2,7,6,3,31
432.50900000000007,2.01768,103.91,2,7,6,3,31
479.3380000000001,2.49148,103.91,1,6,6,3,31
419.9160000000001,3.3471800000000016,73.95,1,4,7,3,30
385.47100000000006,2.693780000000001,73.95,1,4,7,3,29
422.4920000000001,3.246380000000002,86.84,1,5,6,4,32
372.432,2.0931799999999994,86.84,1,5,6,3,28
467.57600000000014,2.606580000000001,107.25999999999999,0,8,5,3,32
361.4090000000001,2.00938,123.72000000000001,3,6,4,3,27
362.3970000000001,1.40438,136.61,3,7,4,3,27
414.47300000000024,2.6666800000000004,132.85000000000002,3,8,6,3,31
415.46100000000024,2.06168,145.74,3,9,6,3,31
415.46100000000024,2.06168,145.74,3,9,6,3,31
331.4630000000001,3.7031800000000024,30.270000000000003,0,3,4,2,25
497.6870000000004,5.1160800000000055,55.63,0,6,9,3,37
485.5880000000003,2.5266800000000007,101.08000000000001,2,6,5,3,36
388.42700000000013,2.19158,89.05000000000001,1,5,4,3,29
379.39900000000006,1.9573800000000001,123.72000000000001,3,6,4,3,28
379.39900000000006,1.9573800000000001,123.72000000000001,3,6,4,3,28
385.3980000000001,4.751280000000003,76.69,1,4,4,3,29
424.41600000000017,4.046680000000002,122.69000000000001,2,6,4,4,32
398.3970000000001,4.487580000000003,85.39,1,5,3,4,30
515.9210000000002,1.6698599999999995,165.87,2,10,7,4,37
525.3560000000001,2.45158,142.07999999999998,2,9,7,4,36
490.9110000000001,1.798179999999999,142.07999999999998,2,9,7,4,35
480.8720000000001,1.5255799999999988,160.95999999999998,2,10,9,4,34
336.3550000000001,1.6984599999999999,129.75,2,6,4,2,25
368.4810000000002,1.7543799999999992,68.6,1,5,4,1,27
382.50800000000027,2.144479999999999,68.6,1,5,4,1,28
431.27200000000016,2.8185800000000016,90.63,1,5,5,2,27
498.64900000000017,2.2218800000000005,94.89999999999999,1,7,12,2,35
484.6220000000001,2.08078,94.89999999999999,1,7,11,2,34
462.49400000000014,1.15138,94.89999999999999,1,7,9,1,31
552.6190000000003,2.850580000000001,94.89999999999999,1,7,11,2,38
519.0670000000002,2.4851800000000006,94.89999999999999,1,7,11,2,35
484.62200000000024,1.8317800000000006,94.89999999999999,1,7,11,2,34
495.60500000000025,1.5623600000000004,118.68999999999998,1,8,10,2,35
488.5850000000002,1.8297799999999995,94.89999999999999,1,7,10,2,34
506.5750000000002,1.9688799999999995,94.89999999999999,1,7,10,2,35
512.6320000000004,1.6255800000000002,104.13,1,8,10,2,36
495.60500000000025,1.5623600000000004,118.68999999999998,1,8,10,2,35
488.5850000000002,1.8297799999999995,94.89999999999999,1,7,10,2,34
470.5950000000002,1.6906800000000002,94.89999999999999,1,7,10,2,33
495.60500000000025,1.56236,118.68999999999998,1,8,10,2,35
554.5910000000002,2.5892800000000005,104.13,1,8,11,2,38
484.6220000000002,1.8317800000000006,94.89999999999999,1,7,11,2,34
506.57500000000016,1.9688799999999995,94.89999999999999,1,7,10,2,35
488.58500000000015,1.8297799999999995,94.89999999999999,1,7,10,2,34
524.5650000000002,2.1079799999999995,94.89999999999999,1,7,10,2,36
506.57500000000016,1.9688799999999995,94.89999999999999,1,7,10,2,35
488.58500000000015,1.8297799999999997,94.89999999999999,1,7,10,2,34
470.59500000000014,1.6906800000000002,94.89999999999999,1,7,10,2,33
488.58500000000015,1.82978,94.89999999999999,1,7,10,2,34
538.5920000000002,2.4604800000000004,94.89999999999999,1,7,10,2,37
488.5850000000002,1.5807800000000007,94.89999999999999,1,7,10,2,34
470.5950000000002,1.441680000000001,94.89999999999999,1,7,10,2,33
481.5780000000002,1.1722600000000012,118.68999999999998,1,8,9,2,34
492.5480000000002,1.5787799999999996,94.89999999999999,1,7,9,2,34
474.55800000000016,1.4396799999999998,94.89999999999999,1,7,9,2,33
492.5480000000002,1.5787799999999999,94.89999999999999,1,7,9,2,34
516.5950000000004,1.3745800000000004,104.13,1,8,9,2,36
498.6050000000003,1.2354800000000006,104.13,1,8,9,2,35
481.5780000000002,1.1722600000000012,118.68999999999998,1,8,9,2,34
491.01300000000015,1.9539799999999998,94.89999999999999,1,7,9,2,33
492.5480000000002,1.5787799999999996,94.89999999999999,1,7,9,2,34
474.55800000000016,1.4396799999999998,94.89999999999999,1,7,9,2,33
474.55800000000016,1.4396800000000003,94.89999999999999,1,7,9,2,33
456.56800000000015,1.3005800000000005,94.89999999999999,1,7,9,2,32
481.5780000000002,1.1722600000000012,118.68999999999998,1,8,9,2,34
474.55800000000016,1.4396800000000003,94.89999999999999,1,7,9,2,33
368.4810000000002,1.7543799999999992,68.6,1,5,4,1,27
382.50800000000027,2.144479999999999,68.6,1,5,4,1,28
325.41200000000003,1.7062799999999998,79.35,1,5,3,1,24
339.4390000000001,2.09638,79.35,1,5,3,1,25
365.4770000000001,2.3423800000000004,79.35,1,5,3,1,27
460.3140000000002,2.14588,116.65,2,6,5,2,29
426.85700000000014,0.8874800000000003,129.54000000000002,2,7,5,2,28
303.325,3.46638,96.85,2,6,4,3,23
428.8320000000001,4.210560000000002,115.87,1,6,5,3,29
373.4560000000002,4.151380000000004,58.26,0,4,5,3,28
358.40100000000007,2.944180000000001,78.25,1,5,3,3,27
387.43900000000014,4.290080000000003,75.45,0,5,5,3,29
402.4100000000001,2.2359799999999996,104.55000000000001,1,6,5,3,30
388.4270000000001,2.7093800000000003,87.48,1,6,5,3,29
389.4110000000001,3.1363800000000017,84.68,0,6,5,3,29
376.37200000000007,1.8790799999999994,127.33000000000001,2,6,7,3,28
373.4560000000001,4.763480000000004,58.38,0,5,6,3,28
408.44500000000005,3.614480000000003,61.17,0,4,5,2,28
390.45500000000004,3.317280000000002,61.17,0,4,5,2,27
490.3900000000002,1.40168,141.56,2,7,5,2,30
491.37400000000014,1.43528,135.77,2,7,5,2,30
491.37800000000016,0.7966800000000003,154.45000000000002,2,8,5,2,30
491.37800000000016,0.7966800000000003,154.45000000000002,2,8,5,2,30
502.61200000000025,2.21988,94.89999999999999,1,7,11,2,35
506.5750000000002,1.9688799999999995,94.89999999999999,1,7,10,2,35
513.5950000000003,1.7014600000000006,118.68999999999998,1,8,10,2,36
490.5760000000002,2.13258,85.66999999999999,1,6,9,2,34
490.5760000000002,2.13258,85.66999999999999,1,6,9,2,34
472.5860000000002,1.9934799999999997,85.66999999999999,1,6,9,2,33
472.5860000000002,1.99348,85.66999999999999,1,6,9,2,33
472.5860000000002,1.9934799999999997,85.66999999999999,1,6,9,2,33
458.55900000000014,1.9509799999999993,85.66999999999999,1,6,8,2,32
440.56900000000013,1.8118799999999993,85.66999999999999,1,6,8,2,31
531.5850000000004,1.8405599999999984,118.68999999999998,1,8,10,2,37
506.5750000000003,1.9688799999999986,94.89999999999999,1,7,10,2,35
513.5950000000004,1.7014599999999998,118.68999999999998,1,8,10,2,36
506.5750000000003,1.9688799999999989,94.89999999999999,1,7,10,2,35
488.58500000000026,1.829779999999999,94.89999999999999,1,7,10,2,34
506.5750000000003,1.968879999999999,94.89999999999999,1,7,10,2,35
488.58500000000026,1.829779999999999,94.89999999999999,1,7,10,2,34
488.58500000000026,1.8297799999999995,94.89999999999999,1,7,10,2,34
488.58500000000026,1.5774800000000004,94.89999999999999,1,7,10,2,34
492.54800000000023,1.578779999999999,94.89999999999999,1,7,9,2,34
499.56800000000027,1.31136,118.68999999999998,1,8,9,2,35
474.5580000000002,1.4396799999999994,94.89999999999999,1,7,9,2,33
474.5580000000002,1.4396799999999998,94.89999999999999,1,7,9,2,33
476.5490000000002,1.7424799999999991,85.66999999999999,1,6,8,2,33
508.5660000000002,2.483080000000001,85.66999999999999,1,6,8,2,35
475.01400000000024,2.11768,85.66999999999999,1,6,8,2,32
476.5490000000002,1.7424799999999994,85.66999999999999,1,6,8,2,33
458.5590000000002,1.6033799999999996,85.66999999999999,1,6,8,2,32
476.5490000000002,1.7424799999999996,85.66999999999999,1,6,8,2,33
458.5590000000002,1.6033799999999996,85.66999999999999,1,6,8,2,32
440.5690000000002,1.4642800000000002,85.66999999999999,1,6,8,2,31
458.5590000000002,1.60338,85.66999999999999,1,6,8,2,32
483.5690000000002,2.0421799999999997,101.46,2,6,7,3,34
465.5790000000002,1.9030799999999992,101.46,2,6,7,3,33
469.5420000000002,1.4325599999999992,109.46,1,7,7,2,33
444.53200000000015,1.5608799999999994,85.66999999999999,1,6,7,2,31
492.5480000000002,2.023179999999999,94.89999999999999,1,7,9,2,34
451.5520000000002,1.2934599999999994,109.46,1,7,7,2,32
466.5630000000002,2.167979999999999,98.80999999999999,1,7,7,3,33
467.5510000000002,1.5629799999999996,111.69999999999999,1,8,7,3,33
467.5510000000002,1.5629799999999994,111.69999999999999,1,8,7,3,33
403.891,2.8818800000000007,94.29,1,5,3,2,27
501.5090000000002,2.3326800000000008,118.35000000000001,3,6,6,2,36
453.50200000000024,4.970880000000004,124.78,2,6,6,4,34
459.5500000000003,4.515480000000004,115.13000000000001,2,6,6,3,34
569.647,3.4637800000000016,159.99,2,8,7,5,41
491.55500000000023,4.211380000000003,112.72,1,7,6,5,37
390.41800000000006,4.626880000000003,82.01,1,4,2,3,29
372.42800000000005,4.4877800000000025,82.01,1,4,2,3,28
373.41600000000005,3.882780000000002,94.9,1,5,2,3,28
536.7010000000001,6.555980000000006,92.75,2,4,8,5,39
587.8120000000002,7.059580000000008,66.37,1,5,12,4,44
441.5350000000002,4.029580000000003,102.28999999999999,2,5,7,4,33
504.6380000000002,4.875780000000004,83.85,2,4,8,5,38
537.6890000000001,5.376180000000005,85.13,1,5,8,5,39
522.6740000000002,6.165880000000006,92.75,2,4,7,5,38
490.6110000000002,4.485680000000004,83.85,2,4,7,5,37
523.6620000000003,4.986080000000005,85.13,1,5,7,5,38
508.6470000000002,5.7757800000000055,92.75,2,4,6,5,37
476.58400000000023,4.095580000000003,83.85,2,4,6,5,36
509.6350000000002,4.595980000000004,85.13,1,5,6,5,37
431.4480000000002,2.7877800000000006,104.8,1,7,4,3,32
477.5760000000003,3.5465800000000005,123.63999999999999,2,8,2,4,36
438.5750000000002,4.843480000000004,69.02000000000001,1,4,5,3,33
463.9730000000002,3.386680000000002,107.09,2,7,4,3,33
462.5100000000003,1.2637799999999997,119.82000000000001,2,8,6,2,34
479.01300000000026,3.5549800000000014,143.76,3,9,3,3,33
477.57600000000025,3.5465800000000023,123.64,2,8,2,4,36
252.31699999999998,2.5899800000000006,45.05,1,3,3,2,19
433.8990000000002,3.4528800000000013,83.18,1,5,0,3,31
478.3500000000003,3.561980000000001,83.18,1,5,0,3,31
425.4920000000002,3.286780000000001,83.18,1,5,0,3,32
425.4920000000002,3.286780000000001,83.18,1,5,0,3,32
439.5190000000002,3.6768800000000015,83.18,1,5,0,3,33
411.5090000000001,4.091180000000003,66.11,1,5,0,3,31
439.5190000000002,3.6768800000000015,83.18,1,5,0,3,33
441.4910000000002,3.1230800000000007,92.41,1,6,0,3,33
441.4910000000002,3.1230800000000007,92.41,1,6,0,3,33
425.4920000000002,3.286780000000001,83.18,1,5,0,3,32
425.4920000000002,3.286780000000001,83.18,1,5,0,3,32
463.4970000000003,3.526180000000002,100.25,1,5,0,4,35
449.5140000000003,3.9995800000000035,83.18,1,5,0,4,34
435.48700000000025,3.957080000000004,83.18,1,5,0,4,33
463.4970000000003,3.526180000000002,100.25,1,5,0,4,35
449.5140000000003,3.9995800000000035,83.18,1,5,0,4,34
435.48700000000025,3.957080000000004,83.18,1,5,0,4,33
461.52500000000026,4.470880000000004,83.18,1,5,0,4,35
509.99700000000024,5.042280000000005,83.18,1,5,1,4,37
475.55200000000025,4.388880000000004,83.18,1,5,1,4,36
399.4540000000001,2.799480000000001,83.18,1,5,0,3,30
399.4540000000001,2.799480000000001,83.18,1,5,0,3,30
514.5420000000003,2.5252800000000004,138.57999999999998,2,8,6,3,38
445.5230000000003,2.2935799999999995,92.41000000000001,1,7,6,3,33
463.51300000000026,2.24158,92.41000000000001,1,7,6,3,34
461.5220000000003,1.2643799999999992,112.64000000000001,2,8,6,3,34
476.5120000000002,1.8012799999999989,112.28000000000002,2,7,6,3,35
474.52100000000024,0.8240799999999997,132.51000000000002,3,8,6,3,35
463.51300000000026,2.24158,92.41000000000001,1,7,6,3,34
463.51300000000026,2.24158,92.41000000000001,1,7,6,3,34
461.5220000000003,1.2643799999999992,112.64000000000001,2,8,6,3,34
474.52100000000024,0.8240799999999997,132.51000000000002,3,8,6,3,35
500.51500000000027,2.135179999999999,138.57999999999998,2,8,5,3,37
266.34399999999994,3.0898800000000017,45.05,1,3,3,2,20
347.2050000000001,3.5305800000000014,87.86,2,4,3,3,23
495.54300000000035,2.9032600000000013,145.84000000000003,2,9,6,3,37
488.52300000000025,3.170680000000001,122.05,2,8,6,3,36
432.55300000000017,3.1847800000000017,69.57,0,6,6,4,31
417.3660000000001,3.7786800000000023,74.28999999999999,0,4,2,3,30
399.3760000000001,3.6395800000000023,74.28999999999999,0,4,2,3,29
359.429,3.4649800000000024,68.74,1,3,3,3,27
379.43800000000005,5.528980000000005,49.57,0,3,5,4,29
456.49600000000027,5.351780000000004,86.17,2,5,3,4,34
438.50600000000026,5.212680000000005,86.17,2,5,3,4,33
395.89300000000003,6.043280000000005,49.57,0,3,5,4,29
443.4290000000001,3.220150000000001,123.07000000000001,3,4,3,2,32
401.4740000000001,1.4633799999999995,90.94,0,6,6,3,30
364.44900000000007,2.8692800000000016,73.41,0,5,7,2,27
321.38,2.41568,88.13999999999999,2,4,5,2,24
516.4690000000004,5.116180000000004,76.8,1,5,8,2,35
508.9010000000002,1.937279999999999,142.07999999999998,2,9,7,4,36
497.8740000000002,2.2696799999999993,148.07,2,9,9,4,35
402.49800000000016,3.636680000000002,72.51,1,5,7,3,30
366.38700000000006,3.074580000000002,50.580000000000005,0,3,4,1,26
332.4070000000001,2.8160800000000012,50.580000000000005,0,3,4,2,25
469.72200000000004,5.222680000000003,79.19,1,4,6,3,29
487.71200000000005,5.361780000000002,79.19,1,4,6,3,30
318.31600000000003,3.899280000000002,52.89,1,2,4,3,23
376.46000000000015,3.4459800000000023,69.46000000000001,0,5,4,2,28
390.45500000000004,3.317280000000002,61.17,0,4,5,2,27
499.56800000000027,1.31136,118.68999999999998,1,8,9,2,35
500.5210000000002,2.937680000000001,105.46000000000001,3,5,6,2,36
311.34400000000005,3.7767800000000014,65.78,1,3,1,3,24
433.4680000000002,2.00408,116.58000000000003,2,7,6,2,32
477.5760000000003,3.5465800000000005,123.63999999999999,2,8,2,4,36
305.381,3.2820800000000014,57.94,1,4,3,2,23
321.38,2.41568,88.13999999999999,2,4,5,2,24
516.4690000000003,5.116180000000004,76.8,1,5,8,2,35
425.4960000000001,2.634080000000001,116.62,2,6,4,4,32
427.30600000000004,2.33458,103.72999999999999,2,5,3,3,27
427.30600000000004,2.33458,103.72999999999999,2,5,3,3,27
307.35299999999995,2.6289800000000003,88.13999999999999,2,4,4,2,23
390.45500000000004,3.317280000000002,61.17,0,4,5,2,27
390.45500000000004,3.8699800000000035,61.17,0,3,5,2,27
508.5480000000002,4.458980000000002,93.94,2,6,6,3,37
314.34800000000007,3.4547800000000004,91.8,2,4,3,3,24
390.4380000000002,0.6733799999999999,75.5,1,6,3,1,28
360.3670000000001,3.5250800000000018,61.07,1,4,3,3,27
390.3930000000001,2.885980000000001,81.3,2,5,4,3,29
552.6830000000002,3.042580000000001,131.16000000000003,2,9,6,3,41
325.307,2.14048,115.53,1,7,3,3,24
488.6360000000004,4.0026800000000025,97.28,2,6,7,2,36
419.5290000000002,3.6627800000000024,105.03999999999999,3,5,6,2,31
409.8330000000002,2.5717800000000004,122.62,2,7,2,2,29
362.3970000000001,1.4043799999999995,136.61,3,7,4,3,27
384.3750000000001,1.9103799999999995,147.64999999999998,3,9,9,3,28
405.43700000000007,2.6932800000000006,107.78,3,8,6,3,30
419.48900000000026,1.543779999999999,128.01,4,9,5,2,31
351.4140000000001,1.76458,107.78,3,8,6,2,26
405.43700000000007,2.6932800000000006,107.78,3,8,6,3,30
379.346,1.9059799999999998,107.78,3,8,5,2,27
345.794,1.5405799999999998,107.78,3,8,5,2,24
382.78600000000006,2.9162800000000018,92.03,1,5,4,4,27
515.5300000000003,1.920279999999999,151.46999999999997,2,9,6,3,38
501.50300000000027,1.5301799999999992,151.46999999999997,2,9,5,3,37
517.5710000000003,2.243479999999999,142.23999999999998,2,9,5,3,37
404.54300000000023,4.079680000000002,68.94,0,7,3,3,29
473.4330000000001,5.183980000000003,87.95,1,5,3,4,35
404.54300000000023,4.079680000000003,68.94,0,7,3,3,29
470.71,4.617680000000003,92.08000000000001,1,5,6,3,29
448.4050000000001,2.6741800000000007,104.47,0,8,5,2,32
422.36700000000013,2.14318,104.47,0,8,5,2,30
432.3660000000001,2.05068,117.09,0,10,5,3,31
432.3660000000001,2.05068,117.09,0,10,5,3,31
432.3660000000001,2.05068,117.09,0,10,5,3,31
481.9920000000003,2.08958,124.91000000000001,2,8,6,3,34
321.258,3.051280000000001,86.87,1,4,4,2,23
390.409,3.4233800000000025,73.04,1,5,5,2,28
374.40999999999997,4.452580000000004,52.81,0,4,5,2,27
326.4880000000001,4.2045800000000035,52.81,0,4,5,1,24
376.382,3.2988800000000014,62.040000000000006,0,5,5,2,27
419.40700000000004,2.15278,105.13000000000001,1,6,6,2,30
389.381,2.57418,104.69000000000001,2,5,7,2,28
403.408,2.9642800000000005,104.69000000000001,2,5,7,2,29
433.434,2.5907800000000005,113.92000000000002,2,6,7,2,31
364.327,2.640880000000001,98.9,2,5,7,2,26
388.315,4.118580000000002,61.6,1,4,6,2,27
363.343,2.0415799999999997,104.69000000000001,2,5,7,2,26
388.357,2.2695799999999995,116.06000000000002,2,7,7,3,28
383.37700000000007,4.473780000000002,74.49000000000001,1,5,6,3,28
307.275,2.9589800000000013,69.8,1,4,4,2,22
337.3860000000001,4.175580000000003,74.49000000000001,1,5,4,4,26
388.42700000000025,2.4921800000000003,102.75,1,7,1,2,29
489.41900000000004,6.243900000000005,70.97,2,3,5,4,35
559.4980000000002,3.850200000000001,121.08000000000001,4,7,0,2,38
545.4710000000001,3.4601000000000006,121.08000000000001,4,7,0,2,37
531.4440000000001,3.0700000000000003,121.08000000000001,4,7,0,2,36
561.5140000000002,4.074200000000001,121.08000000000001,4,7,0,2,38
547.4870000000002,3.684100000000001,121.08000000000001,4,7,0,2,37
462.39300000000003,6.941970000000005,56.11,3,2,4,4,33
374.42300000000006,3.755670000000003,98.65,4,4,6,3,28
392.41300000000007,3.894770000000003,98.65,4,4,6,3,29
435.32900000000006,4.379070000000003,98.65,4,4,6,3,28
390.87800000000004,4.2699700000000025,98.65,4,4,6,3,28
322.37600000000003,0.9875400000000005,148.52,6,4,5,2,24
311.30500000000006,0.67747,169.93000000000004,5,7,2,3,23
393.4510000000003,2.47567,147.15,4,7,3,3,29
229.63099999999997,-1.0823299999999998,156.79,5,6,1,1,15
311.777,0.7158699999999998,134.01,4,6,2,1,21
406.87300000000016,4.751370000000002,97.16000000000001,3,4,6,4,29
340.42699999999996,2.8828400000000007,118.2,4,4,10,2,25
321.783,3.884470000000003,57.14,3,2,6,2,22
413.23400000000004,3.835670000000003,57.14,3,2,6,2,22
395.2880000000003,4.196270000000003,47.910000000000004,3,1,2,1,21
326.46899999999994,3.3000700000000016,51.150000000000006,3,4,3,2,23
358.51099999999997,2.910170000000001,71.38000000000001,4,5,8,2,25
344.4839999999999,2.5200700000000005,71.38000000000001,4,5,7,2,24
326.46899999999994,3.3000700000000016,51.150000000000006,3,4,3,2,23
540.407,5.0149700000000035,135.48,4,5,6,3,37
540.4070000000002,5.0149700000000035,135.48,4,5,6,3,37
496.39800000000025,5.704270000000004,98.18,3,4,5,3,34
510.55500000000035,-2.091659999999995,193.97,8,7,4,1,37
387.8730000000001,5.112170000000003,70.19,1,6,3,3,25
428.296,3.2561000000000018,99.58000000000001,1,5,4,3,30
600.5980000000002,3.1885000000000012,150.57999999999998,3,9,11,3,43
427.8960000000002,1.2518000000000011,143.01999999999998,4,6,5,3,30
517.9520000000001,3.5858000000000017,111.53,1,7,5,5,37
512.3720000000002,4.5915000000000035,94.23,1,6,5,4,35
517.9520000000001,3.5858000000000025,111.53,1,7,5,5,37
500.5090000000002,3.6765000000000025,98.64,1,6,5,5,37
501.4970000000002,3.0715000000000012,111.53,1,7,5,5,37
495.3700000000001,3.847400000000003,107.12,1,7,5,4,34
479.4620000000003,3.5629000000000026,94.23,1,6,5,4,35
495.91700000000026,4.077200000000003,94.23,1,6,5,4,35
477.92700000000025,3.938100000000003,94.23,1,6,5,4,34
484.4950000000003,2.3274,124.42,1,8,5,5,36
483.5070000000003,2.9324000000000012,111.53,1,7,5,5,36
535.0040000000002,4.547800000000004,107.12,1,8,5,5,37
535.0040000000004,4.547800000000003,107.12,1,8,5,5,37
500.5590000000003,3.8944000000000027,107.12,1,8,5,5,36
500.5590000000003,3.8944000000000027,107.12,1,8,5,5,36
517.9520000000003,3.5858000000000025,111.53,1,7,5,5,37
323.342,3.784500000000002,43.09,1,1,4,3,24
426.5600000000003,3.957500000000003,55.56,1,3,7,3,32
477.92700000000025,3.938100000000003,94.23,1,6,5,4,34
461.47200000000026,3.4238000000000026,94.23,1,6,5,4,34
443.48200000000026,3.2847000000000017,94.23,1,6,5,4,33
478.9150000000003,3.3331000000000017,107.12,1,7,5,4,34
477.9270000000003,3.938100000000002,94.23,1,6,5,4,34
398.48800000000017,3.059700000000001,90.57000000000001,1,7,7,3,28
382.48900000000015,3.2234000000000016,81.34,1,6,6,3,27
367.47400000000016,3.7859000000000025,68.45,1,5,5,3,26
368.46200000000016,3.180900000000001,81.34,1,6,5,3,26
274.1510000000001,2.0900999999999996,59.220000000000006,1,3,2,1,17
474.4110000000002,0.9223999999999999,122.04000000000002,2,5,7,1,33
490.63300000000027,3.422200000000001,117.58000000000001,3,7,6,3,35
472.9770000000003,2.3742,102.65000000000002,1,7,7,3,33
352.35,1.4023999999999999,116.43,2,6,7,3,26
350.4590000000001,2.078599999999999,82.81000000000002,2,5,4,0,25
524.9400000000003,2.6617000000000006,136.58,2,9,7,4,37
567.4480000000002,5.136800000000004,101.45000000000002,2,4,6,4,39
528.5790000000003,3.5482000000000014,116.14000000000001,4,5,8,3,38
387.44300000000004,2.7982000000000005,116.92000000000002,4,5,7,4,29
524.9400000000003,2.049599999999999,136.46,2,8,6,4,37
420.90400000000017,4.327100000000003,92.83,2,3,3,4,30
446.9420000000002,4.5812000000000035,103.06000000000002,2,4,3,4,32
517.0330000000001,4.835600000000005,89.51,1,5,4,4,37
431.9270000000002,4.999000000000003,77.04,1,3,3,4,31
420.90400000000017,4.327100000000003,92.83,2,3,3,4,30
432.91500000000025,4.394000000000004,89.93000000000002,1,4,3,4,31
420.90400000000017,4.122700000000004,81.97000000000001,1,3,3,4,30
420.90400000000017,4.122700000000004,81.97000000000001,1,3,3,4,30
509.6350000000003,4.336200000000003,87.48000000000002,2,5,5,4,37
417.44800000000015,2.822300000000001,93.17,1,5,3,4,31
236.274,3.3872000000000018,46.330000000000005,1,1,0,2,18
447.93000000000023,3.7730000000000024,101.96,2,5,4,4,32
362.4300000000001,2.5266,96.25,4,4,4,2,25
447.5020000000001,4.856500000000003,118.71000000000001,3,6,6,5,34
449.91000000000025,3.179100000000002,97.05000000000001,3,5,6,2,31
447.91900000000027,2.7456000000000014,117.28000000000002,4,6,6,2,31
404.898,2.392500000000001,91.06,3,5,7,2,28
431.92000000000013,3.040000000000002,97.05000000000001,3,5,6,2,30
447.5020000000001,4.856500000000003,118.71000000000001,3,6,6,5,34
344.44000000000017,2.3875,96.25,4,4,4,2,24
601.6680000000003,1.9456999999999993,168.14,3,10,7,3,44
328.387,3.073200000000001,64.35000000000001,2,3,5,2,24
314.36,2.6831000000000005,64.35000000000001,2,3,5,2,23
314.35999999999996,2.6831000000000005,64.35000000000001,2,3,5,2,23
314.36,2.6831000000000005,64.35000000000001,2,3,5,2,23
296.37,2.5440000000000005,64.35000000000001,2,3,5,2,22
314.36,2.6831000000000005,64.35000000000001,2,3,5,2,23
332.35,2.8222000000000005,64.35000000000001,2,3,5,2,24
315.348,2.0781,77.24000000000001,2,4,5,2,23
300.33299999999997,2.8964000000000008,64.35000000000001,2,3,4,2,22
300.33299999999997,2.8964000000000008,64.35000000000001,2,3,4,2,22
282.343,2.7573000000000008,64.35000000000001,2,3,4,2,21
296.37,2.5440000000000005,64.35000000000001,2,3,5,2,22
282.343,2.7573000000000008,64.35000000000001,2,3,4,2,21
346.427,2.6361000000000008,64.35000000000001,2,4,5,2,24
346.377,2.8024000000000013,55.56,1,3,6,2,25
356.372,3.6366000000000023,59.470000000000006,1,3,4,3,26
328.387,3.073200000000001,64.35000000000001,2,3,5,2,24
314.36,2.6831000000000005,64.35000000000001,2,3,5,2,23
314.36,2.6831000000000005,64.35000000000001,2,3,5,2,23
334.30100000000004,2.9467,86.93,2,3,3,3,24
355.753,3.3008000000000006,78.10000000000001,1,5,4,3,23
532.5460000000002,3.2688000000000015,119.18999999999998,2,7,7,3,38
579.1260000000004,5.122900000000004,132.35,5,5,10,4,40
405.9310000000004,3.8111000000000024,84.22,3,3,3,2,27
421.9300000000004,3.047500000000001,93.45,3,4,3,2,28
433.4050000000002,4.075400000000003,68.45,1,4,4,3,31
372.403,3.7150000000000016,81.76,1,4,5,4,28
377.37500000000017,2.788800000000001,93.36,1,4,4,3,28
432.4210000000001,3.475900000000002,71.25,2,4,4,3,31
433.40500000000014,3.9029000000000025,68.45,1,4,4,3,31
365.36400000000015,3.0920000000000014,85.52,1,4,4,3,27
377.341,3.7917000000000014,68.01,2,3,5,3,27
412.49000000000024,3.6239000000000026,80.48,2,6,6,3,29
377.27500000000015,3.128000000000001,72.94,2,3,2,2,25
407.3010000000002,2.8970000000000002,82.17,2,4,2,2,27
421.32800000000026,3.1446000000000005,82.17,2,4,2,2,28
422.31600000000026,1.7064,94.2,3,5,2,2,28
423.30000000000024,2.1334,91.40000000000002,2,5,2,2,28
434.3270000000003,2.3404000000000007,93.25000000000001,2,4,3,2,29
353.25300000000016,3.243900000000001,72.94,2,3,3,2,23
353.25300000000016,3.243900000000001,72.94,2,3,3,2,23
353.25300000000016,3.243900000000001,72.94,2,3,3,2,23
439.0840000000002,2.9711000000000007,72.94,2,3,2,2,21
332.81600000000003,2.4608,72.42,2,4,2,3,22
332.81600000000003,2.4608,72.42,2,4,2,3,22
354.425,3.4990000000000023,55.56000000000001,1,3,5,2,26
368.39300000000014,0.8192999999999993,105.83,1,6,4,2,27
337.42299999999994,2.754900000000001,68.45000000000002,1,4,5,2,25
319.408,2.7406000000000006,70.91,3,2,4,3,24
452.392,4.417200000000002,111.1,2,4,5,4,33
458.4970000000003,3.445800000000002,118.81000000000002,3,6,5,4,34
433.47500000000014,3.8598000000000026,119.57000000000001,2,7,6,5,33
432.48700000000014,4.464800000000003,106.68,2,6,6,5,33
494.9140000000002,2.8965000000000014,127.35000000000001,2,8,5,4,35
320.39199999999994,2.7318000000000016,64.35000000000001,2,3,2,2,24
359.4250000000002,4.060500000000002,80.39,2,2,7,3,27
392.46700000000004,2.1865999999999994,136.77,4,7,6,3,29
364.45300000000003,3.0872,121.85,5,5,5,3,27
368.868,3.751100000000002,82.94,4,3,4,3,26
352.41299999999995,3.2368000000000015,82.94,4,3,4,3,26
352.41299999999995,3.2368000000000015,82.94,4,3,4,3,26
334.42299999999994,3.0977000000000015,82.94,4,3,4,3,25
354.42499999999995,3.4990000000000023,55.56000000000001,1,3,5,2,26
336.43499999999995,3.3599000000000023,55.56000000000001,1,3,5,2,25
337.42299999999994,2.754900000000001,68.45000000000002,1,4,5,2,25
347.418,3.305100000000002,77.24000000000001,2,4,8,3,26
408.47,2.544500000000001,80.47,1,4,6,2,28
399.418,4.066900000000002,77.23,1,3,5,3,28
497.02800000000025,2.7822000000000013,163.06,4,9,4,3,34
334.46299999999997,3.771200000000003,46.330000000000005,1,2,5,2,25
334.46299999999997,3.771200000000003,46.330000000000005,1,2,5,2,25
335.45099999999996,3.3930000000000025,58.36000000000001,2,3,5,2,25
362.47300000000007,3.849000000000003,55.56000000000001,1,3,5,2,27
328.45600000000013,3.4924000000000026,55.56000000000001,1,3,4,1,24
376.5000000000001,4.237300000000004,55.56000000000001,1,3,4,2,28
357.4540000000001,1.7820999999999998,75.87,1,4,5,1,26
379.46,2.798400000000001,84.66000000000001,2,4,6,2,28
300.402,2.569700000000001,55.56000000000001,1,3,5,1,22
342.4830000000001,3.740000000000003,55.56000000000001,1,3,5,1,25
364.48900000000003,3.792500000000003,55.56000000000001,1,3,7,2,27
350.462,3.4024000000000028,55.56000000000001,1,3,6,2,26
380.4440000000001,3.0886000000000013,74.02000000000001,1,5,5,2,28
336.43499999999995,3.3599000000000023,55.56000000000001,1,3,5,2,25
337.42299999999994,2.754900000000001,68.45000000000002,1,4,5,2,25
337.42299999999994,2.754900000000001,68.45000000000002,1,4,5,2,25
342.46399999999994,3.421400000000002,55.56000000000001,1,4,5,2,24
337.42299999999994,2.754900000000001,68.45000000000002,1,4,5,2,25
342.4830000000001,3.740000000000003,55.56000000000001,1,3,5,1,25
336.43499999999995,3.3599000000000023,55.56000000000001,1,3,5,2,25
337.42299999999994,2.754900000000001,68.45000000000002,1,4,5,2,25
408.4700000000001,2.5445,80.47,1,4,6,2,28
399.41800000000006,4.066900000000003,77.23,1,3,5,3,28
352.50300000000004,4.0732000000000035,46.330000000000005,1,3,5,2,25
368.502,3.088700000000002,69.39,1,3,5,2,26
497.02800000000025,2.7822000000000005,163.06000000000003,4,9,4,3,34
724.7009999999998,1.8672,185.38,2,13,8,4,52
320.396,2.591400000000001,72.94,2,3,3,3,24
518.6390000000001,3.5683000000000025,97.87,1,6,9,4,37
336.435,3.3599000000000023,55.56000000000001,1,3,5,2,25
399.418,4.066900000000002,77.23,1,3,5,3,28
258.23699999999997,1.8322999999999998,111.15,2,5,4,2,19
366.40000000000015,2.434100000000001,98.72,2,5,6,3,27
405.49800000000016,4.467700000000004,86.35,2,3,10,3,30
447.5390000000002,2.876900000000001,92.82999999999998,2,5,8,3,33
433.51200000000017,2.4867999999999997,92.82999999999998,2,5,7,3,32
337.423,2.754900000000001,68.45,1,4,5,2,25
344.16800000000006,2.2471000000000005,77.98,1,3,2,3,21
448.95800000000025,3.121900000000002,89.93,1,5,4,3,32
384.44000000000017,2.7669000000000015,106.68,2,7,6,3,27
479.34400000000005,4.361900000000001,119.57000000000001,2,7,4,4,34
396.5160000000001,2.6129000000000007,91.48,3,6,6,3,28
456.6150000000002,4.863300000000004,71.25,2,5,7,4,33
380.374,2.2654000000000005,110.16000000000001,3,6,4,2,27
386.45900000000006,3.805600000000002,112.48000000000002,4,4,6,4,29
413.4850000000001,3.4547000000000008,135.60000000000002,4,6,6,4,31
413.4850000000001,3.4547000000000008,135.60000000000002,4,6,6,4,31
393.45500000000004,1.5815999999999988,149.65999999999997,4,8,6,3,29
365.44100000000003,2.4821999999999997,134.74,5,6,5,3,27
440.4290000000001,4.2120000000000015,122.71000000000001,4,5,5,4,32
414.391,3.9579000000000013,112.48000000000002,4,4,5,4,30
441.4170000000001,3.607000000000001,135.60000000000002,4,6,5,4,32
370.453,3.3652000000000015,80.04,3,5,4,3,26
352.46299999999997,3.2261000000000015,80.04,3,5,4,3,25
358.49199999999996,3.287600000000001,80.04,3,6,4,3,24
358.49199999999996,3.287600000000001,80.04,3,6,4,3,24
370.45300000000003,3.3652000000000015,80.04,3,5,4,3,26
352.463,3.2261000000000015,80.04,3,5,4,3,25
396.516,2.977100000000002,100.27000000000001,4,6,6,3,28
368.46200000000005,2.1968999999999994,100.27000000000001,4,6,4,3,26
353.447,3.1930000000000014,77.24000000000001,2,5,4,3,25
369.51500000000004,3.9063000000000025,68.01,2,5,4,3,25
382.8510000000002,3.6400000000000015,90.13000000000001,2,5,4,3,27
366.39600000000024,3.125700000000002,90.13000000000001,2,5,4,3,27
382.8510000000002,3.6400000000000015,90.13000000000001,2,5,4,3,27
366.3960000000002,3.125700000000002,90.13000000000001,2,5,4,3,27
366.3960000000002,3.125700000000002,90.13000000000001,2,5,4,3,27
332.40700000000015,3.750200000000002,80.9,2,4,4,3,25
348.4060000000002,2.986600000000001,90.13000000000001,2,5,4,3,26
360.46100000000024,4.387900000000003,80.9,2,4,5,3,27
362.4330000000002,3.234200000000002,90.13000000000001,2,5,5,3,27
349.4590000000002,4.430400000000003,68.87,1,4,4,3,25
487.4950000000003,1.7785999999999995,150.20999999999998,2,8,6,4,36
337.423,2.754900000000001,68.45,1,4,5,2,25
338.411,2.1498999999999997,81.34,1,5,5,2,25
367.38800000000015,1.8290999999999997,111.61,2,6,6,3,27
719.847,3.416500000000001,174.17,3,11,9,3,53
394.401,3.0197000000000003,118.95,4,6,5,2,28
393.45500000000004,1.5815999999999988,149.65999999999997,4,8,6,3,29
365.44100000000003,2.4821999999999997,134.74,5,6,5,3,27
483.32600000000014,1.9207999999999996,123.21,2,5,5,3,31
367.45700000000016,1.884599999999999,131.84,4,7,5,2,27
367.4570000000001,2.273299999999999,131.84,4,7,6,2,27
394.44300000000004,0.9765999999999997,162.55,4,9,6,3,29
366.42900000000003,1.877199999999999,147.63,5,7,5,3,27
366.42900000000003,1.877199999999999,147.63,5,7,5,3,27
475.4270000000001,4.101700000000002,118.69000000000001,3,4,4,3,34
558.5610000000004,3.649300000000003,123.74,3,7,6,3,40
521.5690000000002,3.377100000000003,118.16999999999999,3,7,6,3,36
353.49100000000004,2.715200000000001,58.36000000000001,2,3,5,2,25
665.8870000000004,5.896300000000004,97.47000000000001,3,5,10,3,44
704.5080000000004,6.5282000000000036,93.81000000000002,3,5,12,3,48
600.4280000000003,5.769100000000003,75.35000000000001,3,3,7,3,41
445.4660000000002,2.2302999999999997,112.73,3,4,8,2,32
451.4640000000001,3.411800000000002,75.43,2,3,7,2,32
321.24899999999997,3.0683000000000007,63.93,2,3,5,2,22
461.193,5.291000000000001,80.03999999999999,3,3,4,2,29
291.354,2.4125000000000005,72.03,2,4,4,3,22
496.0590000000002,3.642500000000002,103.17000000000002,3,6,8,3,35
510.08600000000024,4.032600000000003,103.17000000000002,3,6,8,3,36
512.0580000000002,2.8789000000000007,112.4,3,7,8,3,36
442.95100000000025,2.5390000000000006,120.16,4,6,7,3,31
428.9240000000002,2.1489000000000003,120.16,4,6,6,3,30
492.0050000000002,1.4451,160.09,4,7,7,3,33
414.89700000000016,1.7587999999999997,120.16,4,6,5,3,29
477.9780000000003,1.0550000000000002,160.09,4,7,6,3,32
474.9960000000003,4.0092000000000025,99.93,3,5,6,4,34
424.93600000000015,3.1765000000000017,99.93,3,5,5,3,30
460.9690000000003,3.8148000000000017,99.93,3,5,5,4,33
384.8710000000001,2.2253999999999996,99.93,3,5,4,3,27
482.03200000000027,3.2524000000000006,103.17000000000002,3,6,7,3,34
496.0590000000002,3.642500000000002,103.17000000000002,3,6,7,3,35
428.9240000000002,2.1004999999999994,120.16000000000001,4,6,6,1,30
511.55400000000037,2.1415999999999995,128.04,3,8,9,2,37
512.5420000000004,1.5365999999999989,140.93,3,9,9,2,37
548.6190000000001,3.169100000000001,133.51,3,9,9,3,40
313.27900000000005,2.2455,73.16,2,4,4,2,22
550.581,5.402600000000005,106.34,3,5,5,3,40
371.36499999999995,3.6377000000000006,77.57,1,6,3,2,24
449.4110000000001,4.707300000000003,77.05,1,5,3,4,33
431.4210000000001,4.568200000000003,77.05,1,5,3,4,32
431.4210000000001,4.626100000000003,77.05,1,5,4,4,32
421.4790000000002,4.565900000000004,77.05,1,5,4,4,32
467.4010000000001,4.846400000000003,77.05,1,5,3,4,34
398.4160000000001,4.4326000000000025,64.16,1,4,3,4,30
381.4140000000001,3.688500000000003,77.05,1,5,3,4,29
363.4240000000001,3.549400000000003,77.05,1,5,3,4,28
336.237,2.7953,74.8,3,5,1,1,20
359.7880000000002,3.2539000000000025,69.73,1,5,1,2,25
375.7870000000002,2.4903000000000004,78.96000000000001,1,6,1,2,26
363.41700000000026,2.6205000000000007,78.96000000000001,1,6,1,2,27
431.4140000000003,3.639300000000002,78.96000000000001,1,6,1,2,31
381.40700000000027,2.7596000000000016,78.96000000000001,1,6,1,2,28
325.34300000000013,2.6005000000000003,69.73,1,5,1,2,24
380.8350000000002,3.5961000000000025,85.52,2,5,1,3,27
346.3900000000002,2.942700000000001,85.52,2,5,1,3,26
431.41400000000027,3.639300000000002,78.96000000000001,1,6,1,2,31
413.4240000000003,3.5581000000000023,78.96000000000001,1,6,2,2,30
347.4180000000002,3.3388000000000018,69.73,1,5,2,2,26
341.7980000000002,3.1148000000000016,69.73,1,5,1,2,24
381.40700000000027,2.7596000000000016,78.96000000000001,1,6,1,2,28
373.35900000000015,3.062800000000002,78.96000000000001,1,6,3,2,27
437.39300000000014,3.7406000000000033,78.96000000000001,1,6,5,2,31
405.37600000000015,3.4025000000000025,78.96000000000001,1,6,3,2,29
387.3860000000002,3.1053000000000015,78.96000000000001,1,6,4,2,28
413.4770000000003,3.7737000000000034,78.96000000000001,1,6,1,3,31
326.3310000000002,1.9955000000000003,82.62,1,6,1,2,24
364.4050000000002,1.8714,91.85000000000001,1,7,2,2,27
378.43200000000024,2.2615000000000007,91.85000000000001,1,7,3,2,28
418.4190000000002,3.957600000000003,82.62,1,6,3,2,30
420.3910000000002,2.8039000000000014,91.85000000000001,1,7,3,2,30
414.4650000000002,2.7041000000000013,91.85000000000001,1,7,3,3,31
364.40500000000026,2.0155000000000003,91.85000000000001,1,7,1,2,27
378.4320000000003,2.4056000000000006,91.85000000000001,1,7,1,2,28
358.3480000000001,2.4917000000000007,82.62,1,6,1,2,26
308.3410000000001,1.8564000000000003,82.62,1,6,1,2,23
322.36800000000017,2.2465,82.62,1,6,1,2,24
338.3670000000002,1.6254,91.85000000000001,1,7,1,2,25
379.25400000000025,2.567000000000001,66.07000000000001,1,5,2,1,23
415.2870000000002,3.0096000000000016,66.07000000000001,1,5,2,2,26
379.2540000000003,2.711100000000001,66.07000000000001,1,5,0,1,23
359.17000000000013,2.797200000000001,56.84,1,4,0,1,21
309.1630000000001,2.1619,56.84,1,4,0,1,18
384.8230000000002,2.700100000000001,98.83000000000001,2,6,2,2,27
368.36800000000017,2.1858000000000004,98.83000000000001,2,6,2,2,27
430.2620000000002,2.2042,111.72000000000001,2,7,2,2,27
402.8130000000002,2.839200000000001,98.83000000000001,2,6,2,2,28
372.81200000000024,2.4278000000000004,90.99000000000001,2,7,2,2,26
322.36800000000017,1.8988999999999998,82.62,1,6,1,2,24
358.3480000000001,2.4917000000000007,82.62,1,6,1,2,26
374.4160000000001,3.208300000000002,73.39,1,6,1,2,26
372.40300000000013,3.4178000000000024,73.39,1,5,1,3,28
249.31699999999998,2.4668,41.62,1,3,0,2,19
449.4110000000001,4.765200000000003,77.05,1,5,4,4,33
431.4210000000001,4.626100000000003,77.05,1,5,4,4,32
442.4250000000001,4.783000000000003,82.62,1,6,2,4,33
447.44100000000026,4.524700000000003,78.96000000000001,1,6,2,3,33
447.44100000000026,4.524700000000003,78.96000000000001,1,6,2,3,33
450.4450000000003,3.5576000000000025,82.2,1,7,2,3,33
452.4360000000002,4.269200000000003,72.97,1,6,2,3,33
461.40300000000013,4.317100000000002,95.51,1,7,2,4,34
442.4250000000001,4.783000000000003,82.62,1,6,2,4,33
443.4130000000001,4.178000000000003,95.51,1,7,2,4,33
461.40300000000013,4.317100000000002,95.51,1,7,2,4,34
461.40300000000013,4.317100000000002,95.51,1,7,2,4,34
443.4130000000001,4.178000000000002,95.51,1,7,2,4,33
448.42900000000026,4.267300000000003,91.85000000000001,1,7,2,3,33
448.42900000000026,3.9197000000000033,91.85000000000001,1,7,2,3,33
448.42900000000026,4.267300000000003,91.85000000000001,1,7,2,3,33
450.4450000000003,4.0100000000000025,91.85000000000001,1,7,2,3,33
450.4450000000003,4.0100000000000025,91.85000000000001,1,7,2,3,33
471.4140000000002,3.961400000000003,85.86,1,7,2,3,34
485.44100000000026,4.351500000000003,85.86,1,7,2,3,35
451.4330000000003,2.9526000000000012,95.09,1,8,2,3,33
453.4240000000002,3.664200000000003,85.86,1,7,2,3,33
424.4350000000001,4.643900000000003,82.62,1,6,2,4,32
425.4230000000001,4.038900000000002,95.51,1,7,2,4,32
425.4230000000001,4.038900000000002,95.51,1,7,2,4,32
443.4130000000001,4.178000000000002,95.51,1,7,2,4,33
425.4230000000001,4.038900000000002,95.51,1,7,2,4,32
430.43900000000025,3.7806000000000024,91.85000000000001,1,7,2,3,32
430.43900000000025,3.7806000000000033,91.85000000000001,1,7,2,3,32
432.45500000000027,3.8709000000000024,91.85000000000001,1,7,2,3,32
453.4240000000002,3.822300000000002,85.86,1,7,2,3,33
467.45100000000025,4.212400000000003,85.86,1,7,2,3,34
435.4340000000002,3.525100000000002,85.86,1,7,2,3,32
435.4340000000002,3.525100000000002,85.86,1,7,2,3,32
432.45500000000027,4.218500000000003,91.85000000000001,1,7,2,3,32
443.4130000000001,4.178000000000002,95.51,1,7,2,4,33
430.43900000000025,3.7806000000000024,91.85000000000001,1,7,2,3,32
430.43900000000025,3.7806000000000033,91.85000000000001,1,7,2,3,32
432.45500000000027,3.8709000000000033,91.85000000000001,1,7,2,3,32
433.44300000000027,2.8135000000000012,95.09,1,8,2,3,32
415.45300000000026,2.674400000000001,95.09,1,8,2,3,31
448.42900000000026,3.9197000000000033,91.85000000000001,1,7,2,3,33
489.9190000000003,3.880200000000003,120.95000000000002,2,8,3,3,35
427.41400000000016,3.2481000000000027,59.64,2,5,5,1,28
485.4950000000002,2.934400000000002,109.38999999999999,2,8,4,3,34
452.4580000000002,3.367700000000003,98.83,2,7,5,2,31
453.3960000000002,2.801800000000002,111.72,2,7,5,2,32
453.3960000000002,2.801800000000002,111.72,2,7,5,2,32
485.4130000000002,3.1399000000000026,111.72,2,7,6,2,34
503.4850000000002,3.073500000000002,109.38999999999999,2,8,4,3,35
351.3780000000001,2.987400000000002,73.64,1,6,2,2,24
386.32400000000007,3.5396000000000027,73.39,1,5,5,2,27
429.3490000000001,3.124900000000002,102.49,2,6,6,2,30
467.4010000000001,4.846400000000003,77.05,1,5,3,4,34
381.4140000000001,3.688500000000003,77.05,1,5,3,4,29
429.4510000000001,4.385600000000003,78.96000000000001,1,6,2,3,32
412.44900000000007,3.6415000000000024,91.85000000000001,1,7,2,3,31
442.51900000000006,4.796900000000004,91.85000000000001,1,7,4,3,33
548.6190000000003,3.0250000000000012,133.51,3,9,9,3,40
436.51500000000016,4.977800000000004,76.77,1,4,3,5,33
437.50300000000016,4.372800000000003,89.66,1,5,3,5,33
439.89700000000016,5.151000000000003,70.83,2,4,3,4,31
449.47600000000017,5.619200000000005,62.379999999999995,2,4,3,4,33
431.48600000000016,5.480100000000005,62.379999999999995,2,4,3,4,32
441.3620000000002,5.235200000000003,71.25,2,4,4,3,30
481.3870000000003,4.882900000000003,88.55,2,5,4,4,33
378.54500000000013,3.607000000000003,45.39,1,5,4,3,27
564.6180000000003,2.4038999999999984,142.74,3,10,8,3,41
488.4700000000003,3.3812000000000033,117.63000000000002,2,7,6,3,35
417.8470000000001,3.526200000000002,76.18,2,4,4,3,29
383.4020000000001,2.8728000000000016,76.18,2,4,4,3,28
391.4310000000002,2.3233000000000006,94.64000000000001,2,6,4,3,29
522.0050000000002,1.8810000000000007,118.16999999999999,3,6,8,4,37
279.358,4.263900000000003,26.02,1,1,4,3,21
552.6070000000003,1.9973999999999985,153.74,4,10,10,3,40
299.36999999999995,2.2005,72.55000000000001,2,4,8,2,22
277.367,3.615700000000002,46.25,2,2,4,3,21
562.6460000000002,3.4167000000000014,133.51,3,9,10,3,41
346.3560000000001,4.0241000000000025,67.59,2,3,3,3,25
376.3820000000002,3.6506000000000025,76.82000000000001,2,4,3,3,27
348.3280000000001,2.870400000000001,76.82000000000001,2,4,3,3,25
295.304,4.174300000000002,35.25,1,2,5,2,21
470.5950000000002,2.2824,97.87,1,7,9,3,33
364.5370000000002,3.2144000000000013,54.18,2,4,7,2,27
365.5250000000002,2.609399999999999,67.07,2,5,7,2,27
365.5250000000002,2.609399999999999,67.07,2,5,7,2,27
349.4820000000002,3.5764000000000022,70.83,2,4,7,3,26
457.5780000000004,4.287600000000004,97.27000000000001,2,5,9,4,34
456.5940000000004,3.6883000000000026,103.05999999999999,2,5,9,4,34
525.7450000000005,4.498300000000004,75.24000000000001,2,6,11,4,39
550.6350000000003,3.4167000000000023,133.51,3,9,11,3,40
322.334,3.789100000000002,59.629999999999995,2,2,5,3,23
447.13100000000014,3.6402000000000028,99.00999999999999,2,5,7,2,23
536.6080000000003,3.026600000000002,133.51,3,9,10,3,39
329.791,3.1346000000000016,78.85000000000001,1,5,6,3,23
332.36300000000006,1.6893999999999996,89.49,2,4,3,4,25
522.5810000000002,2.6365,133.51,3,9,9,3,38
320.26300000000003,5.036500000000004,26.02,1,1,3,2,21
320.26300000000003,5.036500000000004,26.02,1,1,3,2,21
478.98000000000013,2.8073000000000015,89.07,2,5,7,4,34
510.9570000000003,2.5229999999999997,119.39000000000001,2,8,6,4,36
315.764,2.7445000000000013,78.85000000000001,1,5,5,3,22
334.742,2.2786,91.74000000000001,1,6,5,3,23
312.80000000000007,3.664100000000002,59.14,2,3,4,3,22
277.367,3.615700000000002,46.25,2,2,4,3,21
412.84900000000005,2.991900000000001,104.03,4,5,6,3,27
428.41100000000006,3.2182000000000013,104.03,4,5,6,3,29
364.8320000000001,5.227000000000004,61.28,1,4,5,4,26
365.8200000000001,4.622000000000003,74.17,1,5,5,4,26
312.80000000000007,3.664100000000002,59.14,2,3,4,3,22
293.40700000000004,2.9624000000000015,53.71000000000001,1,4,1,0,21
243.70899999999995,2.7505000000000015,35.25,1,2,5,1,16
478.9460000000002,4.863800000000005,72.11,1,4,4,2,33
427.8580000000001,3.245400000000002,77.03999999999999,1,4,3,2,29
394.9060000000001,3.970500000000003,73.80000000000001,1,4,4,3,28
465.3880000000001,4.6795000000000035,83.72,2,5,4,4,32
466.37600000000015,4.074500000000003,96.61,2,6,4,4,32
471.4170000000001,4.741000000000003,83.72,2,6,4,4,31
471.51200000000006,3.8480000000000025,96.61,2,7,4,4,33
510.51600000000025,4.523400000000004,106.34,3,5,5,3,37
320.805,2.5475900000000005,79.6,3,3,3,3,21
464.9530000000001,2.764800000000001,89.07,2,5,6,4,33
356.351,4.498100000000003,59.629999999999995,2,2,3,4,26
534.6640000000002,4.018300000000003,106.14000000000001,2,5,9,4,40
506.5590000000002,4.780900000000004,122.55,2,7,6,4,36
505.5750000000002,4.181600000000003,128.33999999999997,2,7,6,4,36
462.5500000000002,5.082700000000004,85.25,1,6,5,4,33
347.4140000000001,4.018400000000002,72.55,2,3,7,3,26
487.5850000000002,4.042500000000003,128.33999999999997,2,7,6,4,35
304.396,2.5878000000000005,73.05,1,5,3,3,20
438.23900000000003,0.4241000000000012,167.76,5,8,7,2,25
558.0600000000003,1.6417000000000015,135.23999999999998,3,6,9,4,38
544.0330000000001,1.5992000000000015,135.23999999999998,3,6,8,4,37
483.55700000000013,3.9813000000000027,135.78,3,7,7,5,35
443.5290000000002,2.0627999999999997,132.35999999999999,3,7,6,3,31
461.5040000000002,-0.17640000000000045,178.36999999999998,4,10,6,3,32
445.5050000000002,0.8527999999999987,158.14,3,9,6,3,31
521.5690000000003,2.598700000000001,129.89,3,7,6,3,36
481.6260000000002,2.190199999999999,138.68,4,7,6,3,34
416.8860000000001,3.9609000000000023,98.49,2,4,6,3,28
473.53000000000026,3.8294000000000032,121.36,2,7,7,3,33
476.4360000000001,3.678700000000001,131.33,3,6,4,4,33
482.56900000000013,4.055800000000002,123.75,2,7,7,5,35
438.9400000000001,4.252200000000003,97.97,2,5,6,4,30
298.40799999999996,1.5887999999999995,72.63,1,4,7,1,20
312.435,1.9788999999999994,72.63,1,4,7,1,21
298.40799999999996,1.5887999999999995,72.63,1,4,6,1,20
270.35399999999987,0.8085999999999998,72.63,1,4,5,1,18
284.3809999999999,1.1986999999999997,72.63,1,4,5,1,19
605.6770000000001,1.8162999999999998,170.76999999999998,3,10,9,4,43
612.634,4.6109000000000036,136.2,2,7,7,5,43
579.0820000000001,4.2455000000000025,136.2,2,7,7,5,40
569.4670000000002,2.1164000000000005,154.82,4,7,8,3,37
430.41100000000006,4.025000000000002,98.83000000000001,1,5,3,4,30
380.40400000000005,3.1453000000000015,98.83000000000001,1,5,3,4,27
464.41600000000017,3.2356000000000025,105.38999999999999,2,5,4,2,31
468.54200000000014,4.013300000000003,123.75000000000001,2,7,6,5,34
468.54200000000014,4.013300000000003,123.75000000000001,2,7,6,5,34
332.345,0.0683999999999999,147.74,3,7,4,3,23
468.54200000000014,4.013300000000003,123.75000000000001,2,7,6,5,34
496.5330000000002,3.8864000000000027,81.83000000000001,3,5,6,3,36
385.41400000000016,2.6929000000000007,75.43,2,3,3,2,28
407.31800000000015,2.0164999999999997,77.04,1,4,4,2,28
415.3660000000002,2.3647,77.04,1,4,3,2,29
373.8,2.5878000000000005,116.15,2,6,7,3,26
392.7780000000001,2.1218999999999992,129.04000000000002,2,7,7,3,27
364.7680000000001,1.6395,111.97,2,7,6,3,25
466.5170000000002,1.9373999999999987,124.16000000000001,3,7,6,3,34
466.5170000000003,1.9373999999999987,124.16000000000001,3,7,6,3,34
467.5050000000003,1.3323999999999985,137.04999999999998,3,8,6,3,34
359.7730000000001,2.1976999999999993,116.15000000000002,2,6,6,3,25
424.348,5.601500000000002,59.629999999999995,2,2,3,4,30
577.6170000000002,1.5034999999999994,162.61,4,10,8,3,42
511.0190000000001,5.108300000000003,97.11,3,6,7,3,33
512.0030000000002,5.075200000000003,94.31,2,6,7,3,33
417.3440000000002,4.424500000000003,83.72,2,5,2,3,28
436.5150000000002,4.977800000000004,76.77,1,4,3,5,33
437.5030000000002,4.372800000000003,89.66,1,5,3,5,33
379.4850000000001,3.605000000000002,75.43,2,5,3,2,27
380.4730000000001,3.0000000000000018,88.32000000000001,2,6,3,2,27
382.28300000000013,2.700500000000001,75.43,2,5,2,1,22
337.83200000000016,2.5914,75.43,2,5,2,1,22
303.38700000000006,1.9380000000000002,75.43,2,5,2,1,21
293.197,4.535000000000003,29.259999999999998,1,2,1,2,19
334.345,4.102500000000002,59.629999999999995,2,2,2,3,24
365.4520000000001,3.4094000000000024,50.849999999999994,1,4,1,2,27
452.4690000000001,1.6485999999999987,130.61999999999998,4,8,4,4,33
435.4670000000001,0.9044999999999987,143.51,4,9,4,4,32
419.3160000000002,3.2708000000000013,92.95,2,6,2,3,28
564.6180000000003,2.4038999999999984,142.74,3,10,8,3,41
564.6180000000003,2.4038999999999984,142.74,3,10,9,3,41
564.6180000000003,2.4038999999999984,142.74,3,10,9,3,41
248.06999999999996,2.541900000000001,26.02,1,1,1,1,13
230.07999999999996,2.4028,26.02,1,1,1,1,12
248.06999999999994,2.541900000000001,26.02,1,1,1,1,13
212.08999999999997,2.2637,26.02,1,1,1,1,11
409.9210000000002,3.8468000000000027,78.85000000000001,1,5,3,3,29
452.56600000000026,3.253800000000002,99.85000000000001,2,7,2,4,34
470.5560000000002,3.8140000000000027,99.85000000000001,2,7,2,4,35
470.55600000000027,3.8140000000000027,99.85000000000001,2,7,2,4,35
470.55600000000027,3.8140000000000027,99.85000000000001,2,7,2,4,35
470.55600000000027,3.8140000000000027,99.85000000000001,2,7,2,4,35
452.56600000000026,3.6749000000000027,99.85000000000001,2,7,2,4,34
497.5500000000001,4.760600000000004,96.61000000000001,2,7,3,4,35
463.99800000000016,4.3952000000000035,96.61000000000001,2,7,3,4,32
451.57800000000026,4.732300000000004,96.61,2,6,2,4,34
480.5760000000002,3.7946000000000026,109.08,2,8,2,4,36
504.5450000000003,4.201200000000004,109.08,2,8,3,4,37
484.56400000000036,2.7559000000000013,129.31,3,9,3,4,36
453.55400000000026,3.0699000000000014,112.74,2,8,2,4,34
453.55400000000026,3.0699000000000014,112.74,2,8,2,4,34
453.55400000000026,3.0699000000000014,112.74,2,8,2,4,34
370.3990000000001,3.374600000000002,66.56,2,3,4,2,27
354.4000000000001,3.6690000000000023,46.330000000000005,1,2,4,2,26
246.3009999999999,1.7615999999999994,46.330000000000005,1,2,2,0,17
395.45000000000016,2.6665,84.66000000000001,2,4,5,1,28
401.4040000000001,2.4483000000000006,75.43,2,3,4,1,28
485.4750000000002,2.6172000000000004,101.73,2,5,6,1,32
359.4700000000001,2.4213000000000005,84.66000000000001,2,4,5,1,26
365.4240000000001,2.2031,75.43,2,3,4,1,26
379.50400000000013,3.078100000000002,75.43,2,3,4,2,28
401.47900000000016,1.7515999999999994,92.5,2,4,5,1,27
526.6030000000001,1.7773999999999994,138.67,3,6,8,1,34
449.4950000000002,2.372,101.73,2,5,6,1,30
228.36099999999993,1.4268999999999994,46.330000000000005,1,3,2,0,15
488.3950000000001,2.8317000000000014,87.46000000000001,3,4,4,1,26
383.4640000000001,2.1136,75.43,2,4,4,1,26
397.54400000000015,2.9886000000000017,75.43,2,4,4,2,28
415.4810000000001,2.8542000000000014,75.43,2,4,4,1,28
467.5350000000002,2.2824999999999998,101.73,2,6,6,1,30
228.31099999999992,1.4643999999999993,46.330000000000005,1,2,2,0,16
377.46000000000015,2.3693,84.66000000000001,2,4,5,1,27
383.4140000000001,2.1510999999999996,75.43,2,3,4,1,27
419.46900000000016,1.6995999999999991,92.5,2,4,5,1,28
467.4850000000002,2.3199999999999994,101.73,2,5,6,1,31
419.46900000000016,1.6995999999999991,92.5,2,4,5,1,28
228.31099999999992,1.4643999999999993,46.330000000000005,1,2,2,0,16
377.46000000000015,2.3693,84.66000000000001,2,4,5,1,27
383.4140000000001,2.1510999999999996,75.43,2,3,4,1,27
419.46900000000016,1.6995999999999991,92.5,2,4,5,1,28
467.4850000000002,2.3199999999999994,101.73,2,5,6,1,31
373.8,2.5878000000000005,116.15,2,6,7,3,26
378.795,2.0295999999999994,111.97,2,7,7,3,26
378.39200000000005,2.1761,135.97,3,8,7,4,28
364.76400000000007,2.5785,107.29,2,7,6,3,25
394.41,2.5862000000000007,114.87,3,6,7,4,29
362.79200000000003,2.849500000000001,86.19,2,5,6,3,25
364.7680000000001,1.6395,111.97,2,7,6,3,25
540.5420000000003,4.056800000000003,126.57,4,6,6,3,39
427.4760000000002,2.3324,86.05,2,6,5,2,31
423.4880000000002,2.843000000000001,80.58,2,5,5,3,31
403.40800000000013,2.5688000000000004,76.52,1,4,4,3,29
467.5050000000003,1.3323999999999985,137.04999999999998,3,8,6,3,34
577.6170000000002,1.5034999999999994,162.61,4,10,9,3,42
445.36700000000013,2.8877000000000006,77.04,1,4,2,2,31
423.90800000000013,3.8782000000000014,124.50999999999998,5,6,4,4,30
389.4630000000001,3.224800000000001,124.50999999999998,5,6,4,4,29
437.5030000000002,4.372800000000003,89.66,1,5,3,5,33
421.45500000000015,3.7406000000000015,84.36999999999999,2,6,4,4,31
404.45300000000015,2.996500000000001,97.25999999999999,2,7,4,4,30
327.3630000000001,1.6605999999999996,68.56,1,4,2,3,24
328.3510000000001,1.0555999999999994,81.45000000000002,1,5,2,3,24
410.4440000000002,2.063899999999999,99.07,4,5,5,2,29
353.38200000000023,0.1780999999999986,109.49,1,6,2,2,26
492.50100000000015,4.159900000000003,73.38,1,5,6,4,36
474.51100000000014,4.020800000000003,73.38,1,5,6,4,35
375.35400000000004,1.8279999999999996,76.52,1,5,2,3,27
416.3290000000001,2.8816000000000015,72.34,1,5,2,3,29
348.332,1.8627999999999996,72.34,1,5,2,3,25
308.30699999999996,2.2150999999999996,55.04,1,4,2,2,22
360.343,2.1582999999999997,80.82000000000001,1,6,2,3,26
390.44700000000006,2.676099999999999,120.85000000000001,5,6,4,4,29
564.6180000000003,2.4038999999999984,142.74,3,10,8,3,41
564.6180000000003,2.4038999999999984,142.74,3,10,9,3,41
564.6180000000003,2.4038999999999984,142.74,3,10,9,3,41
424.4730000000001,1.6746999999999996,90.45,1,6,4,2,29
320.343,1.8609999999999998,67.17,2,4,2,2,23
416.3690000000001,3.8919000000000032,55.04,1,4,2,2,29
418.34100000000007,3.0858000000000017,64.27,1,5,2,2,29
390.409,2.944400000000001,64.27,1,5,3,2,28
428.46200000000016,3.398200000000001,72.34,1,5,3,3,31
387.40900000000005,3.1258000000000017,59.45,1,4,2,3,28
372.379,1.5756,81.57000000000001,1,6,2,3,27
248.06999999999996,2.541900000000001,26.02,1,1,1,1,13
230.07999999999996,2.4028,26.02,1,1,1,1,12
248.06999999999994,2.541900000000001,26.02,1,1,1,1,13
212.08999999999997,2.2637,26.02,1,1,1,1,11
385.31100000000004,4.139600000000002,43.84,1,2,1,3,27
335.304,3.259900000000002,43.84,1,2,1,3,24
386.29900000000004,3.534600000000002,56.730000000000004,1,3,1,3,27
336.29200000000003,2.6549000000000005,56.730000000000004,1,3,1,3,24
318.302,2.5158000000000005,56.730000000000004,1,3,1,3,23
318.302,2.5158000000000005,56.730000000000004,1,3,1,3,23
376.1920000000001,0.9820000000000011,130.08,4,5,5,1,24
474.52700000000016,3.0324000000000018,87.46000000000001,3,4,6,2,34
350.42199999999997,3.727000000000002,93.51,2,4,4,3,26
426.9080000000003,2.6465000000000014,98.30000000000001,2,6,6,3,30
410.45300000000026,2.1322,98.30000000000001,2,6,6,3,30
1248.4059999999995,4.40960000000001,312.56,10,16,41,2,86
198.26899999999992,2.695800000000001,38.91,1,2,0,2,15
320.783,4.323100000000003,56.73,1,3,2,4,23
286.338,3.6697000000000015,56.730000000000004,1,3,2,4,22
410.4000000000002,1.8128000000000002,89.63,1,8,3,2,29
467.97600000000017,4.837100000000004,74.49000000000001,2,4,6,3,33
447.4100000000001,2.222899999999999,112.73000000000002,3,5,4,2,30
461.43700000000007,2.8823000000000008,112.73000000000002,3,5,5,2,31
429.4200000000001,2.083799999999999,112.73000000000002,3,5,4,2,29
433.3830000000001,2.4139999999999997,110.52000000000001,3,5,6,2,29
446.3820000000001,1.5136000000000003,130.39,4,5,6,2,30
385.32000000000005,4.191300000000002,60.910000000000004,1,3,2,4,28
403.9170000000001,4.790100000000003,68.75999999999999,2,4,3,4,29
394.54800000000023,3.790200000000003,71.17,1,7,3,3,28
417.51700000000034,2.8861000000000017,111.96000000000001,4,6,4,3,31
458.5810000000004,4.902700000000004,70.39,3,4,5,3,34
461.49700000000036,3.801000000000002,109.58000000000001,3,6,4,3,34
391.4500000000002,3.131800000000001,83.28,3,5,4,3,29
458.58100000000036,5.045200000000004,70.39,3,4,5,3,34
423.5200000000002,4.145900000000002,83.28,3,5,4,4,32
454.5740000000004,4.546300000000004,87.46,3,4,4,3,34
450.54200000000026,4.832100000000004,97.11,3,4,8,4,34
452.51400000000024,5.009500000000004,106.34,3,5,7,4,34
443.50700000000035,3.661900000000002,109.58000000000001,3,6,4,3,33
427.55200000000036,4.163000000000003,83.28,3,5,4,3,32
373.4600000000002,2.992700000000001,83.28,3,5,4,3,28
458.58100000000036,5.045200000000005,70.39,3,4,5,3,34
413.4810000000002,3.738900000000002,96.41999999999999,3,6,4,4,31
190.271,2.5795000000000003,52.04,2,3,1,2,13
460.6030000000004,4.607800000000004,87.46,3,5,4,3,33
446.6200000000004,4.9676000000000045,70.39,3,5,5,3,32
524.6500000000004,4.577500000000004,103.59,3,7,5,4,38
511.6550000000004,4.931500000000004,100.27000000000001,2,8,5,4,37
447.56400000000036,3.7511000000000028,100.35000000000001,3,6,4,3,32
448.5520000000003,3.296400000000001,112.38000000000001,4,6,4,3,32
449.53600000000034,3.7234000000000025,109.58000000000001,3,7,4,3,32
433.5370000000003,3.3610000000000015,100.35000000000001,3,6,4,3,31
481.62500000000034,5.608300000000004,83.28,3,6,4,4,35
449.53600000000034,3.7234000000000025,109.58,3,7,4,3,32
462.5350000000003,2.8230000000000004,129.45,4,7,4,3,33
448.5520000000003,2.6605000000000008,112.38000000000001,4,7,4,3,32
446.5760000000004,4.984200000000004,88.32000000000001,2,6,4,3,32
448.5920000000004,4.776000000000004,91.48,3,6,4,3,32
491.6170000000005,4.021500000000003,111.79,3,7,6,3,35
515.6050000000005,5.4992000000000045,74.49000000000001,2,6,5,3,36
477.63400000000047,3.9292000000000034,94.72,3,7,6,3,34
433.58100000000036,4.2245000000000035,83.28,3,6,4,3,31
447.56400000000036,3.751100000000002,100.35000000000001,3,6,4,3,32
379.4890000000002,3.0542000000000007,83.28,3,6,4,3,27
385.5180000000002,3.1157000000000012,83.27999999999999,3,7,4,3,26
380.4770000000002,2.4492000000000003,96.16999999999999,3,7,4,3,27
424.50800000000027,3.5409000000000015,96.16999999999999,3,6,4,4,32
413.4810000000002,3.738900000000002,96.41999999999999,3,6,4,4,31
190.271,2.5794999999999995,52.04,2,3,1,2,13
446.6200000000004,4.967600000000004,70.39,3,5,5,3,32
449.53600000000034,3.7234000000000025,109.58000000000001,3,7,4,3,32
433.58100000000036,4.224500000000003,83.28,3,6,4,3,31
296.761,3.628400000000001,77.82,2,4,2,3,21
394.5480000000002,3.790200000000003,71.17,1,7,3,3,28
440.50800000000027,1.763,144.31,3,9,9,3,32
321.771,3.7181000000000015,69.62,1,4,2,4,23
554.6580000000001,5.3990000000000045,129.46999999999997,3,7,6,6,42
667.8220000000002,4.615000000000004,149.10000000000002,3,11,9,6,50
667.8220000000002,4.615000000000003,149.10000000000002,3,11,9,6,50
390.41800000000006,3.384800000000002,97.11,3,4,6,3,29
475.5150000000002,2.9392000000000023,100.35000000000001,3,5,6,2,34
223.231,2.3148,60.160000000000004,1,3,0,2,17
478.5280000000003,2.8812000000000006,124.28000000000002,3,8,6,3,35
421.3310000000001,5.8022000000000045,64.69,1,4,5,4,29
420.43800000000005,5.514200000000004,64.69,1,4,5,4,31
437.3300000000002,5.2931000000000035,84.92,2,5,5,4,30
505.01800000000026,4.220500000000003,107.69,4,5,8,3,36
347.4220000000001,2.4789000000000003,83.28,3,5,3,3,26
392.8900000000001,4.442200000000003,71.24999999999999,2,4,5,3,28
376.4350000000001,3.927900000000003,71.24999999999999,2,4,5,3,28
376.4160000000001,3.342500000000001,106.34,3,5,6,3,28
396.45400000000006,3.9852000000000016,105.82,3,6,6,4,30
442.52300000000014,2.849000000000001,103.59,3,6,4,3,33
367.4090000000001,1.9949,109.58000000000001,3,6,3,2,27
413.52500000000015,3.557500000000002,83.28,3,5,3,3,31
399.4980000000001,3.879800000000002,83.28,3,5,3,3,30
477.5900000000002,3.207200000000002,108.63000000000001,2,6,5,3,34
351.4540000000001,2.4960000000000004,83.28,3,5,3,2,26
444.51000000000016,4.022200000000003,78.67,2,4,5,3,33
347.4220000000001,2.4789000000000003,83.27999999999999,3,5,3,3,26
499.5410000000002,3.5645000000000024,109.06,3,7,6,3,36
475.5150000000002,2.9392000000000023,100.35,3,5,6,2,34
488.9070000000003,2.0008999999999997,135.48000000000002,3,6,6,3,34
412.5370000000002,3.786900000000003,62.46,1,4,3,3,31
423.5200000000002,4.388900000000003,84.14,2,5,4,4,32
337.4270000000001,2.4708000000000006,75.35,1,5,4,2,25
379.50800000000015,3.6411000000000024,75.35,1,5,4,2,28
366.4650000000001,2.4547,80.48,2,5,4,2,27
373.46000000000015,2.9845000000000015,84.14,2,5,4,3,28
386.4590000000002,3.0059000000000013,81.97000000000001,1,5,3,4,29
364.45300000000015,2.4267000000000003,81.97000000000001,1,5,4,3,27
400.48600000000016,3.0650000000000013,81.97000000000001,1,5,4,4,30
357.45700000000005,4.279100000000003,51.379999999999995,1,4,2,3,27
346.312,4.613500000000002,73.06,2,5,4,3,25
318.38,4.472100000000003,73.06,2,5,5,3,24
311.772,4.853100000000003,60.17,2,4,4,3,22
312.76,4.248100000000003,73.06,2,5,4,3,22
296.305,3.7338000000000013,73.06,2,5,4,3,22
362.311,4.493300000000001,82.29,2,6,5,3,26
312.76000000000005,4.248100000000002,73.06,2,5,4,3,22
94.11699999999999,0.6638000000000001,38.91,1,2,0,1,7
395.5360000000002,3.185200000000002,84.06,1,8,3,3,28
395.5360000000001,3.185200000000002,84.05999999999999,1,8,3,3,28
432.4590000000003,2.726400000000001,110.28,2,8,4,4,32
346.312,4.613500000000002,73.06,2,5,4,3,25
311.772,4.853100000000003,60.17,2,4,4,3,22
312.76,4.248100000000003,73.06,2,5,4,3,22
296.305,3.7338000000000013,73.06,2,5,4,3,22
362.311,4.493300000000001,82.29,2,6,5,3,26
499.54100000000017,3.5645000000000024,109.06,3,7,6,3,36
364.88100000000003,1.5460999999999998,94.3,3,6,7,2,25
376.89200000000017,1.9525999999999994,83.3,2,6,6,2,26
378.86400000000015,1.6383999999999992,111.37,3,6,7,2,26
418.9730000000003,3.1229000000000013,83.3,2,6,7,2,29
404.94600000000025,2.7328,83.3,2,6,7,2,28
445.3980000000002,4.4074000000000035,74.07,2,5,7,3,30
389.89100000000013,1.0522,103.17,3,6,4,2,27
374.92,3.106300000000001,74.07,2,5,4,2,26
360.8930000000001,2.7162000000000006,74.07,2,5,4,2,25
376.8920000000001,1.9526,83.3,2,6,4,2,26
376.8920000000001,1.687,94.3,3,6,4,2,26
406.91800000000006,1.3135000000000001,103.53,3,7,5,2,28
376.8920000000001,1.687,94.3,3,6,4,2,26
521.9620000000003,2.014599999999999,159.22999999999996,4,8,7,3,35
505.5000000000003,4.652600000000003,96.26999999999998,3,5,3,4,37
461.5470000000001,3.3186000000000018,129.96999999999997,4,5,8,4,33
462.5350000000001,2.7136000000000005,142.85999999999999,4,6,8,4,33
463.5230000000001,2.1085999999999996,155.74999999999997,4,7,8,4,33
447.54300000000023,4.141600000000002,91.99,3,8,5,4,32
399.7750000000001,4.677200000000003,64.07,2,3,4,3,27
578.6480000000001,4.507900000000004,122.29,3,7,6,5,43
375.36700000000013,2.2972,118.26999999999998,3,5,3,5,28
374.3790000000002,2.6222000000000003,98.72,2,5,3,4,28
805.2600000000002,2.6911000000000005,254.06999999999996,7,14,14,2,52
805.2600000000002,2.6911000000000005,254.06999999999996,7,14,14,2,52
805.2600000000002,2.6911000000000005,254.06999999999996,7,14,14,2,52
312.20000000000005,3.3831000000000016,64.07,2,3,4,2,20
422.55400000000003,3.303200000000002,100.27,4,6,7,3,30
422.55400000000003,3.0520000000000005,100.27,4,6,7,3,30
449.29800000000023,3.5176000000000016,156.20999999999998,3,8,7,3,30
330.3730000000001,1.8465000000000003,146.98000000000002,3,8,4,3,23
446.93300000000016,4.032200000000002,74.07,2,5,7,3,31
445.3980000000002,4.407400000000003,74.07,2,5,7,3,30
463.3880000000002,4.5465000000000035,74.07,2,5,7,3,31
478.95000000000016,4.772800000000004,74.07,2,5,7,3,33
445.3980000000002,4.407400000000003,74.07,2,5,7,3,30
426.95200000000017,3.459600000000002,94.30000000000001,3,6,7,3,30
426.95200000000017,3.459600000000002,94.30000000000001,3,6,7,3,30
446.38600000000014,3.8024000000000022,86.96000000000001,2,6,7,3,30
440.9790000000002,3.1149000000000013,94.30000000000001,3,6,8,3,31
393.43800000000005,3.8868000000000027,81.06,2,6,2,3,27
415.9730000000001,2.4004000000000003,77.31,2,6,4,2,29
507.85300000000035,4.821800000000004,83.30000000000001,2,6,4,3,33
473.4080000000003,4.168400000000002,83.30000000000001,2,6,4,3,32
456.95300000000026,3.6541000000000023,83.30000000000001,2,6,4,3,32
438.96300000000014,3.5150000000000015,83.30000000000001,2,6,4,3,31
439.9510000000002,2.91,96.19,2,7,4,3,31
439.9510000000002,2.91,96.19,2,7,4,3,31
439.9510000000002,2.91,96.19,2,7,4,3,31
407.93100000000004,1.7846999999999993,129.2,3,9,3,2,27
522.0000000000002,4.702100000000002,119.97,3,8,3,3,35
554.1200000000002,4.241100000000002,138.43,3,10,5,3,38
454.00300000000016,3.683300000000001,119.97,3,8,3,3,31
454.9910000000002,3.0783000000000005,132.86,3,9,3,3,31
454.9910000000002,3.0783000000000005,132.86,3,9,3,3,31
454.9910000000002,3.0783000000000005,132.86,3,9,3,3,31
439.9760000000001,3.496100000000001,106.84,2,8,3,3,30
461.0200000000002,3.1398,132.86,3,10,3,3,30
460.03200000000015,3.7448000000000015,119.97,3,9,3,3,30
461.0200000000002,3.1398,132.86,3,10,3,3,30
424.49600000000004,3.7216000000000022,93.95,2,7,3,2,29
405.95900000000006,2.9384000000000006,119.97,3,8,3,2,27
295.34600000000006,1.8816,80.21,2,6,2,3,22
269.352,1.4989999999999994,67.07,2,5,2,2,20
297.406,2.2791999999999994,67.07,2,5,2,2,22
379.411,3.733100000000002,75.86,3,6,3,3,26
393.43800000000005,4.123200000000002,75.86,3,6,3,3,27
394.422,4.550200000000003,73.06,2,6,3,3,27
361.40900000000005,2.9343000000000012,107.68,2,7,6,4,27
524.5600000000003,4.208700000000004,136.76999999999998,3,8,7,5,39
285.263,1.2428,108.17,2,7,3,3,21
370.266,2.0980999999999996,100.97,1,7,6,3,26
474.3690000000002,5.439100000000004,99.68,3,6,5,4,31
384.2440000000001,3.5265000000000004,108.47,4,6,3,3,24
315.35400000000004,2.2197000000000005,108.47,4,6,3,3,22
320.78,1.8874,84.38999999999999,2,5,2,2,22
286.335,1.2339999999999995,84.38999999999999,2,5,2,2,21
368.24500000000006,3.820900000000001,88.24000000000001,3,5,3,3,23
299.355,2.514100000000001,88.24000000000001,3,5,3,3,21
466.58200000000016,3.9296000000000024,100.27,4,6,6,3,33
483.03700000000015,4.443900000000003,100.27,4,6,6,3,33
466.58200000000016,3.9296000000000024,100.27,4,6,6,3,33
448.59200000000016,3.7905000000000024,100.27,4,6,6,3,32
449.58000000000015,3.185500000000001,113.16,4,7,6,3,32
363.42500000000007,3.379200000000001,121.67,2,7,3,4,27
426.26700000000017,4.154000000000002,121.67,2,7,3,5,29
409.8120000000001,3.6397000000000013,121.67,2,7,3,5,29
392.8100000000002,2.8956,134.56,2,8,3,5,28
323.42100000000005,3.119500000000002,59.22,1,4,1,3,23
259.37799999999993,2.4415000000000004,42.15,1,4,1,2,18
301.337,2.841400000000001,42.15,1,4,1,2,20
263.36599999999993,1.2714,62.379999999999995,2,5,2,2,18
327.42800000000005,3.618400000000003,42.15,1,4,2,3,23
327.42800000000005,3.618400000000003,42.15,1,4,2,3,23
309.43800000000005,3.479300000000003,42.15,1,4,2,3,22
310.42600000000004,2.8743000000000016,55.04,1,5,2,3,22
310.42600000000004,2.8743000000000016,55.04,1,5,2,3,22
310.42600000000004,2.8743000000000016,55.04,1,5,2,3,22
299.403,2.2024,70.83,2,5,2,3,21
300.38700000000006,2.4673000000000007,68.18,1,6,2,3,21
316.45500000000004,2.9358000000000013,55.04,1,6,2,3,21
301.37500000000006,1.8623,81.07000000000001,1,7,2,3,21
219.31299999999993,1.5667,50.94,2,4,0,2,15
327.409,2.513200000000001,79.45,2,5,5,3,23
442.37100000000004,6.027900000000003,59.22,1,4,5,4,29
471.3800000000001,3.6388000000000025,79.53,1,5,3,3,29
359.45400000000006,4.397900000000003,68.00999999999999,2,4,4,4,26
336.42,3.332300000000002,83.79999999999998,3,4,4,4,24
303.412,2.9125000000000014,68.00999999999999,2,5,4,3,20
416.5060000000001,3.738500000000002,97.10999999999999,3,5,6,4,30
352.24600000000004,4.115300000000001,68.00999999999999,2,4,3,3,22
283.356,2.8085000000000013,68.00999999999999,2,4,3,3,20
298.371,2.3907,94.02999999999999,3,5,3,3,21
328.353,2.7167000000000012,111.15,2,6,4,3,23
423.744,5.043100000000002,64.07,2,3,3,3,28
356.6400000000001,4.312300000000001,64.07,2,3,3,3,22
420.2220000000001,4.028100000000001,88.99,3,5,5,3,27
234.20199999999994,2.7771,48.14,1,4,1,2,15
442.82500000000005,3.5870000000000024,95.42,2,6,5,3,30
427.8140000000001,2.7699000000000007,98.22000000000001,3,6,5,3,29
454.75800000000004,4.360400000000002,86.19000000000001,2,5,5,3,30
325.22,4.764300000000002,48.14,1,4,3,3,20
256.33,3.4575000000000022,48.14,1,4,3,3,18
373.286,4.159200000000001,73.05,1,5,3,3,22
304.396,2.852400000000001,73.05,1,5,3,3,20
250.26999999999995,3.4904,38.91,1,4,1,2,15
405.54800000000006,5.100800000000003,68.00999999999999,2,5,6,4,28
341.288,5.477600000000002,38.91,1,4,3,3,20
272.39799999999997,4.170800000000002,38.91,1,4,3,3,18
424.36800000000005,1.6583999999999992,169.31999999999996,4,7,3,4,29
279.13,3.285300000000001,56.209999999999994,1,3,1,3,18
322.19500000000005,3.658900000000002,64.07,2,3,3,3,21
323.183,3.0539000000000014,76.96,2,4,3,3,21
444.4130000000001,3.474700000000002,90.57000000000001,1,6,2,3,32
396.87800000000016,3.8369000000000026,84.38999999999999,2,5,2,3,28
427.43,3.584800000000002,98.13,2,5,3,3,31
442.44100000000003,4.008500000000003,92.34,2,5,3,3,32
443.42900000000003,3.403500000000002,105.23,2,6,3,3,32
426.442,4.062000000000003,71.25,2,4,3,3,31
427.43,3.4570000000000016,84.14,2,5,3,3,31
427.43,3.4570000000000016,84.14,2,5,3,3,31
427.426,4.489000000000003,68.45,1,4,3,3,31
428.414,3.884000000000003,81.34,1,5,3,3,31
428.414,3.884000000000003,81.34,1,5,3,3,31
429.402,3.2790000000000017,94.23,1,6,3,3,31
428.41400000000004,3.618400000000002,92.34,2,5,3,3,31
359.307,4.109800000000002,89.1,2,4,3,3,26
694.8520000000001,4.747800000000006,137.07,4,9,11,4,51
317.274,3.201600000000001,77.58,1,5,2,3,23
426.292,3.622700000000001,86.19,2,5,4,2,29
435.4500000000001,3.267100000000002,78.43,1,6,5,2,31
297.74899999999997,3.0234000000000005,90.71,2,5,2,3,21
360.42100000000005,3.2600000000000016,94.78999999999999,2,6,3,4,27
488.5480000000002,5.184400000000003,118.09,4,6,6,5,35
440.50800000000027,1.7629999999999995,144.31,3,9,9,3,32
441.49600000000027,1.1579999999999993,157.2,3,10,9,3,32
405.4650000000001,4.343100000000002,102.5,2,7,5,5,31
337.4020000000002,4.233600000000003,69.62,1,4,3,3,25
312.76,4.248100000000003,73.06,2,5,4,3,22
439.9760000000001,3.496100000000001,106.84,2,8,3,3,30
390.9440000000001,3.356200000000001,93.95,2,7,3,2,26
479.01300000000026,3.977400000000002,122.63,3,8,3,4,33
277.371,3.149300000000002,50.94,2,3,5,3,21
333.435,3.860400000000003,51.38,1,4,4,3,25
243.30999999999995,1.9478,60.17,2,4,2,2,18
255.67999999999998,1.9913999999999998,64.07,2,3,3,2,17
272.135,2.505700000000001,64.07,2,3,3,2,17
308.267,2.1710000000000003,74.55,1,4,4,3,22
352.73199999999997,2.1955,91.62,1,5,5,3,24
324.722,2.6853000000000007,74.55,1,4,4,3,22
340.72099999999995,2.3491,83.78,1,5,5,3,23
308.267,2.1710000000000003,74.55,1,4,4,3,22
583.5900000000001,5.142100000000005,110.67,2,7,5,4,42
524.5030000000002,5.003000000000004,135.5,3,6,5,4,38
585.562,4.336000000000003,119.89999999999999,2,8,5,4,42
466.9040000000002,3.379800000000002,110.28,2,8,4,4,33
583.6090000000004,5.976000000000005,76.10000000000001,1,6,7,4,42
543.6130000000002,5.437400000000005,76.10000000000001,1,6,7,3,39
523.9660000000003,4.823300000000004,76.10000000000001,1,6,6,3,36
597.6360000000004,6.366100000000006,76.10000000000001,1,6,7,4,43
313.748,3.6431000000000013,85.95,2,6,4,3,22
415.49700000000024,4.196500000000003,88.08,1,6,5,4,31
428.49600000000027,3.111700000000001,114.01000000000002,4,6,8,5,32
416.48500000000024,3.5915000000000026,100.97000000000001,1,7,5,4,31
349.4380000000002,3.0429000000000013,80.2,2,5,4,3,26
459.59400000000034,4.427700000000004,78.42999999999999,1,6,7,3,34
521.6870000000004,3.7863000000000024,101.49,1,7,7,3,37
433.55600000000027,3.895100000000003,78.42999999999999,1,6,7,3,32
439.5630000000003,4.916300000000004,69.2,1,5,7,4,33
336.27700000000004,2.9495000000000005,91.74000000000001,1,6,3,3,24
394.35700000000014,3.0906000000000016,111.97000000000001,2,7,3,3,28
256.09599999999995,2.0098,90.71,2,5,1,2,16
410.9000000000001,3.3515000000000006,74.07,2,5,4,2,28
396.87300000000005,2.9614000000000003,74.07,2,5,4,2,27
386.93100000000004,2.9622,74.07,2,5,4,2,27
485.50500000000017,3.011000000000001,77.31,2,6,4,2,34
431.9720000000001,1.6368000000000003,86.53999999999999,2,7,4,2,30
477.9720000000002,1.5015000000000005,103.60999999999999,2,7,5,2,33
509.98900000000026,2.1888,103.60999999999999,2,7,5,2,35
524.0160000000003,2.5789,103.60999999999999,2,7,5,2,36
474.00900000000024,1.9435999999999998,103.60999999999999,2,7,5,2,33
490.00800000000027,1.1800000000000013,112.84,2,8,5,2,34
459.9820000000002,1.5998000000000006,112.4,3,7,6,2,32
501.94100000000026,1.9997,112.4,3,7,6,2,34
483.95100000000025,1.7025000000000001,112.4,3,7,7,2,33
426.8990000000001,2.5863000000000005,83.30000000000001,2,6,5,2,29
458.91600000000017,3.273600000000001,83.30000000000001,2,6,5,2,31
453.36000000000007,2.3998,83.30000000000001,2,6,5,2,28
408.9090000000001,2.2907,83.30000000000001,2,6,5,2,28
463.98900000000015,1.9749000000000003,86.53999999999999,2,7,6,2,32
496.0060000000002,2.6622000000000003,86.53999999999999,2,7,6,2,34
510.03300000000024,3.0523000000000016,86.53999999999999,2,7,6,2,35
460.0260000000002,2.417,86.53999999999999,2,7,6,2,32
474.00900000000024,1.9436000000000007,103.61000000000001,2,7,6,2,33
474.0530000000002,2.807100000000001,86.53999999999999,2,7,6,2,33
488.0360000000002,2.3337000000000003,103.61000000000001,2,7,6,2,34
476.0250000000002,1.6534000000000013,95.77000000000001,2,8,6,2,33
476.0250000000002,1.3878000000000008,106.77000000000001,3,8,6,2,33
476.0250000000002,1.3878000000000008,106.77000000000001,3,8,6,2,33
456.9250000000002,2.5604000000000005,92.53,2,7,7,2,31
488.94200000000023,2.900100000000001,92.53,2,7,7,2,33
470.9520000000002,2.602900000000001,92.53,2,7,8,2,32
458.9580000000002,1.0770000000000004,137.76,3,9,6,3,32
491.42700000000025,2.8713000000000006,101.12,2,7,6,3,33
474.9720000000002,2.357,101.12,2,7,6,3,33
456.9820000000002,2.2179,101.12,2,7,6,3,32
456.9820000000002,2.2179,101.12,2,7,6,3,32
457.97000000000025,1.6129,114.00999999999999,2,8,6,3,32
457.97000000000025,1.6129,114.00999999999999,2,8,6,3,32
460.0260000000002,2.417,86.53999999999999,2,7,5,2,32
445.99900000000014,2.0269,86.53999999999999,2,7,5,2,31
390.9190000000001,2.0770999999999997,94.30000000000001,3,6,4,2,27
474.9150000000002,2.2443999999999997,103.53,3,7,5,2,32
474.9150000000002,2.2443999999999997,103.53,3,7,5,2,32
442.95500000000027,2.417,111.98000000000002,3,7,5,3,31
446.48100000000017,2.6981,91.88999999999999,2,6,4,3,32
539.0140000000004,2.748,143.44,3,9,7,3,35
553.0410000000003,3.1381000000000006,143.44,3,9,8,3,36
578.6840000000002,5.7534000000000045,126.8,2,8,6,7,44
490.8830000000003,0.7908999999999997,161.26,3,8,6,3,34
504.91000000000025,1.1809999999999994,161.26,3,8,7,3,35
466.2890000000003,1.1354,149.58,2,10,6,3,31
453.46400000000006,4.747000000000004,57.95,1,5,4,3,33
453.46400000000006,4.747000000000004,57.95,1,5,4,3,33
390.8860000000001,4.323400000000004,40.620000000000005,0,2,3,1,27
404.9130000000001,4.713500000000004,40.620000000000005,0,2,3,1,28
554.5730000000001,4.730700000000002,103.64000000000001,2,7,7,3,40
407.30800000000033,2.5597000000000003,49.85000000000001,0,3,3,1,25
524.3620000000002,5.075400000000004,53.510000000000005,0,4,3,3,32
456.36500000000024,4.056600000000003,53.510000000000005,0,4,3,3,28
352.40000000000015,3.8054000000000023,23.550000000000004,0,2,4,1,25
379.46000000000004,2.7235000000000005,88.59,4,4,9,3,28
469.56000000000006,5.872200000000006,68.36,3,3,6,4,35
451.57000000000005,5.733100000000006,68.36,3,3,6,4,34
393.46200000000005,4.205200000000002,68.36,3,3,5,3,29
375.47200000000004,4.066100000000001,68.36,3,3,5,3,28
411.50500000000005,4.685800000000003,77.15,4,3,8,4,31
412.49300000000005,3.8522000000000016,78.66000000000001,3,4,8,4,31
412.49300000000005,4.080800000000003,90.04,4,4,8,4,31
417.53400000000005,4.747300000000003,77.15,4,4,8,4,30
335.40700000000004,3.0188000000000006,77.15,4,3,7,3,25
410.44500000000005,3.3443000000000005,78.87,2,5,4,2,30
392.45500000000004,3.2052000000000005,78.87,2,5,4,2,29
272.304,1.4574,69.64,2,3,3,1,20
300.35799999999995,2.2376,69.64,2,3,3,1,22
314.385,2.6277,69.64,2,3,3,1,23
322.36400000000003,2.2901000000000002,69.64,2,3,4,2,24
376.334,3.3800000000000017,69.64,2,3,3,2,27
309.32500000000005,1.7562000000000002,82.53,2,4,3,2,23
314.429,3.491200000000002,52.57000000000001,2,3,5,1,23
347.41800000000006,3.2448000000000015,68.36,3,3,5,3,26
348.40600000000006,2.4112,69.87,2,4,5,3,26
294.35400000000004,2.721,52.57000000000001,2,3,4,2,22
308.35900000000004,1.013,86.71000000000001,2,4,4,1,21
358.41900000000004,2.0508,86.71000000000001,2,4,5,2,25
412.38900000000007,2.9285000000000005,86.71000000000001,2,4,4,2,28
412.38900000000007,2.9285000000000005,86.71000000000001,2,4,4,2,28
344.39200000000005,1.9097000000000002,86.71000000000001,2,4,4,2,24
345.38000000000005,1.3047,99.60000000000001,2,5,4,2,24
350.42100000000005,1.9712,86.71000000000001,2,5,4,2,23
345.38000000000005,1.3047,99.60000000000001,2,5,4,2,24
379.3630000000002,1.9912,62.32000000000001,0,4,2,1,27
440.4060000000002,2.882200000000001,87.76,1,5,3,3,32
318.354,2.0060000000000002,95.5,3,4,5,2,22
266.296,3.2475000000000027,54.370000000000005,1,3,5,2,20
388.5110000000001,4.273700000000004,40.620000000000005,0,2,4,2,29
426.9190000000001,5.070600000000005,40.620000000000005,0,2,3,2,30
410.46400000000006,4.556300000000005,40.620000000000005,0,2,3,2,30
374.48400000000004,4.278100000000004,40.620000000000005,0,2,3,2,28
428.8910000000001,4.900400000000005,49.85,0,3,3,2,30
377.9160000000003,2.536100000000001,44.81,1,4,4,1,26
361.46100000000024,2.0218,44.81,1,4,4,1,26
375.4880000000003,2.4119,44.81,1,4,4,1,27
377.9160000000003,2.536100000000001,44.81,1,4,4,1,26
361.46100000000024,2.0218,44.81,1,4,4,1,26
439.9280000000002,3.102100000000002,72.5,0,5,3,4,30
387.61200000000025,3.898100000000003,26.790000000000006,0,3,3,0,28
347.50300000000016,1.5741,36.02,0,4,3,0,25
361.5300000000002,1.9641999999999997,36.02,0,4,3,0,26
375.55700000000024,2.3542999999999994,36.02,0,4,3,0,27
389.5840000000003,2.7444000000000006,36.02,0,4,3,0,28
305.4660000000001,1.8529999999999993,35.580000000000005,1,3,2,0,22
375.55700000000024,2.3543000000000003,36.02,0,4,3,0,27
375.55700000000024,2.3543000000000003,36.02,0,4,2,0,27
367.53700000000026,3.379900000000002,26.790000000000006,0,3,3,1,27
326.36200000000014,3.1960000000000015,32.34,1,2,4,1,23
530.6350000000001,5.1017000000000055,48.790000000000006,0,3,6,2,38
595.67,4.189700000000003,107.37,2,8,6,3,43
596.658,3.5847000000000033,120.26,2,9,6,3,43
594.682,4.794700000000004,94.48,2,7,6,3,43
595.67,4.189700000000004,107.37,2,8,6,3,43
596.658,3.5847000000000024,120.26,2,9,6,3,43
370.4780000000001,2.3579,67.35,1,6,5,2,26
602.856,6.741200000000004,62.22,2,3,7,3,40
430.9760000000004,4.433000000000005,56.92,1,4,6,2,30
444.8810000000002,4.241500000000004,65.71000000000001,2,4,7,2,30
531.5940000000004,5.648500000000007,48.71000000000001,1,3,10,3,38
530.6350000000003,4.959200000000005,48.790000000000006,0,3,6,2,38
531.6230000000004,4.458200000000004,52.03000000000001,0,3,5,2,38
532.6070000000003,3.948000000000003,58.02000000000001,0,4,6,2,38
601.0440000000002,6.484800000000006,70.13,2,3,8,4,42
566.5990000000003,5.831400000000006,70.13,2,3,8,4,41
566.5990000000003,5.776500000000007,64.21000000000001,1,3,8,4,41
550.6000000000003,6.538100000000007,50.160000000000004,1,3,8,4,40
532.6100000000002,6.399000000000007,50.160000000000004,1,3,8,4,39
521.5870000000002,5.727100000000005,65.95,2,3,8,4,38
567.0550000000003,7.052400000000007,50.160000000000004,1,3,8,4,40
568.5900000000003,6.677200000000006,50.160000000000004,1,3,8,4,41
304.3460000000002,3.0066000000000015,89.31,1,4,7,1,22
503.3720000000001,5.664500000000004,103.35000000000001,4,5,10,3,32
456.54600000000016,5.9161000000000055,103.35000000000001,4,5,10,4,34
458.92100000000016,5.555400000000004,103.35000000000001,4,5,10,3,32
264.32500000000005,2.4711,78.43,3,3,8,1,19
506.64600000000024,7.005600000000007,67.43,2,3,13,4,38
322.79600000000005,3.1510000000000007,87.14,3,5,8,2,22
306.341,2.6367000000000003,87.14,3,5,8,2,22
454.5310000000002,2.2781,125.63000000000001,3,8,10,3,33
485.5840000000002,4.352700000000003,89.95,2,4,10,3,36
289.4190000000001,3.209200000000002,49.33,2,2,7,1,21
475.5640000000005,5.034800000000005,66.65,0,5,7,3,35
454.3580000000003,3.7417000000000025,100.21,2,5,8,2,30
379.4350000000002,3.6784000000000026,58.1,1,3,6,3,28
375.87100000000015,4.425600000000004,40.540000000000006,1,3,6,2,26
461.53700000000043,4.644700000000005,66.65,0,5,6,3,34
330.40700000000004,3.4204000000000017,61.02,2,3,6,2,24
331.39500000000004,2.8154000000000003,73.91,2,4,6,2,24
311.35900000000015,0.6721999999999999,89.53999999999999,1,5,6,1,21
321.35800000000006,0.9624999999999999,108.99,2,5,6,2,22
339.34800000000007,1.1016,108.98999999999998,2,5,6,2,23
440.33100000000024,3.351600000000002,100.21,2,5,7,2,29
552.6220000000004,4.280100000000003,94.89,2,6,8,3,40
478.3320000000002,3.9551000000000025,95.85000000000001,1,6,6,3,32
321.28900000000016,0.14639999999999992,127.64000000000001,2,6,6,1,23
349.278,0.5758000000000001,147.09,3,6,6,2,25
456.6340000000002,5.137900000000004,47.61000000000001,2,4,11,3,34
457.6220000000002,3.653400000000002,50.85000000000001,2,5,11,3,34
542.9460000000001,2.3224,103.88999999999999,1,8,6,2,37
337.23800000000006,4.519800000000004,37.3,1,3,5,2,19
426.3040000000002,2.961500000000002,100.21,2,5,6,2,28
461.9570000000002,3.5817000000000014,88.83000000000001,1,6,6,4,33
510.70700000000033,5.397300000000006,48.470000000000006,1,5,8,4,37
380.43800000000005,4.851900000000004,32.34,1,2,8,3,28
323.4360000000001,4.167400000000003,49.33,2,2,5,2,24
357.4250000000001,3.4105000000000016,69.56,3,3,5,2,26
339.4350000000001,3.2714000000000016,69.56,3,3,5,2,25
340.4230000000001,2.666400000000001,82.45,3,4,5,2,25
552.6900000000002,5.788100000000005,53.010000000000005,1,5,12,4,41
443.5870000000003,5.121400000000005,49.77,1,4,10,3,33
610.7980000000001,6.851500000000008,53.010000000000005,1,5,13,5,46
534.7000000000002,5.649000000000005,53.010000000000005,1,5,12,4,40
324.42400000000004,3.562400000000003,62.22,2,3,5,2,24
324.4240000000001,3.562400000000003,62.22,2,3,5,2,24
487.9190000000003,2.8088000000000015,109.46000000000001,2,5,7,3,34
487.9190000000003,2.8088000000000015,109.46000000000001,2,5,7,3,34
488.90700000000027,2.2037999999999993,122.35,2,6,7,3,34
537.9790000000003,3.9620000000000024,109.46000000000001,2,5,7,4,38
488.90700000000027,2.2037999999999993,122.35,2,6,7,3,34
488.90700000000027,2.2037999999999993,122.35,2,6,7,3,34
419.45800000000014,3.6833000000000027,91.75,1,5,5,3,30
361.4380000000001,2.9467000000000017,54.45,0,4,5,2,25
379.4280000000001,3.0858000000000017,54.45,0,4,5,2,26
539.5680000000002,1.3107000000000002,138.02,3,9,9,2,39
434.55900000000025,4.415600000000004,41.370000000000005,0,3,5,3,32
436.53100000000023,3.2619000000000025,50.60000000000001,0,4,5,3,32
404.43000000000006,1.3581999999999999,108.39,1,7,5,2,30
431.46200000000016,3.7281000000000013,64.26,2,4,5,3,31
598.7250000000004,4.212900000000004,98.49,2,9,7,5,43
569.5780000000002,5.192700000000005,53.400000000000006,1,4,8,4,41
373.4970000000002,2.352999999999999,54.04,1,5,6,1,27
503.5210000000004,3.690700000000003,79.9,2,5,6,2,36
498.5490000000003,4.443300000000004,77.23,3,3,6,3,36
503.5210000000004,3.690700000000003,79.9,2,5,6,2,36
494.4890000000003,2.600100000000001,94.56,3,5,6,2,35
546.5900000000001,3.3923000000000023,103.79,3,6,8,2,39
574.522,3.4021000000000026,103.79,3,6,8,2,40
481.5400000000003,3.127500000000002,81.67,3,5,6,2,33
482.5280000000003,2.522500000000001,94.56,3,6,6,2,33
477.4870000000003,1.8559999999999999,107.45,3,6,6,2,34
482.5280000000003,2.522500000000001,94.56,3,6,6,2,33
532.5880000000002,3.6757000000000026,94.56,3,6,6,3,37
466.4600000000003,2.054,107.7,3,6,6,2,33
482.5280000000003,2.522500000000001,94.56,3,6,6,2,33
483.5160000000003,1.9175,107.45,3,7,6,2,33
503.52100000000036,3.6602000000000023,98.74000000000001,3,4,7,2,36
528.6190000000003,4.562200000000004,64.68,2,4,7,2,38
475.5110000000003,3.667600000000003,81.67,3,4,6,2,34
476.4990000000003,3.0626000000000015,94.56,3,5,6,2,34
499.5370000000003,3.838300000000003,90.12,3,4,6,3,36
459.5120000000003,3.9620000000000033,61.440000000000005,2,3,6,2,33
460.5000000000003,3.357000000000003,74.33000000000001,2,4,6,2,33
476.4990000000003,3.0626000000000015,94.56000000000002,3,5,6,2,34
461.4880000000003,2.7520000000000016,87.22000000000001,2,5,6,2,33
477.5020000000003,4.043200000000003,61.440000000000005,2,3,6,2,34
493.5010000000003,3.2051000000000025,81.67,3,4,6,2,35
517.5480000000003,3.0009000000000015,90.9,3,5,6,2,37
519.5200000000003,2.7947000000000015,100.13000000000001,3,6,6,2,37
475.5110000000003,3.0660000000000016,81.67,3,4,6,2,34
476.4990000000003,2.461000000000001,94.56,3,5,6,2,34
566.5710000000001,3.8464000000000036,81.75,2,4,8,2,40
530.5910000000002,3.5682000000000027,81.75,2,4,8,2,38
565.0360000000002,4.221600000000004,81.75,2,4,8,2,39
548.5810000000001,3.7073000000000027,81.75,2,4,8,2,39
567.5590000000002,2.3619000000000003,84.99000000000001,2,5,8,2,40
531.5790000000003,2.0837,84.99000000000001,2,5,8,2,38
566.0240000000001,2.7371000000000008,84.99000000000001,2,5,8,2,39
549.5690000000002,2.2228000000000003,84.99000000000001,2,5,8,2,39
490.52600000000035,2.8511000000000015,94.56,3,5,6,2,35
490.52600000000035,2.8511000000000015,94.56,3,5,6,2,35
491.51400000000035,2.2461,107.45,3,6,6,2,35
490.52600000000035,2.8511000000000015,94.56,3,5,6,2,35
491.51400000000035,2.2461,107.45,3,6,6,2,35
491.51400000000035,2.2461,107.45,3,6,6,2,35
491.51400000000035,2.2461,107.45,3,6,6,2,35
491.51400000000035,2.2461,107.45,3,6,6,2,35
489.5380000000003,3.322900000000003,81.67,3,4,6,2,35
435.52400000000034,2.671900000000001,79.9,2,5,6,2,32
370.5370000000002,3.5874000000000024,52.57,2,3,5,1,27
384.5640000000002,3.977500000000002,52.57,2,3,5,1,28
384.5640000000002,3.977500000000002,52.57,2,3,5,1,28
384.5640000000002,3.977500000000002,52.57,2,3,5,1,28
398.5910000000002,4.367600000000003,52.57,2,3,5,1,29
368.5650000000002,4.862600000000005,32.34,1,2,5,1,27
445.4340000000004,5.831800000000006,32.34,1,2,6,2,30
344.3670000000001,2.535100000000001,76.13,1,4,5,3,24
573.563,4.771600000000004,90.38000000000001,3,7,6,3,39
431.46200000000016,3.728100000000002,64.26,2,4,5,3,31
505.5660000000003,3.7528000000000024,90.38000000000001,3,7,6,3,35
411.4280000000002,2.0975,93.28,4,5,5,2,29
515.5360000000003,4.249100000000004,91.51,3,6,6,3,37
471.52700000000027,4.520400000000004,73.05,3,4,6,3,34
472.51500000000027,3.9154000000000035,85.94,3,5,6,3,34
478.54400000000027,3.976900000000003,85.94,3,6,6,3,33
488.5140000000003,3.1396000000000015,95.04999999999998,3,5,6,3,35
574.5509999999999,4.166600000000003,103.27,3,8,6,3,39
505.5660000000003,3.7528000000000024,90.38000000000001,3,7,6,3,35
506.55400000000026,3.147800000000002,103.27,3,8,6,3,35
500.5250000000003,3.6879000000000026,103.27,3,7,6,3,36
483.5380000000003,4.587300000000004,70.14999999999999,2,5,6,3,35
499.5370000000003,4.292900000000003,90.38,3,6,6,3,36
484.5260000000003,3.982300000000004,83.03999999999999,2,6,6,3,35
484.5260000000003,3.982300000000003,83.03999999999999,2,6,6,3,35
499.5370000000003,3.6913000000000027,90.38,3,6,6,3,36
506.5540000000003,3.147800000000002,103.27,3,8,6,3,35
506.5540000000003,3.147800000000002,103.27,3,8,6,3,35
506.5540000000003,3.147800000000002,103.27,3,8,6,3,35
559.5890000000002,3.714800000000003,100.88000000000001,3,7,8,3,40
522.5970000000003,3.4426000000000023,95.31,3,7,8,3,36
516.5200000000003,4.514000000000004,88.86,2,7,6,3,37
479.52800000000025,4.241800000000003,83.28999999999999,2,7,6,3,33
479.52800000000025,4.241800000000003,83.28999999999999,2,7,6,3,33
397.5000000000001,3.161500000000002,74.69,2,6,6,3,28
346.184,3.3429,67.00999999999999,2,3,4,3,21
576.2739999999999,6.144200000000004,84.5,2,4,9,3,35
527.8020000000001,5.243200000000004,84.5,2,4,8,3,33
541.8290000000001,5.490800000000005,84.5,2,4,9,3,34
445.70000000000005,4.746000000000003,68.29,1,4,6,3,27
542.817,4.885800000000004,97.39000000000001,2,5,9,3,34
463.69000000000005,4.885100000000002,68.29,1,4,6,3,28
445.70000000000005,4.746000000000003,68.29,1,4,6,3,27
542.817,4.885800000000004,97.39000000000001,2,5,9,3,34
429.245,4.231700000000004,68.29,1,4,6,3,27
411.255,4.092600000000003,68.29,1,4,6,3,26
457.83600000000024,3.8747000000000025,86.48,1,6,7,2,31
395.3110000000002,4.226100000000002,41.57,1,3,3,2,25
431.4140000000002,4.832200000000004,64.55,0,5,5,3,31
432.40200000000016,3.251500000000001,76.58,1,6,5,3,31
363.41700000000026,3.8134000000000023,64.55,0,5,5,3,27
364.4050000000002,2.2326999999999995,76.58,1,6,5,3,27
357.207,4.014800000000003,51.22,1,3,4,3,22
491.94100000000014,5.309100000000004,46.5,1,3,7,3,34
507.94000000000017,5.188900000000005,55.730000000000004,1,4,8,3,35
389.9080000000002,3.832200000000002,53.6,2,4,5,2,26
359.8590000000001,5.670900000000002,43.1,0,5,4,4,23
420.45000000000016,4.994200000000003,110.14999999999999,2,6,7,4,30
556.0190000000002,4.1906000000000025,120.32,3,6,7,4,38
520.3380000000002,5.424700000000002,61.77,1,3,5,3,35
537.5710000000003,3.781500000000002,128.29,4,8,11,4,39
317.3920000000001,4.135300000000002,57.78,2,2,5,3,24
421.46100000000024,1.4998999999999998,110.29000000000002,0,7,7,3,31
418.5010000000003,1.6218999999999997,76.38000000000001,0,6,6,3,31
418.46100000000024,1.1278999999999992,106.07000000000001,0,8,6,4,31
447.45900000000023,0.42029999999999923,128.19,0,10,4,4,33
318.1890000000001,1.8791,69.81,3,3,5,2,24
587.4420000000002,6.155500000000004,61.77,1,3,5,3,41
391.2620000000001,2.3224,66.63000000000001,0,5,3,3,26
460.40500000000026,3.662600000000002,70.23,3,3,7,2,31
520.3380000000002,5.424700000000003,61.77,1,3,5,3,35
427.5480000000002,4.011800000000004,55.81,2,4,6,3,32
472.9920000000002,4.3655000000000035,58.56,0,5,8,2,33
455.0020000000002,4.2264000000000035,58.56,0,5,8,2,32
455.0020000000001,4.272700000000003,67.35,1,5,9,2,32
488.99100000000016,3.3363000000000023,78.79,1,6,8,2,34
472.9920000000002,4.3655000000000035,58.56,0,5,8,2,33
501.0460000000003,5.145700000000005,58.56,0,5,8,2,35
455.9900000000002,3.621400000000002,71.45,0,6,8,2,32
398.41900000000015,2.4324000000000003,109.83000000000001,0,6,7,2,29
493.60800000000006,5.165300000000004,91.92999999999999,3,6,9,4,35
493.60800000000006,5.165300000000004,91.92999999999999,3,6,9,4,35
473.56200000000024,3.992400000000001,105.16,2,9,8,4,34
407.5140000000002,2.625400000000001,61.88000000000001,1,4,7,2,30
496.68000000000023,5.007200000000005,48.470000000000006,1,5,7,4,36
330.431,4.183600000000003,32.34,1,2,7,3,25
549.0350000000002,2.144899999999999,123.48,2,8,5,4,39
376.3380000000001,2.689000000000001,79.78,2,3,4,3,27
537.5710000000003,3.7124000000000024,117.43,3,8,11,4,39
617.5500000000002,3.8294000000000032,163.96,4,9,13,4,43
359.3510000000001,4.012300000000003,38.13,0,2,4,3,26
359.3510000000001,3.954400000000004,38.13,0,2,3,3,26
359.35100000000006,4.000700000000004,46.92,1,2,4,3,26
417.509,2.883700000000001,83.36,3,4,7,3,31
473.8920000000003,2.4187000000000003,109.46000000000001,2,5,6,3,33
418.497,2.2787000000000006,96.25,3,5,7,3,31
473.8920000000003,2.4187000000000003,109.46000000000001,2,5,6,3,33
260.253,1.1077,90.06,1,4,5,2,19
474.8800000000002,1.8136999999999992,122.35,2,6,6,3,33
576.5269999999999,3.2064000000000017,113.16000000000001,1,9,7,3,39
562.5,2.8163000000000014,113.16000000000001,1,9,6,3,38
523.9520000000002,3.571900000000002,109.46000000000001,2,5,6,4,37
468.5570000000002,3.4319000000000015,96.25,3,5,7,4,35
418.497,2.2787000000000006,96.25,3,5,7,3,31
474.8800000000002,1.8136999999999992,122.35,2,6,6,3,33
475.8680000000003,1.208699999999999,135.23999999999998,2,7,6,3,33
418.497,2.2787000000000006,96.25,3,5,7,3,31
474.8800000000002,1.8136999999999992,122.35,2,6,6,3,33
475.8680000000003,1.208699999999999,135.23999999999998,2,7,6,3,33
524.9400000000003,2.9669000000000008,122.35,2,6,6,4,37
427.33500000000004,3.5154000000000023,115.82000000000002,0,6,9,2,30
414.5530000000002,4.792800000000004,48.470000000000006,1,3,3,3,31
398.9380000000002,4.293000000000003,48.470000000000006,1,3,3,2,28
420.34000000000015,4.784500000000005,45.67,0,3,4,2,28
404.5990000000003,2.6335000000000015,39.260000000000005,0,4,2,0,29
460.6440000000002,2.843400000000001,64.17000000000002,0,4,3,1,32
460.6440000000002,2.843400000000001,64.17000000000002,0,4,3,1,32
271.36400000000003,1.9021999999999997,26.790000000000006,0,2,1,1,20
299.418,2.6824000000000012,26.790000000000006,0,2,1,1,22
411.52700000000016,3.2608000000000024,45.25000000000001,0,5,2,2,29
415.5410000000002,3.735400000000002,51.71000000000001,1,4,3,3,31
370.4280000000002,2.5100000000000007,50.60000000000001,0,4,1,2,27
410.4000000000002,1.9083999999999997,68.42,0,5,1,2,29
544.5340000000001,4.348100000000002,104.08000000000001,1,7,5,3,39
611.6690000000002,3.3046000000000015,127.60000000000001,3,9,6,3,44
451.53300000000036,4.0927000000000024,54.46000000000001,1,4,3,1,32
421.5070000000003,4.466200000000003,45.230000000000004,1,3,3,1,30
435.53400000000033,4.8563000000000045,45.230000000000004,1,3,3,1,31
449.5610000000004,5.246400000000005,45.230000000000004,1,3,3,1,32
437.5060000000003,3.702600000000002,54.46000000000001,1,4,3,1,31
485.57200000000034,3.1008000000000013,79.37,1,5,3,1,33
453.5740000000003,4.419200000000004,45.230000000000004,1,4,3,1,31
451.53300000000036,3.9502000000000024,54.46000000000001,1,4,4,1,32
499.57700000000034,4.802400000000005,45.67000000000001,0,4,3,2,36
439.4780000000003,2.6914000000000007,63.69000000000001,1,5,3,1,31
299.41800000000006,2.6824000000000012,26.790000000000006,0,2,2,1,22
318.82900000000006,3.187000000000001,41.13,2,2,4,2,21
358.772,4.4856000000000025,41.13,2,2,2,2,23
399.39400000000023,3.261800000000002,66.74000000000001,2,5,3,2,27
379.938,4.518600000000003,44.370000000000005,2,4,3,2,24
363.8700000000002,4.050100000000003,57.510000000000005,2,4,3,2,24
383.4760000000001,5.028600000000003,54.02,2,3,3,4,28
370.4340000000001,3.3218000000000023,87.51,2,5,4,2,26
408.3020000000001,4.2924000000000015,67.16,2,5,3,3,23
329.40600000000006,3.5299000000000014,67.16,2,5,3,3,22
419.32900000000006,4.094400000000001,66.91,2,5,3,3,24
383.5230000000001,4.542600000000003,54.02,2,5,2,3,25
415.11000000000007,3.7334000000000014,54.02,2,3,2,2,20
602.4000000000004,7.246200000000006,41.57000000000001,1,3,6,3,37
586.9330000000004,6.126900000000006,54.46000000000001,1,4,6,3,37
586.9330000000004,6.126900000000006,54.46000000000001,1,4,6,3,37
603.3880000000004,6.641200000000006,54.46000000000001,1,4,6,3,37
569.9310000000005,5.382800000000006,67.35000000000001,1,5,6,3,36
569.9310000000005,5.382800000000006,67.35000000000001,1,5,6,3,36
569.4900000000005,6.217600000000006,41.57000000000001,1,3,6,3,37
507.6560000000005,4.718900000000004,87.74000000000001,2,5,10,3,36
533.5100000000003,5.939400000000007,41.57000000000001,1,3,6,3,35
454.61400000000026,5.176900000000005,41.57000000000001,1,3,6,3,34
383.4110000000001,3.158600000000001,100.89000000000001,2,6,5,4,29
568.9430000000004,5.987800000000006,54.46000000000001,1,4,6,3,36
552.4880000000004,5.473500000000006,54.46000000000001,1,4,6,3,36
356.416,4.6585000000000045,44.89,2,1,3,2,26
357.404,4.053500000000002,57.78,2,2,3,2,26
357.404,3.9094000000000024,57.78,2,2,3,2,26
423.34100000000007,4.968400000000003,64.11,1,4,4,3,30
405.35100000000006,4.671200000000003,64.11,1,4,4,3,29
401.44200000000006,4.064200000000002,78.94,3,6,7,3,28
403.5260000000003,3.339900000000002,52.650000000000006,1,3,6,2,30
474.9600000000003,3.580700000000003,71.03,2,5,7,2,33
472.96900000000034,3.1472000000000016,91.26,3,6,7,2,33
444.93800000000016,4.092800000000003,67.35,1,5,7,2,31
458.9650000000002,4.482900000000004,67.35,1,5,8,2,32
458.9650000000002,4.482900000000004,67.35,1,5,8,2,32
515.0730000000003,6.0433000000000066,67.35,1,5,12,2,36
382.4230000000002,3.339900000000001,76.88,1,4,4,4,29
382.4230000000002,3.339900000000001,76.88,1,4,4,4,29
422.4440000000002,2.3111000000000006,90.93,1,4,3,4,32
406.44500000000016,3.072700000000001,76.88,1,4,3,4,31
439.5190000000002,4.729900000000004,84.15,1,5,4,4,33
456.46800000000013,5.200500000000004,71.26,1,4,4,3,33
389.4590000000001,3.5767000000000024,84.15,1,5,4,3,29
389.4590000000001,3.5767000000000024,84.15,1,5,4,3,29
389.4590000000001,3.5767000000000024,84.15,1,5,4,3,29
390.4470000000001,2.971700000000001,97.04,1,6,4,3,29
439.5190000000002,4.729900000000004,84.15,1,5,4,4,33
390.4470000000001,2.971700000000001,97.04,1,6,4,3,29
361.4450000000001,4.2729000000000035,58.370000000000005,1,3,3,3,27
312.3730000000001,2.5147000000000004,71.26,1,4,3,2,23
312.3730000000001,2.5147000000000004,71.26,1,4,3,2,23
310.40100000000007,2.785700000000001,50.160000000000004,1,2,3,2,23
311.38900000000007,2.1807,63.050000000000004,1,3,3,2,23
311.38900000000007,2.1807,63.050000000000004,1,3,3,2,23
417.5530000000003,3.730000000000003,52.650000000000006,1,3,6,2,31
387.36100000000005,4.723200000000003,64.11,1,4,4,3,28
431.5800000000004,4.120100000000003,52.650000000000006,1,3,6,2,32
423.5790000000004,3.2620000000000022,87.74000000000001,2,5,9,1,29
437.60600000000045,3.6521000000000026,87.74000000000001,2,5,9,1,30
409.55200000000036,2.871900000000001,87.74000000000001,2,5,8,1,28
395.5250000000003,2.4818,87.74000000000001,2,5,7,1,27
409.55200000000036,2.871900000000001,87.74000000000001,2,5,7,1,28
502.4610000000002,7.719500000000006,46.92,1,2,5,3,34
486.00600000000014,7.205200000000006,46.92,1,2,5,3,34
357.36000000000007,3.416900000000002,67.00999999999999,2,3,3,3,26
494.61300000000034,2.5941,95.94,2,6,4,2,35
389.446,4.146700000000004,58.370000000000005,1,4,4,2,28
390.434,3.5417000000000023,71.26,1,5,4,2,28
390.434,3.5417000000000023,71.26,1,5,4,2,28
450.46600000000024,3.542500000000003,81.01,1,6,3,3,33
450.46600000000024,3.542500000000003,81.01,1,6,3,3,33
463.46500000000026,3.248300000000002,108.55,2,6,3,4,34
458.8730000000003,3.7086000000000023,81.01,1,6,4,3,32
538.5950000000005,3.291200000000001,94.89,2,6,8,3,39
496.4320000000003,4.406700000000003,71.78,1,5,6,3,35
551.6340000000005,4.861300000000005,75.02000000000001,1,6,11,3,40
571.6020000000003,3.9299000000000035,109.16000000000001,1,8,9,3,40
539.6230000000004,4.720400000000004,75.02000000000001,1,6,9,3,39
541.5950000000004,3.5667000000000018,84.25000000000001,1,7,9,3,39
419.45600000000024,3.807800000000002,78.34,2,4,4,4,31
460.4080000000003,3.6480000000000024,81.01,1,6,4,3,33
438.45500000000027,3.0977000000000015,81.01,1,6,4,3,32
475.32800000000026,4.222900000000004,81.01,1,6,4,3,32
458.8730000000002,3.7086000000000023,81.01,1,6,4,3,32
442.41800000000023,3.194300000000002,81.01,1,6,4,3,32
424.4280000000002,3.055200000000001,81.01,1,6,4,3,31
485.33400000000023,3.678600000000002,81.01,1,6,4,3,31
440.8830000000002,3.5695000000000023,81.01,1,6,4,3,31
424.4280000000002,3.055200000000001,81.01,1,6,4,3,31
422.43700000000024,2.6217000000000006,101.24000000000001,2,7,4,3,31
472.44400000000024,3.517500000000002,90.24000000000001,1,7,6,3,34
406.4380000000002,2.916100000000001,81.01,1,6,4,3,30
419.45600000000024,3.807800000000002,78.34,2,4,4,4,31
447.4660000000003,3.168000000000002,95.41000000000001,2,5,4,4,33
448.4500000000003,3.432900000000002,92.76,1,6,4,4,33
421.4280000000002,3.4677000000000024,88.58,1,6,4,4,31
437.4270000000003,2.761000000000001,108.55,2,6,4,4,32
438.4110000000003,3.025900000000001,105.89999999999999,1,7,4,4,32
420.4400000000002,4.072700000000003,75.69,1,5,4,4,31
436.5080000000003,4.5412000000000035,62.550000000000004,1,5,4,4,31
398.40900000000016,3.465600000000002,62.550000000000004,1,4,4,3,29
380.41900000000015,3.326500000000002,62.550000000000004,1,4,4,3,28
557.5830000000001,5.128600000000005,43.75000000000001,1,3,5,2,39
505.5850000000005,3.5766000000000027,52.980000000000004,1,4,5,2,36
539.6240000000003,2.5847000000000007,77.89000000000001,1,5,5,2,37
540.6300000000002,5.239700000000005,60.74000000000001,2,3,6,3,39
526.6030000000003,5.755300000000006,60.74000000000001,2,3,5,3,38
531.6230000000004,4.504500000000004,60.82000000000001,1,3,5,2,38
464.5320000000004,3.874400000000003,60.74000000000001,2,3,5,2,33
511.5920000000004,5.272200000000005,53.400000000000006,1,3,6,3,37
514.5670000000003,6.146300000000006,40.510000000000005,1,2,5,3,37
497.56500000000034,5.402200000000005,53.400000000000006,1,3,5,3,36
478.5590000000004,4.4070000000000045,60.74000000000001,2,3,6,2,34
436.4780000000003,3.2367000000000017,60.74000000000001,2,3,4,2,31
436.4780000000003,3.2367000000000017,60.74000000000001,2,3,4,2,31
547.6250000000003,6.076800000000007,45.440000000000005,1,2,5,4,40
555.6450000000004,4.833200000000004,61.77000000000001,2,4,8,3,40
548.6130000000003,5.533700000000005,75.08000000000001,2,4,8,4,40
536.6020000000003,5.397700000000005,67.12,2,3,8,4,39
536.6020000000003,5.397700000000005,67.12,2,3,8,4,39
537.5900000000003,4.792700000000004,80.01,2,4,8,4,39
532.6100000000002,6.549300000000006,49.300000000000004,2,2,7,4,39
522.5750000000003,5.272400000000004,77.98,3,3,7,4,38
516.6080000000004,4.843400000000005,69.53,3,3,5,2,37
524.5400000000003,4.287700000000004,83.44,2,4,6,3,36
486.53800000000024,4.493300000000003,69.53,3,3,7,3,35
486.53800000000024,4.493300000000003,69.53,3,3,7,3,35
478.90200000000027,4.232200000000003,70.13,2,3,5,3,33
403.36000000000007,3.9596000000000027,73.34,1,5,4,3,29
343.3330000000001,3.0268000000000015,67.00999999999999,2,3,3,3,25
357.36000000000007,3.416900000000002,67.00999999999999,2,3,3,3,26
391.3990000000001,2.4250000000000007,91.91999999999999,2,4,3,3,27
386.43300000000016,1.0340999999999998,125.03999999999999,3,6,4,3,27
405.4260000000001,2.815100000000001,91.91999999999999,2,4,3,3,28
474.55200000000013,4.326800000000004,48.470000000000006,1,5,5,3,33
446.62000000000023,4.174500000000004,48.470000000000006,1,5,6,3,32
500.6430000000002,5.217400000000005,48.470000000000006,1,5,6,4,36
483.6410000000002,4.4733000000000045,61.36000000000001,1,6,6,4,35
474.55200000000013,4.326800000000004,48.470000000000006,1,5,5,3,33
446.62000000000023,4.174500000000004,48.470000000000006,1,5,6,3,32
517.0980000000002,5.731700000000006,48.470000000000006,1,5,6,4,36
500.6430000000002,5.217400000000006,48.470000000000006,1,5,6,4,36
482.6530000000002,5.078300000000005,48.470000000000006,1,5,6,4,35
483.6410000000002,4.4733000000000045,61.36000000000001,1,6,6,4,35
472.6140000000002,4.671300000000005,61.61000000000001,1,6,6,4,34
473.6020000000002,4.066300000000004,74.5,1,7,6,4,34
403.48600000000016,3.5781000000000027,84.15,1,5,3,3,30
417.51300000000015,3.968200000000003,84.15,1,5,3,3,31
344.3740000000001,1.702499999999999,75.5,2,4,2,4,26
567.6120000000004,3.9131000000000027,107.45,3,6,7,3,41
567.6120000000004,3.9131000000000027,107.45,3,6,7,3,41
568.6000000000005,3.308100000000003,120.34,3,7,7,3,41
568.6000000000005,3.308100000000003,120.34,3,7,7,3,41
557.5730000000004,3.5061000000000027,120.59,3,7,7,3,40
573.6410000000004,3.974600000000004,107.45,3,7,7,3,40
490.52600000000024,2.8511000000000015,94.56,3,5,6,2,35
515.4990000000003,5.053000000000003,105.58000000000001,2,7,7,5,38
474.6090000000002,4.582400000000003,87.39,1,6,5,3,35
488.6360000000002,4.972500000000005,87.39,1,6,5,3,36
490.6080000000002,3.818800000000002,96.62,1,7,5,3,36
504.6350000000002,4.208900000000003,96.62,1,7,5,3,37
463.5440000000001,4.519500000000003,57.5,2,3,6,2,33
478.5590000000001,4.454900000000003,69.53,3,3,6,2,34
414.34600000000006,3.4407000000000014,59.59,2,4,7,1,28
371.38700000000006,3.807000000000002,67.00999999999999,2,3,4,3,27
357.36000000000007,3.416900000000002,67.00999999999999,2,3,4,3,26
371.38700000000006,3.664500000000002,67.00999999999999,2,3,4,3,27
626.5880000000002,7.9732000000000065,49.410000000000004,1,2,10,3,44
612.6050000000002,8.446600000000004,32.34,1,2,11,3,43
457.1990000000003,4.792900000000004,45.230000000000004,1,3,5,2,26
445.31200000000024,5.654200000000005,32.34,1,2,5,2,29
357.36000000000007,3.2744000000000018,67.00999999999999,2,3,4,3,26
371.38700000000006,3.664500000000002,67.00999999999999,2,3,4,3,27
336.39500000000004,2.7813000000000008,79.89999999999999,2,4,4,3,25
419.5290000000003,3.377100000000002,83.13999999999999,2,5,6,3,31
435.5280000000003,2.613500000000001,92.36999999999999,2,6,6,3,32
366.4210000000001,2.2736,100.13,3,5,5,3,27
419.5290000000003,3.377100000000002,83.13999999999999,2,5,6,3,31
434.54400000000027,2.1865000000000006,95.16999999999999,3,6,6,3,32
435.5280000000003,2.613500000000001,92.36999999999999,2,6,6,3,32
366.4210000000001,2.2736,100.13,3,5,5,3,27
370.47200000000004,4.275300000000003,57.260000000000005,2,3,7,2,27
422.9600000000002,4.220400000000003,48.470000000000006,1,4,7,3,30
457.4050000000002,4.873800000000004,48.470000000000006,1,4,7,3,31
388.51500000000016,3.567000000000002,48.470000000000006,1,4,7,3,29
368.2600000000001,4.074700000000003,58.56,2,3,8,2,24
400.48200000000014,3.2166000000000015,66.71000000000001,1,4,5,4,30
520.6550000000002,4.715900000000004,107.61000000000001,3,5,10,3,37
522.5840000000002,6.0697000000000045,104.10000000000001,4,5,9,5,39
363.24800000000005,4.101700000000003,69.81,3,3,6,3,24
377.4920000000003,3.3907000000000025,73.05,3,4,8,3,28
363.3430000000001,3.208700000000001,82.7,3,4,6,3,26
637.6890000000002,3.5763000000000016,181.20999999999998,7,8,14,5,47
417.42200000000025,4.131200000000003,45.230000000000004,1,3,5,1,29
383.41400000000027,2.7323000000000004,54.46000000000001,1,4,5,1,27
570.6120000000001,3.7874000000000025,94.89,2,6,8,3,41
428.5330000000002,3.626500000000002,77.49000000000001,3,5,6,3,30
419.4380000000003,4.221500000000003,45.230000000000004,1,3,5,1,29
371.40300000000025,2.575,54.46000000000001,1,4,5,1,26
385.4300000000003,2.8226000000000004,54.46000000000001,1,4,5,1,27
385.4300000000003,2.8226000000000004,54.46000000000001,1,4,5,1,27
397.44100000000026,2.9635000000000007,54.46000000000001,1,4,5,1,28
367.4400000000003,2.7414000000000005,54.46000000000001,1,4,6,1,26
401.4290000000003,2.702400000000001,63.69000000000001,1,5,6,1,28
432.4460000000001,2.262200000000001,64.68,2,4,5,2,31
462.5690000000003,3.6987000000000023,57.7,1,5,7,3,34
512.6070000000003,2.8874000000000013,91.84,1,6,7,3,36
430.9800000000002,3.942400000000003,66.49000000000001,2,5,8,2,30
460.0220000000002,3.238100000000002,69.73,2,6,10,2,32
429.54000000000025,2.3337000000000003,69.73,2,6,9,2,31
555.0500000000003,3.805500000000003,94.89,2,6,8,3,39
386.45500000000015,2.8265000000000002,66.71000000000001,1,4,4,4,29
534.6320000000004,3.542200000000002,94.89,2,6,8,3,39
617.4770000000004,6.216000000000005,100.63,2,6,9,3,40
400.48200000000014,3.2166000000000015,66.71000000000001,1,4,4,4,30
493.05100000000033,4.411500000000004,67.23,1,4,8,3,35
509.05000000000035,3.6479000000000026,76.46000000000001,1,5,8,3,36
355.4420000000001,1.6872999999999998,78.52000000000001,3,5,7,2,26
268.74399999999997,1.4020000000000006,41.57000000000001,1,3,4,1,18
404.44500000000016,2.7745000000000015,66.71000000000001,1,4,4,4,30
404.44500000000016,2.7745000000000015,66.71000000000001,1,4,4,4,30
558.5640000000003,6.559300000000004,104.10000000000001,4,5,8,5,41
381.3980000000001,3.477800000000001,78.00999999999999,3,3,5,2,27
516.7900000000002,4.357000000000002,117.62,3,6,8,3,32
333.3470000000001,1.7229999999999999,83.7,2,4,3,4,25
434.4390000000001,3.9711000000000025,76.13,1,4,6,3,30
435.23600000000005,1.7148999999999996,88.16,2,5,6,2,30
461.3930000000002,3.777700000000003,71.6,3,4,7,3,31
344.1540000000001,2.0728999999999997,104.46000000000001,3,5,5,2,22
445.44100000000014,3.939600000000003,84.34,2,5,9,3,32
415.41500000000013,4.447300000000004,64.11,1,4,8,3,30
482.40900000000016,4.443700000000003,86.23,1,6,10,3,34
456.5120000000001,4.462000000000004,50.160000000000004,1,3,7,3,33
509.0120000000003,5.268500000000005,52.57000000000001,2,3,7,2,35
508.3770000000003,3.608100000000001,94.66,3,5,7,3,34
609.532,2.8634000000000004,132.04,3,7,9,3,40
609.5320000000002,2.9097,140.82999999999998,4,7,10,3,40
613.5200000000002,1.7395999999999987,161.05999999999997,5,8,11,3,40
508.3770000000003,3.608100000000001,94.66,3,5,7,3,34
490.3870000000003,3.469000000000001,94.66,3,5,7,3,33
508.32400000000024,3.334600000000001,94.66,3,5,7,2,33
462.37700000000024,4.108800000000002,77.59,3,4,7,3,31
481.3020000000002,3.3694000000000006,90.48,3,5,7,2,31
453.3700000000003,3.2280000000000006,90.48,3,5,8,2,30
490.3870000000003,3.469000000000001,94.66,3,5,7,3,33
475.37600000000026,3.5707000000000013,87.58,2,6,7,3,32
491.3750000000003,2.864,107.54999999999998,3,6,7,3,33
463.36500000000024,3.503800000000001,90.47999999999999,3,5,7,3,31
479.36400000000026,3.0984000000000007,99.58999999999997,3,5,6,3,32
478.55900000000014,4.310800000000003,69.53,3,3,6,2,34
626.5880000000002,7.9732000000000065,49.410000000000004,1,2,10,3,44
357.36000000000007,3.2744000000000018,67.00999999999999,2,3,4,3,26
463.8990000000001,2.2809,97.41000000000001,1,7,4,2,31
472.3280000000002,3.5755000000000017,95.41000000000001,2,4,5,3,32
486.35500000000025,3.6658000000000017,95.41000000000001,2,4,5,3,33
474.34400000000016,3.4949000000000012,95.41000000000001,2,4,6,3,32
475.3320000000002,3.245300000000002,107.44000000000001,3,4,5,3,32
543.4200000000001,4.403100000000003,104.64,2,5,5,3,38
527.4250000000001,4.239900000000002,100.21000000000001,2,5,5,3,37
476.31600000000014,3.6723000000000017,104.64,2,5,5,3,32
401.84400000000016,4.595000000000003,46.92,1,2,4,3,28
478.55900000000014,4.310800000000003,69.53,3,3,6,2,34
626.5880000000002,7.9732000000000065,49.410000000000004,1,2,10,3,44
357.36000000000007,3.2744000000000018,67.00999999999999,2,3,4,3,26
327.42800000000005,3.415000000000002,67.00999999999999,2,3,7,2,24
526.3860000000001,6.036900000000004,57.5,2,3,6,3,35
525.3180000000003,6.879100000000006,35.580000000000005,1,2,5,2,31
450.3360000000002,3.900100000000002,62.300000000000004,1,3,6,3,29
439.4370000000002,4.156400000000002,62.300000000000004,1,3,6,3,32
355.4040000000002,3.475200000000002,35.580000000000005,1,2,4,1,25
462.177,5.324600000000002,74.25,3,3,4,2,29
462.177,5.324600000000002,74.25,3,3,4,2,29
453.46400000000017,4.242400000000003,62.300000000000004,1,3,7,3,33
479.9640000000004,2.8409000000000004,83.28,2,5,7,4,34
511.3750000000002,5.726300000000004,50.160000000000004,1,3,6,3,34
511.3750000000002,5.830300000000005,40.510000000000005,1,2,5,3,34
491.94100000000014,5.383500000000004,57.5,2,3,6,3,34
476.4050000000002,3.829600000000002,75.19,1,4,6,3,34
474.4180000000004,5.711400000000006,35.580000000000005,1,2,5,2,30
450.3520000000003,3.7611000000000034,55.81,2,3,6,2,28
405.9010000000003,3.652000000000003,55.81,2,3,6,2,28
452.9610000000003,5.254900000000005,48.470000000000006,1,3,6,3,32
453.9490000000003,4.649900000000004,61.36000000000001,1,4,6,3,32
324.31500000000005,2.3133000000000004,88.00000000000001,2,5,4,3,24
491.94100000000014,5.383500000000004,57.5,2,3,6,3,34
509.8900000000001,4.565000000000001,97.39,2,6,7,3,32
510.8780000000001,3.9600000000000017,110.28,2,7,7,3,32
473.4260000000002,4.175300000000003,71.53,1,4,7,3,34
473.4260000000002,4.175300000000003,71.53,1,4,7,3,34
440.36800000000017,4.196200000000003,58.64,1,3,5,2,31
468.42200000000025,4.9764000000000035,58.64,1,3,5,2,33
434.41400000000027,3.5775000000000023,67.87,1,4,5,2,31
491.41600000000017,4.585500000000003,71.53,1,4,7,3,35
462.46800000000036,4.215200000000003,67.87,1,4,7,2,33
471.43500000000023,3.8725000000000023,80.76,1,5,8,3,34
473.4260000000002,4.175300000000003,71.53,1,4,7,3,34
455.4360000000002,4.036200000000003,71.53,1,4,7,3,33
455.4360000000002,4.036200000000003,71.53,1,4,7,3,33
455.4360000000002,4.036200000000003,71.53,1,4,7,3,33
456.4240000000002,3.4312000000000014,84.42,1,5,7,3,33
474.4140000000002,3.5703000000000014,84.42,1,5,7,3,34
456.4240000000002,3.4312000000000014,84.42,1,5,7,3,33
434.41400000000027,3.5775000000000015,67.87,1,4,6,2,31
509.4060000000002,5.012500000000003,71.53,1,4,6,3,36
469.4630000000002,4.078700000000002,71.53,1,4,8,3,34
470.4510000000002,3.473700000000002,84.41999999999999,1,5,8,3,34
484.4780000000002,3.863800000000003,84.41999999999999,1,5,9,3,35
421.39400000000006,4.546200000000003,57.36,2,2,5,3,30
403.40400000000005,4.407100000000003,57.36,2,2,5,3,29
439.342,5.516400000000004,49.410000000000004,1,2,4,3,30
360.41300000000007,3.252200000000002,78.43,3,3,6,3,27
474.5020000000001,5.099000000000005,49.300000000000004,2,2,6,3,34
455.43600000000015,4.036200000000003,71.53,1,4,7,3,33
474.41400000000016,3.5703000000000014,84.42,1,5,7,3,34
456.4280000000004,5.572300000000006,35.580000000000005,1,2,5,2,29
479.4220000000003,5.224900000000004,48.470000000000006,1,3,6,3,31
480.4100000000003,4.619900000000004,61.36000000000001,1,4,6,3,31
421.80600000000004,4.6681000000000035,64.11,1,4,6,3,29
433.51100000000014,4.762100000000004,62.300000000000004,1,3,6,4,33
454.5300000000003,3.007100000000002,87.58,2,6,5,3,34
468.206,5.3861000000000026,74.25,3,4,4,2,28
468.206,5.3861000000000026,74.25,3,4,4,2,28
496.53700000000026,4.836200000000004,77.97999999999999,3,3,6,4,36
672.1220000000004,5.2568000000000055,113.50999999999999,1,6,6,3,44
432.45200000000017,3.920300000000003,86.23,1,7,9,3,30
414.8990000000001,3.762500000000002,78.09,2,5,3,3,27
356.2340000000001,3.3304000000000005,73.39,4,3,2,2,22
344.3670000000001,2.6022000000000007,75.27000000000001,2,3,4,3,24
391.324,3.9388000000000014,75.11,2,4,4,3,28
528.5490000000002,3.735800000000002,113.96000000000001,3,7,7,2,36
514.5220000000003,3.9491000000000023,113.96000000000001,3,7,6,2,35
407.55800000000016,3.595900000000002,64.6,3,4,9,2,30
401.5100000000001,3.712800000000003,55.81,2,4,6,3,30
325.41200000000003,2.1234,55.81,2,4,5,2,24
389.4590000000001,2.317,81.58999999999999,2,6,4,3,29
456.2150000000001,2.4753000000000007,87.89,3,5,6,3,25
456.2150000000001,2.4753,87.89,3,5,6,3,25
457.20300000000003,1.8702999999999992,100.78,3,6,6,3,25
512.4590000000003,3.975800000000003,78.95,1,5,6,2,33
546.9040000000001,5.0529000000000055,78.95,1,5,5,2,34
633.6640000000002,4.896200000000004,105.76,3,7,10,3,44
512.4590000000004,4.399500000000004,78.95,1,5,5,2,33
361.4450000000001,3.2631000000000014,58.370000000000005,1,4,4,3,27
437.46200000000016,3.8933000000000026,87.39,3,5,7,2,31
451.4890000000002,4.283400000000003,87.39,3,5,7,2,32
342.80100000000004,4.767800000000003,44.89,2,1,2,3,24
325.79900000000004,4.0237000000000025,57.78,2,2,2,3,23
417.3430000000001,3.486200000000002,90.41,1,6,4,3,30
490.6540000000005,6.808800000000008,32.34,1,2,6,1,35
311.3850000000001,2.5292000000000003,58.370000000000005,1,4,3,2,23
356.4260000000002,1.4883999999999993,70.84,1,6,3,2,26
459.4240000000002,3.310500000000002,93.57000000000001,2,6,6,3,33
503.4770000000003,3.3271000000000015,102.80000000000001,2,7,9,3,36
429.39800000000014,3.8182000000000027,73.34,1,5,5,3,31
459.4240000000002,3.310500000000002,93.57000000000001,2,6,6,3,33
414.3830000000001,4.380700000000003,60.45,1,4,4,3,30
429.39800000000014,3.8182000000000027,73.34,1,5,5,3,31
444.4130000000002,3.6033000000000017,86.23,1,6,6,3,32
389.4590000000001,3.5767000000000024,84.15,1,5,4,3,29
465.5160000000003,3.4768000000000017,71.53,1,4,3,1,33
441.9090000000001,5.373600000000005,46.92,1,2,5,3,31
411.4770000000004,3.2745000000000024,63.57000000000001,1,3,5,2,30
398.5070000000003,1.8599999999999999,87.58,2,6,4,1,29
511.62600000000026,3.2032000000000016,90.18,2,6,5,4,38
518.6430000000003,2.659700000000001,103.07,2,8,5,4,37
558.5360000000002,3.4333000000000027,113.25000000000001,2,7,7,3,40
508.5290000000002,2.798000000000002,113.25000000000001,2,7,7,3,37
522.5560000000002,3.188100000000002,113.25000000000001,2,7,7,3,38
536.5830000000002,3.5782000000000025,113.25000000000001,2,7,7,3,39
549.6220000000002,4.573300000000003,100.36000000000001,2,6,7,3,40
550.6100000000002,3.968300000000003,113.25000000000001,2,7,7,3,40
537.6110000000001,4.126700000000002,100.36000000000001,2,6,8,3,39
522.5960000000001,4.689200000000004,87.47000000000001,2,5,7,3,38
552.6220000000002,4.2226000000000035,107.7,3,6,8,3,40
540.5460000000002,3.1377000000000015,113.25000000000001,2,7,8,3,39
522.5560000000002,3.045600000000002,113.25000000000001,2,7,8,3,38
536.5830000000002,3.4357000000000024,113.25000000000001,2,7,8,3,39
528.5350000000002,2.9952000000000023,113.25000000000001,2,7,9,3,38
468.4640000000003,1.9232000000000011,122.04,3,7,6,3,34
401.51000000000016,4.192700000000003,67.15,2,3,5,3,30
485.5840000000003,3.236200000000001,97.82,4,5,4,3,36
530.0150000000001,6.515900000000005,84.22000000000001,2,3,6,3,37
401.51000000000016,4.192700000000003,67.15,2,3,5,3,30
438.59700000000026,4.390200000000004,61.61000000000001,1,6,6,3,31
502.00500000000005,6.176000000000005,67.15,2,3,5,3,35
350.46200000000005,3.249100000000001,61.36,3,3,3,2,26
490.6540000000005,6.808800000000008,32.34,1,2,6,1,35
403.36,3.6940000000000017,84.34,2,5,4,3,29
534.5380000000002,3.7471000000000023,91.4,2,4,4,3,39
486.4430000000002,4.151700000000003,70.23,3,3,7,2,33
406.46100000000007,2.4284999999999997,86.02000000000001,4,3,4,3,30
445.6930000000001,4.9932000000000025,76.88,1,4,3,4,29
502.5290000000002,4.023500000000001,112.03,4,6,6,5,37
354.4130000000001,4.436000000000003,59.81,1,3,4,4,27
369.4280000000001,4.371400000000003,71.84,2,3,4,4,28
407.47400000000016,3.313900000000001,81.51,1,5,3,3,30
377.44800000000004,3.7337000000000016,81.07000000000001,2,4,4,3,28
402.41400000000016,3.772400000000002,107.10000000000001,2,7,4,4,30
522.4290000000003,4.192300000000003,103.29,4,6,7,2,35
486.42100000000045,4.758600000000004,87.74000000000001,2,5,9,2,31
500.4480000000005,5.148700000000004,87.74000000000001,2,5,9,2,32
472.3940000000004,4.368500000000004,87.74000000000001,2,5,8,2,30
486.42100000000045,4.758600000000004,87.74000000000001,2,5,8,2,31
458.36700000000036,3.9784000000000024,87.74000000000001,2,5,7,2,29
472.3940000000004,4.368500000000004,87.74000000000001,2,5,7,2,30
454.9170000000001,6.659400000000004,76.14,2,4,5,5,33
483.59400000000034,4.555300000000003,79.38000000000001,2,8,7,4,33
569.6220000000002,3.5882000000000023,131.04000000000002,2,10,5,3,42
455.5090000000001,4.754000000000005,83.28999999999999,2,6,9,3,33
423.49200000000013,4.415900000000004,83.28999999999999,2,6,9,3,31
471.9640000000002,5.459400000000005,83.28999999999999,2,6,9,3,33
425.57700000000034,4.933400000000005,83.28999999999999,2,6,9,2,31
419.52900000000017,4.6669000000000045,83.28999999999999,2,6,9,3,31
437.5190000000002,4.8060000000000045,83.28999999999999,2,6,9,3,32
453.5180000000002,4.042400000000003,92.52,2,7,9,3,33
439.49100000000016,3.652300000000002,92.52,2,7,9,3,32
457.48100000000017,3.791400000000003,92.52,2,7,9,3,33
439.49100000000016,3.652300000000002,92.52,2,7,9,3,32
459.4720000000001,4.661100000000004,83.28999999999999,2,6,8,3,33
441.4820000000001,4.363900000000004,83.28999999999999,2,6,8,3,32
409.4650000000001,4.025800000000003,83.28999999999999,2,6,8,3,30
491.48900000000015,5.434700000000004,83.28999999999999,2,6,8,3,35
457.9370000000002,5.069300000000005,83.28999999999999,2,6,8,3,32
441.48200000000014,4.555000000000004,83.28999999999999,2,6,8,3,32
397.52300000000025,4.1532000000000036,83.28999999999999,2,6,8,2,29
411.5500000000003,4.543300000000004,83.28999999999999,2,6,8,2,30
425.57700000000034,4.933400000000005,83.28999999999999,2,6,8,2,31
441.48200000000014,4.555000000000004,83.28999999999999,2,6,8,3,32
423.49200000000013,4.415900000000003,83.28999999999999,2,6,8,3,31
423.49200000000013,4.415900000000003,83.28999999999999,2,6,8,3,31
405.5020000000001,4.276800000000003,83.28999999999999,2,6,8,3,30
439.9470000000001,4.930200000000005,83.28999999999999,2,6,8,3,31
423.49200000000013,4.415900000000004,83.28999999999999,2,6,8,3,31
441.48200000000014,4.555000000000004,83.28999999999999,2,6,8,3,32
437.5190000000002,4.8060000000000045,83.28999999999999,2,6,8,3,32
439.49100000000016,3.652300000000002,92.52,2,7,8,3,32
464.5450000000002,3.7100000000000026,86.52999999999999,2,7,8,3,34
425.4640000000001,3.2622000000000018,92.52,2,7,8,3,31
435.50300000000016,4.414300000000003,83.28999999999999,2,6,8,3,32
565.9870000000003,6.714200000000004,101.38000000000001,2,5,6,5,40
421.3830000000004,3.4730000000000016,38.82000000000001,1,3,4,1,26
444.9290000000004,4.382700000000003,38.82000000000001,1,3,4,1,30
417.39100000000013,4.561900000000004,84.15,1,5,3,3,30
410.4840000000004,3.729300000000003,38.82000000000001,1,3,4,1,29
439.4590000000002,4.101600000000002,79.37,1,4,3,2,30
485.5280000000005,4.470600000000004,87.74000000000001,2,5,9,2,33
499.5550000000005,4.860700000000004,87.74000000000001,2,5,9,2,34
471.50100000000043,4.080500000000003,87.74000000000001,2,5,8,2,32
485.5280000000005,4.470600000000004,87.74000000000001,2,5,8,2,33
457.4740000000004,3.690400000000002,87.74000000000001,2,5,7,2,31
471.50100000000043,4.080500000000003,87.74000000000001,2,5,7,2,32
424.85900000000015,4.638100000000003,67.43,2,3,5,3,30
443.54700000000014,3.371000000000002,83.36000000000001,3,4,6,3,33
444.53500000000014,2.766000000000001,96.25,3,5,6,3,33
417.5130000000001,2.8008000000000006,92.07,3,5,6,3,31
434.5650000000001,3.6033000000000017,87.14,3,6,6,3,31
444.92900000000037,4.382700000000003,38.82000000000001,1,3,4,1,30
426.3480000000003,2.1057000000000006,67.92,2,4,3,1,28
371.31200000000024,3.142500000000002,47.61000000000001,2,3,3,1,24
411.37700000000035,4.017300000000004,38.82000000000001,1,3,4,1,27
425.4040000000004,4.264900000000004,38.82000000000001,1,3,5,1,28
489.49100000000044,5.4877000000000065,38.82000000000001,1,3,7,2,33
475.4640000000004,5.097600000000005,38.82000000000001,1,3,6,2,32
461.43700000000035,5.055100000000006,38.82000000000001,1,3,5,2,31
413.34900000000033,3.0061000000000027,48.05000000000001,1,4,4,1,27
414.29200000000014,5.481900000000005,54.46000000000001,1,3,2,3,28
389.24200000000013,5.006400000000003,76.14,2,4,5,3,26
376.93200000000024,3.363900000000002,38.82000000000001,1,3,4,1,26
506.9560000000002,5.427900000000005,69.53,3,3,6,3,35
500.3460000000001,2.5799000000000003,118.29000000000002,2,8,7,4,34
501.3340000000002,1.9748999999999994,131.18,2,9,7,4,34
489.3190000000002,2.912300000000001,124.28,2,8,9,4,33
490.30700000000013,2.3073000000000006,137.17000000000002,2,9,9,4,33
519.9110000000003,3.415300000000002,96.32999999999998,2,5,7,3,36
394.9220000000003,3.503000000000002,38.82000000000001,1,3,4,1,27
388.4420000000002,4.671800000000004,51.22,1,3,5,3,29
480.40800000000013,5.704400000000004,62.22,2,3,5,3,34
444.42800000000017,5.459200000000004,62.22,2,3,5,3,32
446.40000000000015,4.305500000000003,71.45,2,4,5,3,32
379.3910000000002,3.6598000000000024,77.25000000000001,1,5,5,3,28
405.42900000000026,3.1557000000000013,73.22,1,4,5,3,30
594.4530000000001,6.858000000000004,87.97,2,5,5,5,41
518.3360000000001,2.7190000000000003,118.29000000000002,2,8,7,4,35
501.8810000000001,2.204699999999999,118.29000000000002,2,8,7,4,35
483.8910000000001,2.065599999999999,118.29000000000002,2,8,7,4,34
484.87900000000013,1.4605999999999988,131.18,2,9,7,4,34
507.3090000000001,3.051400000000001,124.28,2,8,9,4,34
490.85400000000004,2.5371000000000006,124.28,2,8,9,4,34
472.86400000000003,2.3979999999999997,124.28,2,8,9,4,33
514.5480000000002,4.736500000000004,74.77000000000001,1,5,4,2,37
500.56500000000017,5.096300000000006,57.7,1,5,5,2,36
462.3120000000001,3.748500000000001,90.12,3,5,5,3,31
487.9840000000002,3.5389000000000017,103.29,4,6,7,2,34
471.5290000000002,3.0246000000000013,103.29,4,6,7,2,34
467.8350000000002,3.602000000000002,103.36999999999999,3,6,6,3,32
449.8450000000002,3.462900000000001,103.36999999999999,3,6,6,3,31
461.8560000000002,3.5298000000000016,100.47,2,7,6,3,32
477.8550000000002,2.5006000000000004,120.7,3,8,6,3,33
472.4670000000003,4.769100000000004,76.58000000000001,1,6,8,3,34
359.307,4.294500000000003,64.11,1,4,4,3,26
380.3660000000002,3.6697000000000024,50.8,1,4,5,2,27
433.39000000000016,3.193600000000001,103.37,3,6,5,3,31
445.4010000000002,3.2605000000000013,100.47,2,7,5,3,32
445.4010000000002,3.2605000000000013,100.47,2,7,5,3,32
433.39000000000016,3.4838000000000005,109.26,3,7,8,3,31
360.295,3.6895000000000024,77.0,1,5,4,3,26
625.467,6.576200000000005,110.09,2,7,7,5,43
598.0210000000003,7.530100000000006,93.45,2,4,8,4,42
549.0920000000002,7.164700000000006,75.71000000000001,1,4,11,4,38
473.9350000000002,6.846000000000005,54.46,1,3,4,4,34
499.5200000000003,3.980000000000002,123.69000000000001,2,7,8,3,35
480.5420000000003,4.4459000000000035,110.80000000000001,2,6,8,3,34
481.5300000000003,3.840900000000002,123.69000000000001,2,7,8,3,34
461.4690000000002,3.9738000000000033,91.24000000000001,2,7,5,3,32
352.221,3.3016000000000014,63.25,2,4,3,2,23
351.328,3.013600000000001,63.25,2,4,3,2,25
317.776,2.648200000000001,63.25,2,4,3,2,22
317.776,2.648200000000001,63.25,2,4,3,2,22
381.35400000000004,2.935900000000001,72.48,2,5,5,2,27
348.406,2.7855000000000008,68.18,2,4,4,3,26
317.77599999999995,2.648200000000001,63.25,2,4,3,2,22
365.458,3.7233000000000027,63.25,2,5,4,3,26
352.221,3.3016000000000014,63.25,2,4,3,2,23
317.77599999999995,2.648200000000001,63.25,2,4,3,2,22
349.39000000000004,3.254800000000002,76.39,2,5,4,3,26
365.458,3.723300000000002,63.25,2,5,4,3,26
427.7410000000001,4.570900000000002,78.16000000000001,1,4,4,3,29
382.2500000000001,5.7890000000000015,57.78,2,2,3,4,26
410.4840000000003,3.729300000000003,38.82000000000001,1,3,4,1,29
471.5010000000004,4.080500000000003,87.74000000000001,2,5,8,2,32
453.42400000000026,4.968300000000004,81.07000000000001,2,5,3,4,33
439.3970000000002,4.925800000000003,81.07000000000001,2,5,3,4,32
485.4120000000001,6.683100000000006,64.11,1,4,6,4,35
376.93200000000024,3.363900000000002,38.82000000000001,1,3,4,1,26
379.8470000000001,4.828500000000004,54.46000000000001,1,3,2,3,27
456.29000000000013,6.110500000000004,44.7,1,2,3,3,29
476.6870000000004,3.437000000000002,81.75,2,5,11,1,33
526.6560000000002,4.927300000000005,55.89000000000001,1,4,8,3,39
453.56400000000036,4.214900000000004,87.74000000000001,2,5,8,3,32
442.40100000000035,5.894600000000006,35.580000000000005,1,2,4,2,28
438.30000000000007,5.9714000000000045,44.7,1,2,3,3,28
417.53100000000035,3.451800000000002,87.74000000000001,2,5,9,2,29
431.5580000000004,3.8419000000000025,87.74000000000001,2,5,9,2,30
417.53100000000035,3.451800000000002,87.74000000000001,2,5,8,2,29
389.47700000000026,2.6716000000000006,87.74000000000001,2,5,7,2,27
403.5040000000003,3.061700000000002,87.74000000000001,2,5,7,2,28
362.82000000000005,5.527300000000003,69.81,3,2,3,4,26
355.3880000000001,3.974300000000002,56.92,3,2,3,3,26
378.4970000000001,4.798200000000004,50.36,2,4,5,3,27
378.4970000000002,4.798200000000004,50.36,2,4,5,3,27
314.348,3.648600000000002,59.290000000000006,1,3,3,4,24
469.5740000000001,3.6635000000000018,87.45,2,7,5,5,34
485.5280000000004,4.470600000000005,87.74000000000001,2,5,8,2,33
483.8910000000001,2.0656,118.29000000000002,2,8,7,4,34
465.90100000000007,1.9264999999999997,118.29000000000002,2,8,7,4,33
340.3330000000001,3.2158000000000015,59.81,1,3,4,3,25
497.38600000000025,4.124900000000003,93.84,2,5,5,4,34
390.4430000000001,3.1445000000000016,76.58000000000001,1,6,6,3,29
269.63800000000003,2.6605000000000008,54.88,1,3,2,2,18
463.30000000000007,3.1435000000000013,103.00999999999999,3,6,5,3,31
459.45600000000024,5.121700000000003,80.24,1,5,4,4,34
358.4010000000002,3.7444000000000015,83.97999999999999,2,4,5,3,27
417.87800000000004,3.3598000000000017,97.28,3,5,5,3,28
414.46900000000005,3.747200000000002,105.04,2,5,5,4,31
316.769,3.5622000000000025,59.06,1,4,2,3,21
425.5140000000002,1.9751999999999998,96.67,1,6,5,3,30
438.9620000000002,3.1712000000000016,91.72999999999999,1,7,6,2,28
404.5170000000001,2.517800000000001,91.72999999999999,1,7,6,2,27
456.4740000000003,5.328900000000003,89.13000000000001,2,6,8,4,32
405.5050000000001,1.9128,104.62,1,8,6,2,27
379.12600000000015,3.252600000000001,124.30000000000003,1,7,4,3,23
471.15900000000016,6.434900000000003,66.4,2,3,4,3,26
393.7980000000001,5.297200000000003,66.4,2,3,4,3,26
398.4140000000001,4.854200000000004,87.74,2,4,5,4,30
542.7240000000004,5.342200000000006,69.14000000000001,1,6,11,3,40
477.43200000000024,5.374500000000006,53.010000000000005,1,4,7,2,32
463.4050000000003,5.126900000000005,53.010000000000005,1,4,6,2,31
477.43200000000024,5.374500000000006,53.010000000000005,1,4,7,2,32
479.4040000000002,4.363300000000003,62.239999999999995,1,5,7,2,32
419.8720000000001,4.617000000000003,103.78999999999999,3,5,6,4,30
420.8560000000001,4.583900000000003,100.99000000000001,2,5,6,4,30
434.88300000000015,4.974000000000004,100.99000000000001,2,5,6,4,31
436.85500000000013,3.820300000000003,110.22000000000001,2,6,6,4,31
393.50200000000024,4.512500000000005,40.54,1,2,2,2,29
373.49600000000015,4.340500000000004,40.54,1,2,2,2,28
419.8720000000001,4.615400000000003,103.78999999999999,3,5,5,4,30
420.85600000000005,4.582300000000003,100.99000000000001,2,5,5,4,30
420.85600000000005,4.439800000000003,100.99000000000001,2,5,6,4,30
494.48500000000024,4.475700000000003,79.82000000000001,3,5,8,2,35
447.9260000000002,5.3956000000000035,103.78999999999999,3,5,5,4,32
460.4560000000002,4.493900000000004,91.34,2,5,3,3,33
447.9260000000001,5.3956000000000035,103.78999999999999,3,5,5,4,32
375.5120000000002,4.420400000000003,40.54,1,2,2,2,28
368.45800000000014,4.385200000000004,62.66,1,5,5,3,26
349.4300000000002,3.841700000000003,49.769999999999996,1,3,2,2,26
347.45800000000014,3.6402000000000028,40.54,1,2,2,2,26
415.4640000000001,5.346100000000004,53.68,1,3,6,4,31
450.5100000000001,5.348700000000004,53.43,1,4,6,4,32
470.40700000000015,4.593800000000003,105.49,1,7,6,4,34
366.24400000000014,4.0888000000000035,49.769999999999996,1,3,6,2,24
495.4570000000002,5.297400000000004,92.6,1,6,5,4,36
459.5940000000002,4.138400000000003,83.27999999999999,2,5,9,3,34
514.5480000000002,4.975700000000005,86.6,3,3,8,3,37
412.91700000000026,3.566900000000003,73.66,2,4,4,2,29
588.586,7.904500000000005,121.10999999999999,3,5,7,5,43
472.51100000000014,5.895200000000005,82.11,2,4,4,3,34
460.45600000000013,4.636400000000004,91.34,2,5,4,3,33
474.4830000000002,4.884000000000004,91.34,2,5,4,3,34
447.9260000000002,5.031400000000004,95.0,2,5,5,4,32
474.4830000000002,4.884000000000004,91.34,2,5,4,3,34
460.45600000000013,4.493900000000004,91.34,2,5,4,3,33
499.3670000000001,5.195100000000003,96.53,1,5,5,3,35
362.38900000000007,3.105400000000002,98.64999999999999,2,4,5,3,27
579.6290000000002,3.9327000000000023,144.79000000000002,3,9,12,3,42
374.7420000000001,5.149200000000003,55.760000000000005,1,3,7,2,25
565.6020000000003,3.542600000000002,144.79000000000002,3,9,11,3,41
642.72,8.331100000000008,111.52000000000002,2,6,18,4,47
580.7210000000001,8.463300000000007,93.06000000000002,2,4,18,4,43
581.7090000000001,7.858300000000009,105.95,2,5,18,4,43
630.759,8.253500000000008,111.52000000000002,2,7,18,4,45
358.785,3.6506000000000025,90.13,1,5,7,3,25
578.3740000000003,6.675300000000004,93.45000000000002,2,4,9,4,39
335.44700000000006,3.688100000000002,49.33,2,2,4,2,25
335.44700000000006,3.688100000000002,49.33,2,2,4,2,25
495.82800000000003,6.495800000000003,59.42,1,4,7,3,32
368.28200000000004,5.154700000000003,59.67,1,3,5,3,26
634.8650000000001,6.852400000000008,69.14000000000001,1,6,14,4,47
544.7400000000005,5.261600000000006,69.14000000000001,1,6,12,3,40
544.7400000000005,5.261600000000005,69.14,1,6,12,3,40
344.7580000000001,3.2605000000000013,90.13,1,5,6,3,24
571.5200000000003,6.008300000000004,93.14,1,5,10,3,39
389.36400000000015,2.5111000000000008,136.05,1,7,11,2,28
531.4550000000002,5.129100000000004,93.14,1,5,10,3,36
396.9150000000002,2.4721,73.24000000000001,2,5,7,1,27
473.49900000000014,4.410700000000002,85.35000000000001,2,5,4,3,34
412.3200000000001,1.4656,117.86,3,5,5,2,29
340.339,1.0344999999999995,116.82000000000001,3,5,6,3,25
373.8,2.460000000000001,102.16000000000001,2,6,8,3,26
388.8950000000002,3.148200000000002,53.010000000000005,1,4,8,2,27
431.91600000000017,5.522300000000006,76.07000000000001,1,4,8,2,30
415.4610000000001,5.008000000000005,76.07000000000001,1,4,8,2,30
525.9240000000003,3.261000000000002,130.79000000000002,2,9,7,4,37
493.43100000000027,5.216600000000005,62.24000000000001,1,5,8,2,33
537.5480000000003,2.7624000000000013,144.79000000000002,3,9,9,3,39
493.43100000000027,5.216600000000006,62.24000000000001,1,5,8,2,33
493.43100000000027,5.216600000000006,62.24000000000001,1,5,8,2,33
404.28900000000016,4.2371000000000025,68.00999999999999,1,4,5,3,24
537.4150000000002,5.088300000000005,87.15,1,5,12,2,36
520.9600000000004,4.574000000000003,87.15,1,5,12,2,36
460.45600000000013,4.493900000000004,91.34,2,5,4,3,33
391.21700000000004,3.9123000000000028,64.99000000000001,1,4,3,2,24
346.7660000000001,3.803200000000003,64.99000000000001,1,4,3,2,24
409.29400000000004,4.449200000000002,82.19,3,3,4,3,26
518.7020000000006,4.666700000000005,77.92999999999999,2,6,10,2,38
459.5940000000002,4.138400000000003,83.27999999999999,2,5,9,3,34
460.5820000000002,3.533400000000003,96.16999999999999,2,6,9,3,34
460.5820000000002,3.533400000000003,96.16999999999999,2,6,9,3,34
460.5820000000002,3.533400000000003,96.16999999999999,2,6,9,3,34
472.4270000000002,4.715200000000005,65.46,2,4,8,2,30
433.5960000000003,4.830100000000005,65.46,2,4,9,2,32
463.62200000000036,4.456600000000004,74.69,2,5,9,2,34
478.6370000000004,3.7893000000000034,77.92999999999999,2,6,9,2,35
493.6480000000004,4.510500000000005,83.92,2,6,10,2,36
465.59400000000034,3.7303000000000033,83.92,2,6,10,2,34
479.6210000000004,4.120400000000004,83.92,2,6,10,2,35
479.6210000000004,4.120400000000004,83.92,2,6,10,2,35
496.6270000000004,3.881400000000003,77.92999999999999,2,6,9,2,36
496.6270000000004,3.881400000000003,77.92999999999999,2,6,9,2,36
542.5140000000001,5.297500000000005,125.72,2,8,8,4,39
464.47200000000015,5.377400000000004,100.99000000000001,2,5,6,4,34
496.48900000000015,6.118000000000005,100.99000000000001,2,5,6,4,36
497.47700000000015,5.513000000000004,113.88,2,6,6,4,36
462.9370000000002,5.752600000000005,100.99000000000001,2,5,6,4,33
463.9250000000002,5.147600000000004,113.88,2,6,6,4,33
464.47200000000015,5.377400000000004,100.99000000000001,2,5,6,4,34
446.48200000000014,5.238300000000005,100.99000000000001,2,5,6,4,33
428.49200000000013,5.099200000000004,100.99000000000001,2,5,6,4,32
473.4360000000002,4.1510000000000025,139.47,3,8,8,3,34
470.5200000000002,4.922000000000004,91.34,2,5,6,3,34
452.5300000000002,4.782900000000004,91.34,2,5,6,3,33
502.5370000000002,5.662600000000005,91.34,2,5,6,3,36
503.5250000000002,5.057600000000004,104.23,2,6,6,3,36
468.98500000000024,5.297200000000005,91.34,2,5,6,3,33
470.5200000000002,4.922000000000004,91.34,2,5,6,3,34
434.5400000000002,4.643800000000004,91.34,2,5,6,3,32
456.4490000000002,5.092200000000004,117.35000000000001,3,6,7,3,33
457.49200000000025,6.927800000000006,62.31999999999999,2,2,6,3,33
460.45600000000013,4.493900000000004,91.34,2,5,4,3,33
534.4410000000001,5.608200000000004,121.28,3,5,6,3,38
510.56200000000024,4.752500000000005,79.61,1,3,7,4,36
493.9470000000001,2.933200000000001,100.35,2,5,7,4,35
480.99600000000027,4.115600000000003,77.81,2,3,7,3,34
405.80300000000005,5.638700000000004,50.19,1,2,5,3,28
477.43200000000024,5.380300000000005,53.010000000000005,1,4,7,2,32
477.43200000000024,5.380300000000006,53.010000000000005,1,4,7,2,32
477.43200000000024,5.380300000000005,53.010000000000005,1,4,7,2,32
572.6470000000002,6.030600000000007,61.08,1,4,8,3,41
504.6500000000002,5.0118000000000045,61.08,1,4,8,3,37
638.9019999999999,5.998800000000004,126.94000000000001,3,8,12,5,41
491.4590000000003,5.244500000000006,53.010000000000005,1,4,8,2,33
477.43200000000024,5.374500000000006,53.010000000000005,1,4,7,2,32
525.9040000000002,5.897900000000006,53.010000000000005,1,4,8,2,34
509.4490000000004,5.383600000000006,53.010000000000005,1,4,8,2,34
475.00400000000036,4.730200000000005,53.010000000000005,1,4,8,2,33
509.4490000000004,5.383600000000006,53.010000000000005,1,4,8,2,34
559.456,6.263300000000006,53.010000000000005,1,4,8,2,37
509.4490000000004,5.383600000000006,53.010000000000005,1,4,8,2,34
487.0400000000003,4.083400000000004,73.24000000000001,2,5,9,2,34
491.4590000000003,5.244500000000006,53.010000000000005,1,4,8,2,33
525.9040000000002,5.897900000000006,53.010000000000005,1,4,8,2,34
509.4490000000004,5.383600000000006,53.010000000000005,1,4,8,2,34
488.02800000000036,3.4784000000000024,86.13000000000001,2,6,9,2,34
477.43200000000024,5.374500000000006,53.010000000000005,1,4,7,2,32
488.5100000000002,5.272500000000005,91.34,2,5,5,3,35
454.9580000000002,4.907100000000004,91.34,2,5,5,3,32
438.5030000000002,4.392800000000004,91.34,2,5,5,3,32
448.91000000000014,5.362500000000003,100.99000000000001,2,5,5,4,32
488.5100000000002,5.272500000000005,91.34,2,5,5,3,35
454.9580000000002,4.907100000000004,91.34,2,5,5,3,32
438.5030000000002,4.392800000000004,91.34,2,5,5,3,32
448.91000000000014,5.362500000000003,100.99000000000001,2,5,5,4,32
373.49600000000015,4.030300000000003,40.54,1,2,2,2,28
332.7180000000001,3.7624000000000004,82.19,3,3,3,3,23
489.4490000000001,7.0381000000000045,83.56,2,4,5,5,36
501.54800000000006,7.628100000000006,40.54,1,2,4,4,37
518.5390000000001,6.055600000000005,71.25,1,4,5,4,38
475.51000000000005,7.3578000000000054,49.33,2,2,4,4,35
501.50400000000013,6.882800000000005,66.39999999999999,2,2,4,4,37
501.50400000000013,6.882800000000004,66.4,2,2,4,4,37
487.52100000000013,7.356200000000005,49.33,2,2,4,4,36
503.5200000000001,6.317700000000004,69.56,3,3,4,4,37
442.31300000000016,3.0824000000000016,65.25999999999999,1,4,4,3,28
431.41400000000016,3.338700000000002,65.25999999999999,1,4,4,3,31
323.13500000000005,4.576400000000001,75.36,2,4,3,3,21
607.0420000000001,4.490300000000004,114.54,1,9,9,4,43
623.016,5.440700000000005,118.45,1,9,9,5,44
516.6860000000005,4.942600000000005,69.14000000000001,1,6,10,3,38
151.12099999999998,1.4591,66.22999999999999,2,2,1,2,11
167.18900000000002,1.9275999999999998,53.089999999999996,2,2,1,2,11
432.4800000000002,3.879900000000003,108.55999999999999,2,5,5,3,32
466.9690000000002,4.186700000000004,77.81,2,3,6,3,33
373.3680000000001,3.710700000000001,108.47,3,5,4,4,28
495.89800000000025,3.495800000000002,121.56,2,8,5,4,35
321.376,3.331100000000002,58.56,2,3,2,2,24
543.5860000000002,4.500600000000004,82.97,1,5,4,2,39
443.5870000000001,5.355600000000005,60.769999999999996,2,3,9,3,33
477.43200000000024,5.447000000000006,53.010000000000005,1,4,7,2,32
364.4890000000001,3.7425000000000033,52.57,2,3,7,2,27
425.4810000000002,4.178900000000003,75.63000000000001,2,4,6,3,30
455.90500000000014,5.650600000000003,103.78999999999999,3,5,6,5,33
323.13500000000005,4.576400000000001,75.36,2,4,3,3,21
474.4790000000002,5.272400000000005,70.08000000000001,1,4,5,2,34
553.0050000000003,6.852200000000006,70.08000000000001,1,4,6,3,39
463.4050000000002,5.451400000000006,53.010000000000005,1,4,6,2,31
417.39600000000013,4.3141000000000025,98.89999999999999,2,5,4,4,31
558.4120000000001,7.746600000000005,84.22000000000001,2,3,6,4,38
541.9570000000002,7.232300000000005,84.22000000000001,2,3,6,4,38
523.9670000000002,7.093200000000005,84.22000000000001,2,3,6,4,37
555.9840000000003,7.833800000000006,84.22000000000001,2,3,6,4,39
442.862,5.8308000000000035,100.99000000000001,2,5,5,5,32
555.6750000000004,5.7994000000000065,82.55000000000001,1,5,8,3,41
572.7310000000002,5.553300000000006,86.21000000000001,1,6,8,3,41
508.45600000000013,5.008000000000004,108.40999999999998,2,6,3,4,37
549.4100000000001,7.578000000000005,94.68,1,6,6,4,38
516.6860000000005,4.942600000000005,69.14,1,6,10,3,38
586.6640000000002,5.1299000000000055,98.94000000000001,1,7,10,4,43
549.0310000000003,3.868000000000003,105.84000000000002,1,8,9,4,39
567.0210000000002,4.007100000000003,105.84000000000002,1,8,9,4,40
616.02,7.433000000000006,99.61,1,6,9,6,44
632.4749999999999,7.947300000000006,99.61,1,6,9,6,44
598.03,7.293900000000005,99.61,1,6,9,6,43
442.51900000000023,4.610900000000003,103.03,4,4,4,4,33
477.38800000000026,4.839600000000005,70.08,1,4,5,2,32
544.5700000000002,4.899400000000005,79.31,1,5,4,2,39
465.93600000000015,6.544100000000005,57.61,1,2,5,4,34
477.43200000000024,5.447000000000005,53.010000000000005,1,4,7,2,32
519.6860000000004,4.608700000000005,84.32000000000001,2,6,9,2,38
458.9860000000002,4.290300000000004,73.24000000000001,2,5,7,2,32
459.9740000000002,3.6853000000000025,86.13000000000001,2,6,7,2,32
463.4050000000002,5.451400000000006,53.010000000000005,1,4,6,2,31
524.6170000000004,5.858000000000006,81.00000000000001,1,5,7,4,39
486.9960000000003,3.9261000000000035,90.31,2,5,7,2,34
477.43200000000024,5.447000000000006,53.010000000000005,1,4,7,2,32
458.9860000000002,4.290300000000004,73.24000000000001,2,5,7,2,32
463.4050000000002,5.451400000000006,53.010000000000005,1,4,6,2,31
472.7330000000002,5.938100000000002,92.69999999999999,2,4,6,3,29
473.7210000000001,5.333100000000002,105.59,2,5,6,3,29
464.39300000000026,4.846400000000005,65.9,1,5,6,2,31
516.6860000000005,4.942600000000005,69.14,1,6,10,3,38
419.4370000000001,1.9537,111.87,3,5,4,3,31
331.34700000000004,1.5833,74.57,2,4,3,2,24
448.42900000000014,4.437200000000003,97.11000000000001,2,5,6,4,33
516.6860000000005,4.942600000000005,69.14,1,6,10,3,38
324.38000000000005,2.519000000000001,62.4,1,4,2,2,24
326.3960000000001,2.3108000000000004,65.56,2,4,2,2,24
458.37500000000017,2.233199999999999,197.36999999999998,8,11,3,3,33
334.80300000000005,3.1696000000000017,65.56,2,4,3,2,23
388.46400000000017,1.6457999999999997,84.16000000000001,2,6,6,2,28
440.54000000000025,3.7935000000000025,81.00000000000001,1,5,6,2,32
548.6470000000002,5.3399000000000045,98.16000000000001,1,7,7,5,41
561.9610000000002,3.256000000000001,131.67000000000002,1,8,8,4,40
457.3650000000001,2.4097,112.2,0,8,4,2,32
324.38000000000005,2.519000000000001,62.4,1,4,2,2,24
399.34400000000005,2.716400000000001,67.59,1,4,4,2,28
380.4630000000001,4.004000000000003,32.78,0,3,2,2,28
362.47300000000007,3.864900000000003,32.78,0,3,2,2,27
326.396,1.9331999999999996,58.64,1,5,2,1,24
507.9950000000001,6.308900000000005,72.91,0,5,8,4,35
508.9830000000002,6.135800000000004,84.94,1,6,8,4,35
371.3830000000001,3.4082000000000026,60.769999999999996,2,3,4,2,27
355.38400000000007,3.702600000000002,40.54,1,2,4,2,26
500.4340000000002,3.7344000000000017,86.28000000000002,2,7,5,3,34
559.5480000000001,5.862100000000007,32.78,0,3,5,3,37
366.4160000000001,0.19670000000000054,64.60000000000001,1,6,3,1,26
366.41600000000005,-0.15249999999999853,64.60000000000001,1,6,3,1,26
572.5310000000001,4.750900000000004,86.37,1,4,5,3,39
572.5310000000001,4.750900000000004,86.37,1,4,5,3,39
573.519,4.145900000000003,99.26,1,5,5,3,39
574.503,4.410800000000004,96.61000000000001,0,6,5,3,39
573.519,4.145900000000003,99.26000000000002,1,5,5,3,39
586.501,4.444900000000004,77.92,1,4,6,2,39
604.4910000000001,4.956500000000005,77.92,1,4,5,2,40
550.5210000000001,3.8956000000000035,77.92,1,4,6,2,37
467.3430000000002,4.797800000000004,41.57,1,3,4,2,31
467.3430000000002,4.797800000000004,41.57,1,3,4,2,31
500.8950000000002,5.163200000000004,41.57,1,3,4,2,34
467.3430000000002,4.797800000000004,41.57,1,3,4,2,31
448.5130000000002,4.644200000000004,41.57,1,3,4,3,33
449.5010000000002,4.039200000000003,54.46,1,4,4,3,33
432.89800000000014,4.144400000000004,41.57,1,3,4,2,30
449.5010000000002,4.039200000000003,54.46,1,4,4,3,33
449.5010000000002,4.039200000000003,54.46,1,4,4,3,33
504.3750000000002,4.196900000000003,68.36,3,3,5,3,32
459.92400000000026,4.087800000000002,68.36,3,3,5,3,32
443.4690000000002,3.573500000000002,68.36,3,3,5,3,32
455.3320000000002,4.259900000000003,52.57,2,3,5,2,30
569.5740000000001,5.373400000000005,57.5,2,3,7,4,41
599.6000000000001,5.696600000000005,66.73,2,4,9,4,43
551.5840000000002,5.2343000000000055,57.5,2,3,7,4,40
599.6000000000001,5.696600000000005,66.73,2,4,9,4,43
533.5940000000002,5.095200000000005,57.5,2,3,7,4,39
599.6000000000001,5.696600000000005,66.73,2,4,9,4,43
534.5820000000001,4.490200000000004,70.39,2,4,7,4,39
534.5820000000001,4.490200000000004,70.39,2,4,7,4,39
524.5430000000002,4.083200000000003,83.53,2,5,7,4,38
524.5430000000002,4.083200000000003,83.53,2,5,7,4,38
524.5430000000002,4.083200000000003,83.53,2,5,7,4,38
625.6630000000001,4.611800000000004,86.96000000000001,3,5,11,4,45
377.9160000000003,2.536100000000001,44.81,1,4,4,1,26
361.46100000000024,2.0218,44.81,1,4,4,1,26
375.4880000000003,2.4119,44.81,1,4,4,1,27
377.9160000000003,2.536100000000001,44.81,1,4,4,1,26
361.46100000000024,2.0218,44.81,1,4,4,1,26
405.23200000000014,4.060800000000002,62.25,0,4,6,3,27
452.4820000000003,3.5272000000000023,86.38,2,6,4,3,33
434.49200000000036,3.579200000000003,86.38,2,6,4,3,32
426.4440000000002,2.9194000000000004,106.17,4,6,6,3,31
408.45400000000024,2.971400000000001,106.17,4,6,6,3,30
393.44300000000027,3.3477000000000023,90.03999999999999,2,6,4,3,29
425.46000000000026,3.685800000000002,90.03999999999999,2,6,4,3,31
407.4700000000003,3.7378000000000027,90.03999999999999,2,6,4,3,30
431.5360000000003,4.621000000000004,58.81000000000001,0,5,6,3,32
491.3940000000004,4.364700000000004,60.82000000000001,1,3,4,3,33
477.36700000000036,4.022500000000003,69.61,2,3,3,3,32
537.4400000000004,3.1152000000000015,102.7,3,7,6,2,36
375.76200000000006,3.8667000000000025,59.230000000000004,0,4,2,3,26
374.7780000000001,3.532700000000002,51.02,0,3,2,3,26
469.53200000000044,3.8495000000000035,53.09,0,4,5,2,34
483.5590000000005,4.239600000000004,53.09,0,4,5,2,35
443.4940000000004,3.318500000000002,53.09,0,4,7,2,32
457.52100000000047,3.7086000000000032,53.09,0,4,7,2,33
471.5480000000005,4.098700000000004,53.09,0,4,7,2,34
525.5520000000005,3.721700000000002,75.46000000000001,0,7,4,3,38
457.5740000000002,4.6307000000000045,59.72,0,4,5,3,34
515.9880000000002,4.967000000000004,57.95,1,5,6,3,36
435.5430000000003,3.8228000000000026,43.86000000000001,0,3,5,2,32
417.5530000000003,3.6837000000000026,43.86000000000001,0,3,5,2,31
451.99800000000033,4.337100000000004,43.86000000000001,0,3,5,2,32
435.5430000000003,3.8228000000000026,43.86000000000001,0,3,5,2,32
505.62200000000047,5.9000000000000075,66.88000000000001,0,5,4,5,38
424.46000000000026,4.281900000000005,72.87,0,5,3,5,32
407.5170000000002,5.300600000000005,45.230000000000004,1,3,4,4,31
461.4940000000001,4.804900000000003,63.910000000000004,0,6,3,4,31
409.4930000000003,4.090600000000003,71.01,1,5,4,4,31
448.53000000000026,4.343300000000003,75.42,1,5,4,5,34
466.4670000000002,4.2089000000000025,75.42,1,5,4,4,34
449.51800000000026,3.762500000000002,88.83000000000001,1,6,4,5,34
433.90300000000025,3.2627000000000015,88.83000000000001,1,6,4,4,31
434.8910000000002,2.6577,101.72,1,7,4,4,31
434.8910000000002,2.6577,101.72,1,7,4,4,31
516.6420000000004,3.417200000000003,73.4,0,5,6,2,38
504.6310000000005,3.2763000000000027,73.4,0,5,8,2,37
374.48400000000015,3.8689000000000027,41.57,1,3,2,2,28
388.5110000000002,4.259000000000004,41.57,1,3,2,2,29
390.4830000000002,3.1053000000000015,50.8,1,4,2,2,29
422.52800000000013,4.788900000000004,41.57,1,3,2,3,32
540.6870000000002,4.388100000000003,65.43,2,5,8,4,40
345.46200000000016,2.540700000000001,26.790000000000006,0,3,4,1,25
359.4890000000002,2.9308000000000014,26.790000000000006,0,3,4,1,26
438.44900000000007,4.751400000000005,42.43000000000001,0,4,4,3,32
329.44400000000013,1.4389999999999998,36.02,0,4,4,1,24
343.4710000000002,1.8290999999999997,36.02,0,4,4,1,25
448.5630000000004,3.252600000000002,78.87,2,5,5,2,33
470.6170000000003,3.436300000000002,68.7,2,5,7,3,35
542.6060000000001,3.195100000000002,86.52,2,6,8,3,39
524.6160000000002,2.8979000000000017,86.52,2,6,9,3,38
543.594,2.5901000000000005,99.41000000000001,2,7,8,3,39
525.6040000000003,2.2929000000000004,99.41000000000001,2,7,9,3,38
515.6620000000004,2.4378,99.41000000000001,2,7,9,3,38
444.5350000000002,2.951900000000001,91.49000000000001,2,6,6,3,33
700.0949999999999,4.535400000000003,134.67000000000002,1,8,7,5,48
396.7450000000001,5.784200000000004,20.310000000000002,0,2,5,2,25
475.03200000000027,6.650700000000007,32.78,0,3,5,3,34
475.03200000000027,6.650700000000007,32.78,0,3,5,3,34
467.9970000000004,4.224700000000003,53.09,0,4,5,2,33
482.02400000000046,4.614800000000004,53.09,0,4,5,2,34
396.4220000000001,1.2869000000000002,78.41,1,4,4,3,29
451.54200000000037,3.7104000000000035,53.09,0,4,5,2,33
465.5690000000004,4.100500000000004,53.09,0,4,5,2,34
425.50400000000036,3.179400000000002,53.09,0,4,7,2,31
439.5310000000004,3.5695000000000023,53.09,0,4,7,2,32
453.55800000000045,3.9596000000000036,53.09,0,4,7,2,33
370.355,3.7303000000000033,55.57000000000001,0,4,4,3,27
476.5230000000002,6.136800000000006,55.57000000000001,0,5,8,4,35
469.5320000000004,3.8495000000000035,53.09,0,4,5,2,34
483.5590000000004,4.239600000000004,53.09,0,4,5,2,35
443.49400000000037,3.318500000000002,53.09,0,4,7,2,32
457.5210000000004,3.7086000000000032,53.09,0,4,7,2,33
471.54800000000046,4.098700000000004,53.09,0,4,7,2,34
504.9860000000003,2.8953000000000015,82.47,2,6,6,2,35
517.0220000000003,2.8519000000000014,102.7,3,7,6,2,36
502.9950000000003,2.4618,102.7,3,7,6,2,35
504.96700000000027,2.0033,111.93,3,8,6,2,35
385.8950000000004,4.227700000000004,45.67,0,4,4,2,27
369.4400000000003,3.7134000000000027,45.67,0,4,4,2,27
369.4400000000003,3.7134000000000027,45.67,0,4,4,2,27
527.6430000000004,3.286500000000002,125.04,3,7,6,2,37
385.8950000000004,4.227700000000004,45.67,0,4,4,2,27
369.4400000000003,3.7134000000000027,45.67,0,4,4,2,27
479.6020000000004,3.9440000000000026,98.74000000000001,3,5,11,3,34
402.37600000000015,3.4863000000000017,67.35,1,5,3,3,29
401.38800000000015,4.091300000000003,54.46,1,4,3,3,29
409.3140000000001,4.532000000000003,55.32,0,4,3,3,29
373.3340000000001,4.286800000000003,55.32,0,4,3,3,27
387.36100000000016,4.676900000000003,55.32,0,4,3,3,28
484.4000000000002,4.761000000000004,58.56,0,5,4,3,34
470.3730000000001,4.417200000000003,67.35,1,5,3,3,33
402.37600000000015,3.4863000000000017,67.35,1,5,3,3,29
405.3510000000001,4.624900000000003,55.32,0,4,3,3,29
405.3510000000001,4.624900000000003,55.32,0,4,3,3,29
384.3860000000002,3.405100000000002,67.35,1,5,4,3,28
352.36900000000014,2.606600000000001,67.35,1,5,3,3,26
418.37500000000017,3.366100000000001,76.58,1,6,4,3,30
465.4530000000002,3.3660000000000023,88.60000000000001,1,6,4,3,32
402.37600000000015,3.4863000000000017,67.35,1,5,3,3,29
403.36400000000015,2.8813000000000004,80.24,1,6,3,3,29
308.42500000000007,3.586500000000002,32.34,1,2,3,2,23
542.8540000000002,5.733400000000004,81.33000000000001,2,4,5,4,36
339.2220000000001,3.2253000000000016,41.57,1,3,3,1,22
327.2550000000001,3.7401000000000026,32.34,1,2,3,1,21
341.1600000000001,3.3598000000000017,32.34,1,2,3,1,21
327.2550000000001,3.5976000000000026,32.34,1,2,5,1,21
335.23400000000015,4.002100000000004,32.34,1,2,3,2,22
341.317,3.213300000000001,59.230000000000004,0,4,2,3,25
380.43800000000005,4.998000000000004,33.2,0,2,4,3,28
395.54700000000025,3.0157000000000016,43.86000000000001,0,3,3,1,29
424.58900000000034,3.294900000000002,47.10000000000001,0,3,2,1,31
410.5620000000003,2.9048000000000016,47.10000000000001,0,3,2,1,30
294.398,2.687100000000001,23.550000000000004,0,2,4,2,22
433.5520000000003,3.5713000000000026,53.09,0,4,5,2,32
421.5410000000003,3.4304000000000023,53.09,0,4,7,2,31
323.32700000000006,3.074200000000001,59.230000000000004,0,4,2,3,24
406.5700000000003,5.234500000000005,32.78,0,3,7,2,30
312.33500000000004,3.0620000000000003,32.34,1,2,3,1,22
312.33500000000004,2.919500000000001,32.34,1,2,4,1,22
326.362,3.3096000000000014,32.34,1,2,4,1,23
340.38900000000007,3.6997000000000018,32.34,1,2,4,1,24
334.34100000000007,3.714100000000003,32.34,1,2,3,2,24
326.48400000000004,3.948400000000003,32.34,1,2,5,1,24
292.81,2.9442000000000013,32.34,1,2,4,1,20
347.38000000000005,4.588900000000004,20.310000000000002,0,1,4,2,25
398.9150000000002,5.278500000000005,42.43,0,4,5,3,27
336.4350000000001,3.8355000000000024,41.57,1,3,5,2,25
350.46200000000016,4.083100000000003,41.57,1,3,6,2,26
358.44100000000014,4.487600000000004,41.57,1,3,5,3,27
582.5790000000003,5.328600000000005,85.16,0,5,5,4,41
583.4720000000001,5.6166000000000045,85.16,0,5,5,4,39
532.5720000000002,4.4489000000000045,85.16,0,5,5,4,38
582.5790000000003,5.328600000000005,85.16,0,5,5,4,41
370.403,2.6130000000000004,40.85000000000001,0,3,4,3,27
466.27900000000017,3.041100000000001,79.37,1,4,4,2,27
427.448,3.1560000000000015,79.37,1,4,5,2,29
441.5750000000002,5.392300000000005,45.67,0,4,5,3,33
391.51500000000027,3.534900000000002,45.67,0,4,3,2,29
465.49100000000016,4.836700000000005,45.67,0,4,6,2,33
441.5750000000002,5.392300000000005,45.67,0,4,5,3,33
422.52900000000034,2.825400000000001,65.98,0,5,7,2,31
442.5630000000002,4.7873000000000046,58.56,0,5,5,3,33
442.5630000000002,4.7873000000000046,58.56,0,5,5,3,33
455.9460000000002,3.376100000000002,81.51,1,6,9,3,32
354.41400000000027,1.5213999999999996,93.13000000000001,1,7,4,2,26
462.5540000000004,2.4731000000000005,83.28,0,6,7,3,34
432.52400000000034,4.016000000000004,71.7,0,6,6,3,32
466.96900000000034,4.669400000000003,71.7,0,6,6,3,33
450.51400000000035,4.155100000000004,71.7,0,6,6,3,33
498.5300000000004,4.6174000000000035,80.92999999999999,0,7,8,3,36
446.50700000000035,3.0048000000000012,80.93,0,7,6,3,33
446.50700000000035,2.862300000000001,80.93,0,7,6,3,33
432.4800000000003,2.472200000000001,80.93,0,7,6,3,32
448.5230000000003,2.9868000000000015,91.93,1,7,6,3,33
432.52400000000034,4.016000000000004,71.7,0,6,6,3,32
466.96900000000034,4.669400000000004,71.7,0,6,6,3,33
432.52400000000034,4.016000000000004,71.7,0,6,6,3,32
380.48800000000017,2.4880000000000004,53.010000000000005,1,4,5,2,28
470.6130000000002,4.712500000000005,42.010000000000005,0,4,8,3,35
608.667,7.7708000000000075,32.78,0,3,4,2,43
594.6400000000001,7.380700000000007,32.78,0,3,4,2,42
440.4690000000001,3.8792000000000035,39.150000000000006,0,4,4,2,32
318.376,3.128000000000002,50.27,0,3,3,2,24
550.4630000000003,3.363100000000002,82.42,1,7,4,2,39
325.408,2.906900000000001,60.77000000000001,2,3,5,2,24
357.77200000000005,4.0496000000000025,59.230000000000004,0,4,3,3,25
439.62500000000017,4.512900000000005,43.86000000000001,0,5,6,2,31
385.5120000000001,2.0881999999999996,69.64000000000001,0,6,6,1,28
353.46600000000007,2.8687000000000005,53.93,1,4,3,1,26
314.36000000000007,3.1023000000000014,55.12,1,3,3,2,23
461.85200000000015,2.5092,95.58000000000001,2,4,5,2,32
807.7839999999997,3.440900000000002,175.11,5,10,11,3,56
266.304,2.4393000000000002,66.38,2,4,3,2,20
472.8700000000001,4.766300000000005,58.56000000000001,0,5,4,2,32
456.41500000000013,4.252000000000004,58.56000000000001,0,5,4,2,32
386.4990000000002,4.181500000000003,49.330000000000005,0,4,3,3,29
451.5920000000002,4.944300000000005,54.900000000000006,0,6,7,3,32
406.5050000000002,4.205000000000004,41.370000000000005,0,3,4,3,30
438.55300000000017,3.949200000000003,67.79,0,7,7,3,31
421.56600000000014,4.717900000000005,45.67,0,5,6,3,30
422.55400000000014,4.112900000000003,58.56,0,6,6,3,30
407.53900000000016,4.675400000000004,45.67,0,5,5,3,29
408.52700000000016,4.070400000000003,58.56,0,6,5,3,29
339.826,3.860400000000003,38.13,0,2,4,3,24
500.5340000000004,3.2710000000000017,104.57000000000001,1,8,5,4,37
821.0309999999998,7.206900000000009,111.65,2,8,6,4,61
807.9919999999998,5.973800000000006,114.88999999999999,2,9,6,4,60
422.50400000000013,3.475100000000002,61.34,1,3,5,3,31
547.537,5.454800000000003,109.0,3,5,5,4,40
547.537,5.454800000000004,108.99999999999999,3,5,5,4,40
547.537,5.454800000000004,108.99999999999999,3,5,5,4,40
552.5530000000001,3.855500000000001,112.58,4,6,5,3,40
610.633,4.257800000000003,113.02000000000001,3,7,7,3,44
481.4740000000001,5.064700000000004,80.32,2,4,4,3,35
463.5530000000002,4.495400000000004,69.80999999999999,1,5,6,3,34
384.4510000000001,2.7274000000000003,72.8,3,4,4,2,28
430.5120000000001,1.7205999999999992,84.22000000000001,0,6,6,3,32
422.50400000000013,3.475100000000002,61.34,1,3,5,3,31
415.9210000000001,2.7866,65.04,2,5,6,2,29
384.4510000000001,2.7274000000000003,72.8,3,4,4,2,28
422.50400000000013,3.475100000000002,61.34,1,3,5,3,31
476.57700000000017,3.489700000000002,97.9,3,6,7,3,35
448.39400000000006,4.859300000000005,44.81,1,4,7,2,30
422.5040000000001,3.475100000000002,61.34,1,3,5,3,31
442.9430000000002,3.4341000000000017,71.03,2,5,5,2,31
387.52700000000004,4.716800000000004,39.34,1,2,5,3,29
404.5140000000001,3.336000000000002,61.34,1,3,5,3,30
406.4860000000001,2.8775000000000013,70.57,1,4,5,3,30
405.5020000000001,2.7310000000000008,74.23,1,4,5,3,30
405.5020000000001,2.7310000000000008,74.23,1,4,5,3,30
405.5020000000001,2.7310000000000008,74.23,1,4,5,3,30
405.5020000000001,2.7310000000000008,74.23,1,4,5,3,30
446.3850000000001,2.7781000000000002,93.65,1,6,5,3,32
378.3880000000001,1.7592999999999996,93.65,1,6,5,3,28
517.6110000000002,4.844200000000005,26.790000000000006,0,3,6,2,37
451.58600000000035,2.9021000000000017,36.02000000000001,0,4,6,2,33
499.6520000000004,2.3003,60.93000000000001,0,5,6,2,35
432.5430000000002,3.314700000000002,41.370000000000005,0,3,6,3,32
629.645,7.227000000000008,43.86000000000001,0,3,5,3,45
643.6719999999999,7.617100000000009,43.86000000000001,0,3,5,3,46
341.41900000000004,0.3725000000000008,95.07000000000001,3,7,4,2,25
449.9820000000001,5.299900000000005,45.67,0,4,9,3,32
386.76099999999997,2.2908999999999997,69.3,1,4,3,2,26
404.86100000000016,3.0721000000000007,75.94,1,5,3,4,29
405.8490000000001,2.4670999999999994,88.83000000000001,1,6,3,4,29
389.3940000000001,1.9527999999999994,88.83000000000001,1,6,3,4,29
425.45100000000014,2.669200000000001,61.88,1,3,2,1,30
541.9670000000002,2.3777999999999997,127.60000000000001,3,8,5,3,38
525.5120000000003,1.8634999999999993,127.60000000000001,3,8,5,3,38
627.629,2.943600000000001,153.9,3,10,7,4,46
477.49200000000036,3.144700000000002,100.88000000000001,2,6,3,3,35
451.4540000000002,2.6574,100.88000000000001,2,6,4,3,33
509.5130000000002,2.7016,107.37,2,7,5,3,37
541.9670000000001,2.3777999999999997,127.60000000000001,3,8,5,3,38
541.9670000000001,2.3777999999999997,127.60000000000001,3,8,5,3,38
491.52300000000025,2.6204,107.37,2,7,5,3,36
540.0200000000002,2.5723000000000003,127.60000000000001,3,8,8,3,38
531.5100000000001,4.317800000000003,98.26,2,7,6,3,38
497.9580000000002,3.9524000000000017,98.26,2,7,6,3,35
548.6190000000003,3.135600000000001,110.73,2,9,7,3,40
479.51200000000017,3.004600000000001,118.49000000000001,3,8,6,3,35
529.5190000000001,3.900400000000002,107.49000000000001,2,8,8,3,38
593.6560000000001,2.9521000000000006,147.95000000000002,4,10,8,3,43
533.6040000000003,4.230300000000003,107.49000000000001,2,8,8,3,39
567.618,2.2785999999999995,147.95000000000002,4,10,11,3,41
561.5360000000001,4.240100000000003,107.49000000000001,2,8,8,3,40
553.5910000000001,2.0309999999999993,147.95000000000002,4,10,10,3,40
577.6130000000002,3.542600000000001,144.79000000000002,3,9,10,3,42
563.6300000000002,3.4503000000000013,127.72000000000001,3,9,10,3,41
565.6020000000002,2.439099999999999,136.95000000000002,3,10,9,3,41
601.5819999999999,3.7878000000000016,144.79000000000002,3,9,11,3,43
565.6460000000002,3.8404000000000025,127.72000000000001,3,9,12,3,41
551.6190000000003,3.4503000000000013,127.72000000000001,3,9,11,3,40
537.5920000000003,3.060200000000001,127.72000000000001,3,9,10,3,39
523.5650000000003,2.6700999999999997,127.72000000000001,3,9,9,3,38
616.6499999999999,3.314400000000001,160.58,4,10,10,4,45
593.6560000000001,2.8096000000000005,147.95000000000002,4,10,9,3,43
593.6560000000001,2.8096000000000005,147.95000000000002,4,10,9,3,43
577.613,3.398500000000001,144.79000000000002,3,9,10,3,42
577.613,3.398500000000001,144.79000000000002,3,9,10,3,42
602.6229999999999,3.2719000000000005,160.58,4,10,9,4,44
513.5200000000002,4.178700000000003,98.26,2,7,6,3,37
479.9680000000002,3.8133000000000026,98.26,2,7,6,3,34
463.51300000000015,3.2990000000000013,98.26,2,7,6,3,34
513.5200000000002,4.178700000000003,98.26,2,7,6,3,37
509.5380000000003,1.6886999999999992,125.91000000000001,3,8,5,2,37
525.5120000000003,1.8634999999999988,127.60000000000001,3,8,5,3,38
523.9770000000002,2.238699999999999,127.60000000000001,3,8,5,3,37
507.5220000000002,1.7243999999999997,127.60000000000001,3,8,5,3,37
509.5380000000003,1.6886999999999992,125.91000000000001,3,8,5,2,37
525.5120000000003,1.8634999999999988,127.60000000000001,3,8,5,3,38
541.9670000000001,2.3777999999999997,127.60000000000001,3,8,5,3,38
523.9770000000002,2.238699999999999,127.60000000000001,3,8,5,3,37
506.5340000000002,2.3293999999999997,114.71000000000001,3,7,5,3,37
507.5220000000002,1.7243999999999997,127.60000000000001,3,8,5,3,37
539.5640000000002,1.6408999999999996,147.95000000000002,4,10,9,3,39
503.55900000000025,2.6521,109.17,2,8,7,3,37
505.5390000000002,0.3678000000000013,139.63,2,10,7,3,37
516.3960000000002,2.1546,96.03,2,7,6,2,33
481.50900000000024,1.0903,133.33,3,8,7,2,35
471.9450000000002,2.0455,96.03,2,7,6,2,33
455.4900000000002,1.5311999999999997,96.03,2,7,6,2,33
548.5220000000002,1.8928999999999996,125.13000000000001,3,8,7,2,39
453.4990000000002,1.0976999999999997,116.26,3,8,6,2,33
521.4960000000002,2.2906999999999993,105.26,2,8,7,2,37
482.49700000000024,1.3003,139.17,2,9,7,2,35
527.5850000000002,2.5638999999999994,123.5,2,9,8,4,39
517.5460000000003,2.1569,136.64,2,10,8,4,38
528.5730000000002,1.958899999999999,136.39,2,10,8,4,39
541.6120000000002,2.350599999999999,123.50000000000001,2,9,9,4,40
542.6000000000001,1.745599999999999,136.39000000000001,2,10,9,4,40
520.5900000000004,1.5443000000000002,119.84000000000002,2,9,8,3,38
520.5900000000004,1.5443000000000002,119.84000000000002,2,9,8,3,38
527.5850000000002,2.5638999999999994,123.50000000000001,2,9,8,4,39
517.5460000000003,2.1569,136.64000000000001,2,10,8,4,38
545.5750000000002,2.7030000000000003,123.50000000000001,2,9,8,4,40
470.4800000000001,1.4636999999999993,101.38000000000001,2,7,6,3,34
545.575,2.5119,123.50000000000001,2,9,8,4,40
535.5360000000002,2.1048999999999993,136.64000000000001,2,10,8,4,39
470.4800000000001,1.4636999999999993,101.38000000000001,2,7,6,3,34
466.46900000000016,1.8850999999999989,103.71000000000001,2,7,5,3,34
467.45700000000016,1.2800999999999991,116.60000000000001,2,8,5,3,34
508.5100000000002,2.1876999999999995,127.68,2,8,6,3,37
444.9150000000002,2.8803,80.26,2,6,5,2,31
424.4760000000001,2.9213000000000013,70.57,1,4,5,3,31
424.4760000000001,2.9213000000000013,70.57,1,4,5,3,31
424.4760000000001,2.9213000000000013,70.57,1,4,5,3,31
424.4760000000001,2.9213000000000013,70.57,1,4,5,3,31
406.4860000000001,2.7822000000000005,70.57,1,4,5,3,30
407.4740000000001,2.1772,83.46,1,5,5,3,30
407.4740000000001,2.177199999999999,83.46,1,5,5,3,30
407.4740000000001,2.177199999999999,83.46,1,5,5,3,30
407.4740000000001,2.177199999999999,83.46,1,5,5,3,30
424.50100000000026,1.8323999999999996,76.16000000000001,1,7,6,2,31
507.5220000000003,1.7243999999999997,127.6,3,8,5,3,37
508.5100000000003,1.1193999999999993,140.48999999999998,3,9,5,3,37
605.5820000000001,4.380800000000004,87.12,0,5,5,2,40
523.5900000000004,2.4376999999999995,118.37,3,8,5,3,37
483.5250000000002,1.9933999999999996,107.37,2,8,5,3,34
412.9460000000002,3.809000000000002,48.470000000000006,1,5,4,3,28
408.88900000000024,4.088600000000003,69.9,0,5,3,3,29
401.89400000000006,2.3964999999999996,65.04,2,5,6,2,28
293.798,2.724100000000001,35.580000000000005,1,2,3,1,20
461.99300000000017,6.208100000000007,45.67,0,3,7,3,33
375.822,3.8563000000000036,26.790000000000006,0,2,4,1,25
393.812,3.9954000000000036,26.790000000000006,0,2,4,1,26
467.27299999999997,3.8075000000000028,26.790000000000006,0,2,4,1,25
357.376,2.908500000000002,47.02000000000001,1,3,4,1,25
425.373,4.101500000000004,36.02000000000001,0,3,5,1,29
418.36800000000017,5.1150000000000055,26.790000000000006,0,2,5,2,28
451.9580000000003,4.511600000000004,65.71000000000001,0,5,6,3,32
413.9490000000002,4.263200000000004,36.02,0,3,7,2,29
375.92500000000007,4.091900000000003,26.790000000000006,0,3,4,2,25
409.9610000000001,4.461400000000004,26.790000000000006,0,2,4,2,29
319.836,3.066300000000002,26.790000000000006,0,2,4,1,22
347.89,3.7040000000000024,26.790000000000006,0,2,4,1,24
390.3140000000001,4.246800000000004,26.790000000000006,0,2,5,2,26
390.3140000000001,4.246800000000004,26.790000000000006,0,2,5,2,26
355.869,3.5934000000000026,26.790000000000006,0,2,5,2,25
389.421,3.9588000000000036,26.790000000000006,0,2,5,2,28
355.869,3.5934000000000026,26.790000000000006,0,2,5,2,25
321.424,2.9400000000000013,26.790000000000006,0,2,5,2,24
355.869,3.5934000000000026,26.790000000000006,0,2,5,2,25
376.28700000000003,4.251200000000004,26.790000000000006,0,2,4,2,25
359.832,3.736900000000003,26.790000000000006,0,2,4,2,25
359.832,3.736900000000003,26.790000000000006,0,2,4,2,25
376.28700000000003,4.251200000000004,26.790000000000006,0,2,4,2,25
359.832,3.736900000000003,26.790000000000006,0,2,4,2,25
347.41800000000006,3.6906000000000025,39.93000000000001,0,3,4,3,26
363.48600000000005,4.159100000000004,26.790000000000006,0,3,4,3,26
375.394,3.963200000000003,26.790000000000006,0,2,4,2,27
341.842,3.597800000000003,26.790000000000006,0,2,4,2,24
391.39300000000003,3.8430000000000035,36.02000000000001,0,3,5,2,28
363.48600000000005,4.159100000000004,26.790000000000006,0,3,4,3,26
333.86299999999994,3.598900000000003,26.790000000000006,0,2,4,1,23
610.6390000000004,6.484700000000008,53.010000000000005,1,4,4,2,43
376.5000000000001,3.6597000000000026,32.78,0,3,4,2,28
463.47500000000025,4.212600000000004,45.67,0,4,4,2,33
365.358,1.1684999999999999,78.84,1,5,3,1,23
239.20399999999998,-0.4261999999999997,89.98,0,5,2,0,15
539.6430000000003,5.243700000000005,99.49000000000001,1,6,6,4,41
379.39700000000005,3.6395000000000026,94.32000000000001,1,7,5,3,27
478.3130000000002,4.8583000000000025,103.55000000000001,1,8,7,3,31
309.73,2.3405000000000005,76.38,1,5,2,2,20
252.27300000000002,1.7696,58.2,2,2,2,2,19
565.6770000000001,6.186500000000005,72.16,1,4,7,6,43
581.6760000000002,5.422900000000005,81.39000000000001,1,5,7,6,44
429.48300000000023,0.7368000000000006,119.96999999999998,3,7,4,2,29
409.4250000000002,1.0690999999999993,96.67999999999999,2,7,0,3,30
410.40900000000016,1.4960999999999995,93.88000000000001,1,7,0,3,30
424.53500000000025,5.1200000000000045,32.34,1,2,3,2,31
422.5440000000002,3.9517000000000033,52.57000000000001,2,3,3,2,31
390.52700000000027,3.688100000000003,41.57000000000001,1,3,3,2,29
390.52700000000027,3.688100000000002,41.57000000000001,1,3,3,2,29
422.54400000000015,3.9517000000000033,52.57000000000001,2,3,3,2,31
381.86300000000017,4.254700000000004,58.370000000000005,1,4,2,3,27
397.93100000000015,4.723200000000004,45.230000000000004,1,4,2,3,27
392.89000000000016,4.056700000000003,58.120000000000005,1,4,2,3,28
558.5640000000004,5.107100000000004,94.70000000000002,1,5,0,5,41
438.93400000000025,4.537300000000004,40.510000000000005,1,2,5,3,31
408.5210000000002,3.7982000000000022,38.82000000000001,1,3,5,2,30
440.9500000000002,4.627600000000004,40.510000000000005,1,2,5,3,31
406.50500000000017,3.9742000000000033,40.510000000000005,1,2,5,3,30
422.9600000000002,4.488500000000004,40.510000000000005,1,2,5,3,30
429.0080000000003,5.004500000000005,40.510000000000005,1,2,5,2,30
390.34000000000003,3.3019000000000016,59.81,1,3,3,3,28
541.6590000000002,5.261200000000005,99.69,2,6,6,5,41
475.58300000000014,5.305400000000005,35.580000000000005,1,3,7,3,35
388.5550000000001,4.708600000000005,32.34,1,2,3,2,29
489.3530000000002,5.709500000000004,47.61000000000001,2,3,3,3,33
451.5170000000001,4.3426000000000045,44.81,1,4,7,3,33
433.5270000000001,4.203500000000004,44.81,1,4,7,3,32
433.5270000000001,4.203500000000004,44.81,1,4,7,3,32
415.5370000000001,4.064400000000004,44.81,1,4,7,3,31
437.4900000000001,3.9525000000000032,44.81,1,4,6,3,32
419.5000000000001,3.8134000000000023,44.81,1,4,6,3,31
419.5000000000001,3.8134000000000023,44.81,1,4,6,3,31
419.5000000000001,3.8134000000000023,44.81,1,4,6,3,31
401.5100000000001,3.6743000000000023,44.81,1,4,6,3,30
434.4460000000003,4.249800000000003,74.33,2,4,4,3,32
339.4390000000001,2.5523000000000007,53.93,1,4,4,1,25
339.4390000000001,2.5523000000000007,53.93,1,4,4,1,25
361.785,1.9107999999999996,93.45000000000002,2,4,1,2,25
376.3620000000001,4.281800000000002,51.22,1,3,2,3,28
447.5380000000001,5.985400000000005,63.25,2,4,4,4,34
440.43400000000014,4.254100000000002,106.85,4,3,4,4,33
590.553,5.542800000000005,101.38,2,5,3,3,42
413.3860000000002,1.1445999999999998,121.66,2,8,4,2,30
416.4030000000002,4.577500000000003,61.46,1,4,2,3,30
348.40600000000006,3.5587000000000026,61.46,1,4,2,3,26
439.53700000000015,4.384000000000004,64.13000000000001,0,7,7,3,31
423.5380000000001,4.547700000000004,54.900000000000006,0,6,6,3,30
409.51100000000014,4.505200000000004,54.900000000000006,0,6,5,3,29
429.2060000000001,2.0831999999999993,125.11,3,8,6,2,26
446.51100000000014,1.3046000000000002,93.45,0,7,6,3,33
474.52100000000013,1.202,102.68,0,8,4,3,35
475.5090000000001,0.5970000000000009,115.57000000000001,0,9,4,3,35
476.4970000000001,-0.007999999999998453,128.46,0,10,4,3,35
475.5090000000001,0.5970000000000009,115.57000000000001,0,9,4,3,35
472.5490000000002,2.1395,93.45,0,7,7,3,35
466.9290000000001,1.9154999999999998,93.45,0,7,6,3,33
450.4740000000001,1.4011999999999996,93.45,0,7,6,3,33
471.55700000000024,4.3350000000000035,75.92,0,6,8,3,35
429.48000000000013,2.8272000000000013,90.21000000000001,0,6,5,3,32
460.49400000000014,1.1594999999999995,102.68,0,8,4,3,34
409.4420000000001,2.1946000000000003,92.99000000000001,0,6,6,2,30
449.4860000000001,2.838700000000001,90.21000000000001,0,6,6,3,33
447.4950000000001,1.8614999999999995,110.44000000000001,1,7,6,3,33
429.48000000000013,2.2123999999999997,90.21000000000001,0,6,6,3,32
431.49600000000015,2.7466000000000017,90.21000000000001,0,6,6,3,32
432.48400000000015,2.1416000000000004,103.10000000000001,0,7,6,3,32
432.48400000000015,2.1416000000000004,103.10000000000001,0,7,6,3,32
500.4810000000001,2.2809,93.45,0,7,6,3,36
450.4740000000001,1.4011999999999991,93.45,0,7,6,3,33
450.4740000000001,1.4011999999999991,93.45,0,7,6,3,33
466.92900000000014,1.915499999999999,93.45,0,7,6,3,33
450.4740000000001,1.4011999999999996,93.45,0,7,6,3,33
432.4840000000001,1.2620999999999993,93.45,0,7,6,3,32
500.4810000000001,2.2809,93.45,0,7,6,3,36
472.5490000000002,2.139499999999999,93.45,0,7,7,3,35
433.4720000000001,0.6571000000000002,106.34,0,8,6,3,32
433.4720000000001,0.6571000000000002,106.34,0,8,6,3,32
395.4590000000001,2.668000000000001,75.92,0,6,7,2,29
406.4820000000002,2.430200000000001,59.080000000000005,0,6,6,2,30
392.4590000000001,2.2960000000000003,71.7,0,7,6,3,29
432.4840000000001,1.2620999999999993,93.45,0,7,6,3,32
433.47200000000015,0.6571000000000002,106.34,0,8,6,3,32
514.8780000000002,4.803400000000004,58.64,1,4,4,2,35
415.41500000000013,5.6349000000000045,58.22,1,3,2,3,30
416.40300000000013,5.029900000000004,71.11,1,4,2,3,30
449.40400000000017,5.653800000000004,67.45,1,4,3,3,32
450.39200000000017,5.0488000000000035,80.34,1,5,3,3,32
431.41400000000016,5.514700000000005,67.45,1,4,3,3,31
449.40400000000017,5.653800000000004,67.45,1,4,3,3,32
432.40200000000016,4.909700000000004,80.34,1,5,3,3,31
432.40200000000016,4.909700000000004,80.34,1,5,3,3,31
450.39200000000017,5.0488000000000035,80.34,1,5,3,3,32
662.6499999999999,7.66890000000001,62.32000000000001,0,7,12,3,43
601.7440000000001,7.045500000000009,62.32000000000001,0,7,12,3,43
628.751,6.814600000000009,105.45999999999998,0,9,13,3,45
538.9540000000003,5.493100000000006,67.23,1,5,4,3,36
435.5930000000002,3.6106000000000025,43.86000000000001,0,5,6,2,31
437.60900000000015,3.8346000000000027,43.86000000000001,0,5,6,2,31
368.45200000000006,3.5118000000000027,43.78000000000001,1,3,4,2,27
386.4420000000001,3.459800000000002,43.78000000000001,1,3,4,2,28
444.4880000000002,-0.13919999999999944,163.17999999999998,8,10,12,2,32
415.3710000000002,4.0770000000000035,64.55000000000001,0,5,4,3,30
338.34200000000004,2.656600000000001,60.25,0,4,4,3,25
471.43200000000024,5.006300000000006,31.720000000000006,0,3,6,3,32
296.414,2.656500000000001,23.550000000000004,0,2,1,1,22
448.4190000000001,5.348900000000004,42.85,0,3,4,4,33
412.439,5.070700000000003,42.85,0,3,4,4,31
376.45900000000006,4.792500000000004,42.85,0,3,4,4,29
413.4270000000001,4.4657000000000036,55.74,0,4,4,4,31
351.8370000000002,4.222500000000004,38.13,0,2,3,3,25
335.3820000000001,3.7082000000000024,38.13,0,2,3,3,25
335.3820000000001,3.7082000000000024,38.13,0,2,3,3,25
317.3920000000001,3.5691000000000024,38.13,0,2,3,3,24
320.19000000000005,2.664600000000001,38.13,0,2,2,2,19
334.2170000000001,3.0547000000000013,38.13,0,2,2,2,20
435.119,4.2173000000000025,38.13,0,2,2,3,23
453.10900000000004,4.3564000000000025,38.13,0,2,2,3,24
390.668,4.108200000000003,38.13,0,2,2,3,23
408.658,4.247300000000002,38.13,0,2,2,3,24
374.213,3.5939000000000023,38.13,0,2,2,3,23
356.223,3.4548000000000023,38.13,0,2,2,3,22
374.213,3.5939000000000023,38.13,0,2,2,3,23
309.29100000000005,2.9209000000000014,38.13,0,2,2,2,22
363.38300000000015,3.9471000000000034,38.13,0,2,2,2,26
323.3180000000001,3.3110000000000017,38.13,0,2,2,2,23
379.769,4.364500000000003,38.13,0,2,2,3,26
275.73900000000003,2.5555000000000003,38.13,0,2,2,2,19
550.4770000000001,3.8343000000000025,103.78000000000002,2,5,7,2,37
384.41900000000004,4.767300000000002,41.99,1,2,6,4,28
377.3590000000001,4.352400000000002,46.92,1,2,5,4,27
294.29400000000004,3.422600000000002,41.99,1,2,4,3,21
214.16099999999994,-0.46970000000000045,82.45,3,3,1,1,14
399.4340000000001,4.407900000000003,46.09,0,3,7,4,29
385.40700000000004,4.412300000000003,46.09,0,3,6,4,28
371.38000000000005,4.543800000000004,46.09,0,3,5,4,27
314.193,3.833000000000002,47.03,0,3,3,2,19
406.4790000000003,2.7664000000000017,68.73,0,6,8,2,28
465.66300000000035,3.5514000000000028,52.650000000000006,1,4,8,2,33
467.63500000000033,2.997600000000002,61.88000000000001,1,5,8,2,33
454.6360000000003,3.7416000000000027,58.64000000000001,1,4,10,2,32
396.472,2.3491,85.28,0,7,5,3,28
619.6810000000002,5.369600000000005,88.69000000000001,3,6,11,3,43
487.6220000000002,5.119700000000005,75.44,1,6,8,4,33
451.53900000000016,1.8708000000000005,61.88000000000001,1,5,8,2,31
451.53900000000016,1.8708000000000005,61.88000000000001,1,5,8,2,31
433.54900000000015,1.7317000000000007,61.88000000000001,1,5,8,2,30
451.53900000000016,1.8708000000000005,61.88000000000001,1,5,8,2,31
437.51200000000017,1.8283000000000005,61.88000000000001,1,5,7,2,30
419.52200000000016,1.6892000000000007,61.88000000000001,1,5,7,2,29
357.4350000000002,2.3779000000000003,95.08000000000001,3,4,6,3,25
421.48200000000014,2.7060000000000004,117.10000000000001,3,7,7,4,30
467.5540000000002,4.9139000000000035,96.87,2,6,7,5,34
548.8790000000001,6.691700000000005,73.22,1,4,5,4,35
324.358,3.343000000000001,72.2,1,5,4,3,21
370.274,3.920000000000001,59.06,1,3,3,2,24
624.7100000000003,6.557400000000005,104.21000000000001,3,7,11,5,43
382.407,3.3671000000000024,58.2,2,3,4,2,26
398.406,3.246900000000002,67.43,2,4,5,2,27
468.5830000000003,2.0428999999999995,103.45,2,7,6,3,33
370.274,3.920000000000001,59.06,1,3,3,2,24
497.9760000000002,4.699800000000002,80.32000000000001,2,6,7,3,32
465.8620000000001,4.469900000000003,90.41000000000001,1,7,7,3,29
470.8850000000001,5.226300000000003,84.84,1,6,4,4,30
449.4980000000003,3.928500000000003,55.2,0,4,6,3,31
450.4860000000003,3.323500000000002,68.08999999999999,0,5,6,3,31
357.38100000000003,4.363000000000002,47.03,0,3,4,3,25
357.38100000000003,4.363000000000002,47.03,0,3,4,3,25
391.826,5.016400000000003,47.03,0,3,4,3,26
375.37100000000004,4.502100000000003,47.03,0,3,4,3,26
373.38000000000005,4.068600000000002,67.26,1,4,4,3,26
357.38100000000003,4.363000000000003,47.03,0,3,4,3,25
357.38100000000003,4.363000000000002,47.03,0,3,4,3,25
355.39000000000004,3.9295000000000018,67.26,1,4,4,3,25
340.3790000000001,3.6189000000000027,59.92,0,4,4,3,24
525.5680000000003,5.266000000000005,66.65,0,5,5,3,36
417.88000000000017,4.396200000000004,37.38,0,3,5,2,27
399.89000000000016,4.099000000000004,37.38,0,3,5,2,26
445.8900000000001,4.634000000000005,57.61,1,3,3,2,29
401.4250000000001,3.8819000000000035,37.38,0,3,5,2,27
383.43500000000006,3.5847000000000024,37.38,0,3,5,2,26
381.41900000000004,4.057500000000004,37.38,0,2,5,2,26
383.43500000000006,4.137400000000004,37.38,0,2,5,2,26
401.4250000000001,4.229500000000004,37.38,0,2,5,2,27
399.43400000000014,3.2523000000000026,57.61,1,3,5,2,27
384.42300000000006,2.6529000000000016,40.620000000000005,0,3,5,2,26
357.38100000000003,4.363000000000003,47.03,0,3,4,3,25
357.38100000000003,4.363000000000003,47.03,0,3,4,3,25
359.397,3.977800000000003,47.03,0,3,5,3,25
359.397,3.977800000000003,47.03,0,3,5,3,25
438.51500000000016,3.952900000000003,40.620000000000005,0,4,6,2,30
392.908,2.4801,58.64,1,4,4,2,26
392.908,2.4801,58.64,1,4,4,2,26
392.908,2.4801,58.64,1,4,4,2,26
420.9620000000001,3.2603000000000018,58.64,1,4,4,2,28
406.93500000000006,2.8702000000000014,58.64,1,4,4,2,27
406.93500000000006,2.8702000000000014,58.64,1,4,4,2,27
443.49200000000013,3.179500000000001,118.79,1,7,5,5,32
401.4250000000001,3.8819000000000035,37.38,0,3,5,2,27
383.43500000000006,4.137400000000004,37.38,0,2,5,2,26
401.4590000000003,3.5561000000000025,68.54,1,5,2,3,28
401.4590000000003,3.5561000000000025,68.54,1,5,2,3,28
331.3680000000001,3.0504000000000016,59.31,1,4,2,3,23
410.47400000000016,2.975200000000001,67.23,1,5,3,4,29
307.37500000000006,0.9243999999999999,82.53,2,5,2,2,21
416.4930000000002,4.546500000000004,50.27,0,3,5,3,29
291.37600000000003,1.2187999999999999,62.300000000000004,1,4,2,2,20
383.435,3.7428000000000035,37.38,0,3,5,2,26
569.5670000000003,6.503100000000005,55.400000000000006,1,4,6,3,39
343.492,3.5575000000000028,37.38,0,3,6,2,24
365.44500000000005,3.4456000000000024,37.38,0,3,5,2,25
329.46500000000003,3.1674000000000015,37.38,0,3,5,2,23
411.57100000000014,2.8831000000000007,61.440000000000005,2,4,6,2,29
532.1090000000003,6.947600000000007,68.96000000000001,2,3,7,5,37
515.6540000000002,6.433300000000005,68.96000000000001,2,3,7,5,37
518.0820000000002,6.557500000000005,68.96000000000001,2,3,6,5,36
501.62700000000024,6.043200000000005,68.96000000000001,2,3,6,5,36
339.391,4.223900000000003,47.03,0,3,4,3,24
356.39300000000003,4.968000000000003,34.14,0,2,4,3,25
357.38100000000003,4.363000000000002,47.03,0,3,4,3,25
358.409,4.582800000000003,34.14,0,2,5,3,25
287.384,2.2076000000000002,46.17,1,3,2,2,20
533.0970000000003,5.767800000000006,61.34,1,4,7,5,37
516.6420000000003,5.253500000000005,61.34,1,4,7,5,37
519.0700000000003,5.377700000000005,61.34,1,4,6,5,36
502.61500000000024,4.863400000000005,61.34,1,4,6,5,36
506.5380000000002,3.7779000000000025,94.7,1,6,7,5,36
491.60300000000035,6.818500000000005,37.38,0,2,6,4,35
492.59100000000035,6.213500000000004,50.27,0,3,6,4,35
399.8900000000001,4.651700000000004,37.38,0,2,5,2,26
401.42500000000007,3.8819000000000035,37.38,0,3,5,2,27
383.435,4.137400000000004,37.38,0,2,5,2,26
405.50400000000013,5.126300000000003,71.95,1,6,3,4,28
425.49100000000016,3.575000000000002,90.41000000000001,1,8,2,4,29
446.57600000000025,4.310900000000003,90.63999999999999,3,4,3,4,32
440.4470000000002,3.531600000000002,85.59,1,6,5,3,30
419.5870000000004,3.602300000000003,55.84,0,5,4,1,29
405.56000000000034,3.354700000000002,55.84,0,5,3,1,28
463.28900000000004,1.6665,132.95,3,8,6,2,27
472.01000000000016,5.018100000000005,62.74,0,4,9,3,32
464.27700000000004,0.7810000000000004,144.98000000000002,4,8,6,2,27
425.52900000000017,3.699900000000003,43.86000000000001,0,4,5,3,30
340.44800000000015,2.784200000000001,40.620000000000005,0,4,1,2,24
391.483,3.762000000000003,37.38,0,3,3,2,27
377.372,3.3960000000000026,98.75,0,6,11,2,27
406.4860000000001,3.652600000000003,75.65,0,6,8,3,30
407.47800000000007,1.9732999999999996,93.22,0,7,8,3,30
357.42900000000003,3.136700000000002,49.620000000000005,0,4,7,2,26
384.4360000000001,2.905800000000001,92.76,0,6,8,2,28
381.4360000000001,2.533800000000001,88.54,0,7,7,3,28
235.28699999999995,1.0424999999999998,58.410000000000004,1,4,4,1,17
331.32800000000003,2.714100000000001,107.54000000000002,1,6,9,2,24
558.6180000000002,5.436700000000005,127.17999999999999,2,9,11,5,41
502.5680000000003,4.155400000000004,109.78999999999999,0,7,6,3,35
320.308,3.246600000000001,94.08,1,5,3,4,24
475.4710000000003,3.888200000000003,94.77,2,7,7,3,34
272.304,2.7634000000000007,64.4,1,4,7,2,20
359.26,2.667700000000001,88.65,0,6,5,2,25
345.233,2.5299000000000005,88.65,0,6,4,2,24
370.3400000000001,3.222500000000001,92.31,0,6,5,3,27
416.4490000000002,4.017700000000003,64.09,1,4,7,3,29
397.88100000000014,4.4375000000000036,48.99,1,3,5,3,28
418.87500000000017,3.6095000000000024,52.230000000000004,1,4,5,3,29
289.72200000000004,2.747200000000001,70.92,2,4,1,3,20
500.0460000000003,5.267400000000005,60.06,2,3,7,5,36
483.59100000000024,4.753100000000004,60.06,2,3,7,5,36
486.01900000000023,4.8773000000000035,60.06,2,3,6,5,35
469.56400000000025,4.363000000000003,60.06,2,3,6,5,35
213.59499999999997,2.0262000000000007,53.09,2,2,0,2,14
402.8820000000001,2.0715,84.59,3,5,6,3,28
403.86600000000016,2.3364000000000003,81.94,2,6,6,3,28
195.60499999999996,1.8870999999999998,53.09,2,2,0,2,13
299.41800000000006,3.2992000000000017,41.03,1,2,2,2,22
301.3900000000001,2.1455,50.260000000000005,1,3,2,2,22
461.5560000000001,5.8570000000000055,41.03,1,2,7,4,34
369.44000000000005,3.5747000000000027,50.260000000000005,1,3,6,3,27
337.423,3.0455000000000014,50.260000000000005,1,3,5,3,25
425.92000000000013,3.353200000000002,78.82,2,3,5,4,30
556.6170000000003,5.558300000000005,87.55,2,6,6,5,41
244.29399999999995,1.6589,54.120000000000005,2,3,2,2,18
539.6430000000003,5.816800000000005,103.45,2,6,6,6,41
540.6310000000002,5.211800000000005,116.34,2,7,6,6,41
540.6310000000002,5.211800000000005,116.34,2,7,6,6,41
433.44300000000027,2.437500000000001,104.23,2,7,4,4,32
489.53200000000027,3.652200000000003,104.23,2,8,4,5,35
489.53200000000027,3.6522000000000023,104.23,2,8,4,5,35
441.77200000000005,3.726200000000002,84.00000000000001,1,6,3,3,30
485.4910000000004,1.2962999999999993,101.74000000000001,2,8,5,3,35
349.3900000000001,1.7933,71.53,1,6,5,3,26
364.4050000000002,1.8699,83.56,2,7,6,3,27
380.4730000000002,2.586500000000001,74.33000000000001,2,7,6,3,27
319.36400000000015,2.5220000000000002,71.09,2,5,5,3,24
323.3080000000001,1.7619999999999998,89.55000000000001,2,7,5,3,24
336.3760000000001,2.643,83.97999999999999,2,7,5,4,24
270.24,2.5768000000000004,90.9,3,5,1,3,20
375.3460000000002,5.097800000000003,51.32000000000001,1,3,3,3,27
355.44800000000015,2.808300000000001,75.94,1,6,3,4,24
315.3730000000001,2.2911,46.92,1,4,2,3,22
393.8340000000002,2.3815,75.66000000000001,1,5,3,4,28
462.9410000000003,2.4558,78.9,1,6,4,4,33
421.88800000000026,3.1617000000000006,75.66000000000001,1,5,3,4,30
408.8490000000002,2.166599999999999,88.55000000000001,1,6,3,4,29
419.91200000000026,4.664900000000004,68.01,1,4,3,4,30
385.4670000000002,4.011500000000003,68.01,1,4,3,4,29
641.3,7.772900000000009,50.6,0,5,14,4,46
439.5590000000002,5.307500000000005,47.36,0,4,7,4,33
453.58600000000024,5.366600000000005,47.36,0,4,8,4,34
425.5320000000004,4.917400000000004,47.36000000000001,0,4,7,4,32
349.43400000000014,3.2504000000000017,47.36000000000001,0,4,6,3,26
402.4310000000001,4.717300000000002,77.35000000000001,1,6,3,5,29
642.288,7.1679000000000075,63.49,0,6,14,4,46
497.3860000000001,3.7330000000000014,95.31,3,7,5,4,34
468.34400000000005,4.6677000000000035,72.28,1,6,4,4,32
320.3270000000001,3.185200000000001,52.190000000000005,0,3,2,4,24
321.767,4.034200000000003,50.68,1,2,2,4,23
361.8320000000001,4.842500000000004,39.82,0,2,3,4,26
351.4020000000002,3.8571000000000026,73.91,2,5,3,3,26
325.4119999999999,2.832600000000001,58.22,1,4,4,2,24
512.5810000000002,6.778900000000006,68.71000000000001,0,6,8,5,38
444.8940000000001,3.270400000000002,89.27,2,6,6,3,31
445.6860000000002,2.570200000000002,104.81,3,6,6,3,28
445.6860000000002,2.570200000000002,104.81,3,6,6,3,28
367.35900000000004,3.261800000000001,76.46000000000001,1,4,3,4,27
349.369,3.122700000000001,76.46000000000001,1,4,3,4,26
455.50200000000007,4.890800000000005,66.69,0,6,4,2,31
413.4980000000001,5.664500000000005,42.68000000000001,0,5,2,5,30
502.0140000000003,5.508400000000005,55.73000000000001,1,5,6,4,36
503.0020000000003,4.903400000000005,68.62,1,6,6,4,36
503.0020000000003,4.903400000000005,68.62,1,6,6,4,36
412.8730000000002,4.251600000000004,63.94000000000001,1,6,4,3,29
509.05300000000034,6.327900000000007,50.160000000000004,1,4,6,5,37
610.4850000000002,6.741000000000005,82.27000000000001,2,4,6,4,40
458.4800000000003,4.909900000000005,43.7,0,4,8,3,33
424.92800000000034,4.544500000000003,43.7,0,4,8,3,30
408.4730000000003,4.030200000000003,43.7,0,4,8,3,30
440.54300000000035,5.044300000000004,43.7,0,4,8,4,33
424.92800000000034,4.544500000000003,43.7,0,4,8,3,30
408.4730000000003,4.030200000000003,43.7,0,4,8,3,30
390.4830000000003,3.8911000000000033,43.7,0,4,8,3,29
404.51000000000033,4.281200000000004,43.7,0,4,8,3,30
406.4820000000003,3.1275000000000013,52.93000000000001,0,5,8,3,30
399.4540000000002,2.7679,73.44,1,5,6,4,30
416.48100000000017,2.489,81.31,2,5,6,4,31
442.5190000000003,3.239300000000002,61.52000000000001,0,5,7,4,33
414.5090000000003,3.8620000000000028,52.290000000000006,0,4,7,4,31
444.5350000000003,3.222900000000002,72.52000000000001,1,5,8,4,33
429.5240000000003,2.6714,64.32000000000001,1,5,7,4,32
430.5080000000003,3.0984000000000016,61.52000000000001,0,5,7,4,32
430.50800000000027,2.8328000000000007,72.52000000000001,1,5,7,4,32
400.4820000000002,3.518200000000001,61.080000000000005,1,4,6,4,30
408.4730000000003,4.030200000000003,43.7,0,4,8,3,30
272.34799999999996,2.4363,58.03,2,3,4,2,20
258.32099999999997,2.0462000000000002,58.03,2,3,3,2,19
325.412,2.832600000000001,58.22,1,4,4,2,24
326.4,2.2276,71.11,1,5,4,2,24
439.12900000000013,6.053500000000002,50.68,1,2,3,4,27
555.6420000000002,5.110100000000004,123.41999999999999,3,6,6,6,42
668.8060000000003,4.326100000000002,143.04999999999998,3,10,9,6,50
467.8880000000002,3.0909000000000013,104.22999999999999,2,7,4,4,33
507.9530000000003,3.899200000000003,93.37,1,7,5,4,36
511.9410000000003,2.556600000000001,113.60000000000001,2,8,6,4,36
459.4810000000002,2.9685000000000006,104.22999999999999,2,7,4,4,34
433.4430000000002,2.4375,104.22999999999999,2,7,4,4,32
382.29100000000005,3.794100000000003,47.36,0,4,6,2,25
347.846,3.1407000000000016,47.36,0,4,6,2,24
365.836,3.2798000000000016,47.36,0,4,6,2,25
349.381,2.765500000000001,47.36,0,4,6,2,25
350.3700000000001,4.777200000000004,61.81,0,5,7,4,26
292.335,0.6291999999999999,105.58000000000001,5,5,7,2,21
535.1760000000003,7.1351000000000075,69.81,3,4,13,3,38
521.1490000000003,6.745000000000007,69.81,3,4,12,3,37
507.12200000000036,6.354900000000006,69.81,3,4,11,3,36
493.0950000000003,5.964800000000006,69.81,3,4,10,3,35
479.0680000000004,5.574700000000005,69.81,3,4,9,3,34
465.04100000000034,5.184600000000005,69.81,3,4,8,3,33
451.0140000000003,4.794500000000005,69.81,3,4,7,3,32
436.98700000000025,4.404400000000003,69.81,3,4,6,3,31
422.9600000000003,4.014300000000003,69.81,3,4,5,3,30
413.90500000000014,2.7434000000000003,68.80000000000001,2,5,6,3,29
451.4980000000003,2.879200000000001,74.61,1,6,5,3,33
454.45800000000025,1.7203999999999997,96.73,1,8,5,3,33
470.52600000000024,2.4337,87.5,1,8,5,3,33
452.48200000000026,2.9304000000000006,70.95,1,6,5,3,33
451.5020000000003,2.0531999999999995,81.51,1,7,5,3,33
440.92700000000013,3.390900000000002,74.78999999999999,2,5,5,3,31
448.5270000000003,1.0870999999999995,94.28,1,7,5,3,33
452.48600000000033,2.2742000000000004,87.50000000000001,1,7,5,3,33
471.5140000000003,1.8287,100.39000000000001,1,9,5,3,33
453.4700000000003,2.3254,83.84000000000002,1,7,5,3,33
469.49200000000036,2.1344000000000003,81.51,1,7,5,3,34
515.5070000000003,4.087100000000003,76.38000000000001,2,5,6,3,37
515.5070000000003,4.087100000000003,76.38000000000001,2,5,6,3,37
497.5170000000003,3.789900000000003,76.38000000000001,2,5,6,3,36
497.5170000000003,3.789900000000003,76.38000000000001,2,5,6,3,36
479.52700000000027,3.650800000000003,76.38000000000001,2,5,6,3,35
461.53700000000026,3.511700000000002,76.38000000000001,2,5,6,3,34
462.52500000000026,2.9067000000000016,89.27000000000001,2,6,6,3,34
499.53300000000036,3.7093000000000025,76.38000000000001,2,5,7,3,36
487.4780000000003,3.1130000000000013,85.61000000000001,2,6,6,3,35
562.4250000000002,4.076500000000003,94.84000000000002,2,7,5,3,38
508.57500000000033,3.7150000000000025,102.41000000000001,2,8,6,4,36
562.4250000000002,4.076500000000003,94.84000000000002,2,7,5,3,38
562.4250000000002,4.076500000000003,94.84000000000002,2,7,5,3,38
527.9800000000005,3.4231000000000025,94.84000000000002,2,7,5,3,37
511.52500000000043,2.908800000000001,94.84000000000002,2,7,5,3,37
494.5230000000004,2.1647,107.73000000000002,2,8,5,3,36
542.5890000000003,1.5595999999999999,132.64,2,9,5,3,38
496.56400000000036,2.8355000000000015,98.50000000000001,2,8,5,3,35
542.5890000000003,1.5595999999999994,132.64000000000001,2,9,5,3,38
510.5910000000004,2.878000000000001,98.50000000000001,2,8,5,3,36
495.5110000000004,1.5596999999999994,120.62000000000002,2,9,5,3,36
515.4880000000003,3.320000000000002,94.84000000000002,2,7,5,3,37
493.5350000000004,2.769700000000001,94.84000000000002,2,7,5,3,36
479.5080000000004,2.7272000000000007,94.84000000000002,2,7,5,3,35
527.9800000000005,3.4231000000000025,94.84000000000002,2,7,5,3,37
492.55500000000035,2.2309,113.33000000000001,4,8,5,3,36
493.5390000000004,2.1978,110.53000000000002,3,8,5,3,36
494.5230000000004,2.1647,107.73000000000002,2,8,5,3,36
528.9680000000004,2.818100000000001,107.73000000000002,2,8,5,3,37
467.5010000000004,1.1571999999999996,101.74000000000001,2,8,5,3,34
451.5020000000003,2.0531999999999995,81.51,1,7,5,3,33
460.4350000000002,3.2529000000000012,70.05000000000001,1,5,4,4,33
369.31700000000006,5.189900000000002,21.48,0,1,2,4,27
419.36200000000014,5.100800000000002,60.400000000000006,0,4,3,5,31
467.5010000000003,1.1571999999999996,101.74000000000001,2,8,5,3,34
452.4900000000003,1.4482,94.4,1,8,5,3,33
428.48300000000006,3.1854000000000013,51.769999999999996,0,4,7,3,31
418.48800000000017,2.6804000000000006,52.29,0,4,7,2,30
426.4920000000001,2.2081999999999997,72.0,1,5,7,3,31
416.4970000000002,1.7031999999999994,72.52000000000001,1,5,7,2,30
425.5330000000002,3.452200000000002,45.78,0,5,6,4,30
407.5430000000002,3.3131000000000013,45.78,0,5,6,4,29
428.48300000000006,3.6444000000000027,51.769999999999996,0,4,7,3,31
428.48300000000006,3.534600000000003,51.769999999999996,0,4,7,3,31
418.48800000000017,3.029600000000001,52.29,0,4,7,2,30
410.4930000000001,3.3472000000000017,51.769999999999996,0,4,7,3,30
410.4930000000001,3.237400000000001,51.769999999999996,0,4,7,3,30
400.4980000000002,2.7324,52.29,0,4,7,2,29
425.5730000000004,2.6194000000000006,70.63000000000001,2,4,6,2,31
370.8650000000002,3.686200000000002,52.19,0,4,2,4,25
427.91700000000026,2.5643000000000002,64.66,0,6,3,4,29
425.9450000000003,3.5755000000000026,55.43,0,5,4,4,29
469.9980000000004,3.592100000000003,64.66,0,6,4,4,32
461.97800000000024,4.365700000000003,55.43,0,5,4,5,32
487.9880000000004,3.731200000000003,64.66,0,6,4,4,33
435.55300000000034,2.9387000000000008,64.66,0,6,4,4,31
515.5360000000003,3.831000000000002,104.06,4,6,8,3,37
456.49000000000007,4.285800000000004,79.58,0,7,4,2,31
520.9390000000002,4.948400000000005,68.62,1,6,5,3,36
494.9010000000002,4.417400000000003,68.62,1,6,5,3,34
500.9520000000002,5.841900000000004,50.160000000000004,1,4,5,4,35
469.3580000000001,3.7234000000000034,41.370000000000005,0,4,4,3,30
382.3410000000001,4.654400000000003,44.120000000000005,0,3,4,4,28
383.37500000000017,4.037500000000002,87.05,2,6,2,4,28
365.3850000000002,4.089500000000002,87.05,2,6,2,4,27
377.39600000000024,4.492500000000002,76.05,1,6,1,4,28
336.35700000000014,4.168500000000003,38.050000000000004,1,2,3,2,24
300.3770000000002,3.923300000000003,38.050000000000004,1,2,3,2,22
318.367,4.0294000000000025,38.050000000000004,1,2,3,2,23
446.54100000000017,6.416200000000006,39.26,2,2,6,4,33
405.44100000000014,2.363600000000001,70.95,3,5,6,2,29
476.58100000000013,4.413700000000003,95.85,3,8,7,4,34
276.339,2.9552000000000005,46.010000000000005,1,3,4,3,21
422.31500000000005,5.324000000000004,58.900000000000006,1,4,5,4,29
457.40200000000004,5.314200000000004,58.900000000000006,1,4,5,4,33
489.9380000000001,4.655300000000004,75.78,1,6,4,5,35
490.9260000000001,4.050300000000003,88.67,1,7,4,5,35
486.33400000000006,4.451000000000003,84.26,1,7,4,4,33
491.91000000000014,4.543800000000004,97.4,1,8,4,5,35
507.9780000000001,5.012300000000003,84.26,1,8,4,5,35
474.4710000000001,3.5360000000000014,88.67,1,7,4,5,35
473.4830000000001,4.141000000000003,75.78,1,6,4,5,35
501.4400000000001,3.8847000000000023,93.49000000000001,1,8,6,4,36
490.51400000000024,2.9290000000000003,96.29,2,8,4,4,36
475.45500000000015,4.029500000000002,97.4,1,8,4,5,35
491.52300000000014,4.498000000000003,84.26,1,8,4,5,35
491.52300000000014,4.498000000000004,84.26,1,8,4,5,35
474.4710000000001,3.5360000000000023,88.67,1,7,4,5,35
475.45500000000015,4.029500000000002,97.4,1,8,4,5,35
491.52300000000014,4.498000000000003,84.26,1,8,4,5,35
491.52300000000014,4.498000000000004,84.26,1,8,4,5,35
471.9480000000001,4.516200000000003,75.78,1,6,4,5,34
472.9360000000001,3.9112000000000027,88.67,1,7,4,5,34
473.92000000000013,4.404700000000004,97.4,1,8,4,5,34
489.9880000000001,4.873200000000003,84.26,1,8,4,5,34
473.92000000000013,4.404700000000004,97.4,1,8,4,5,34
489.9880000000001,4.873200000000003,84.26,1,8,4,5,34
451.88900000000007,3.797600000000002,84.26,1,7,4,4,32
472.9360000000001,3.9112000000000027,88.67,1,7,4,5,34
456.4810000000001,3.3969000000000014,88.67,1,7,4,5,34
456.4810000000001,3.3969000000000014,88.67,1,7,4,5,34
457.46500000000015,3.8904000000000023,97.4,1,8,4,5,34
473.53300000000013,4.358900000000003,84.26,1,8,4,5,34
473.53300000000013,4.358900000000003,84.26,1,8,4,5,34
378.31600000000014,4.447900000000003,45.150000000000006,2,3,2,2,26
440.47500000000025,3.9498000000000015,71.37,1,7,4,4,31
410.52400000000006,3.733100000000003,71.37,1,8,4,4,28
440.4650000000001,4.6021000000000045,45.59,1,4,4,3,32
486.3340000000003,4.451000000000002,84.26,1,7,4,4,33
469.8790000000003,3.936700000000002,84.26,1,7,4,4,33
419.48100000000017,4.777800000000004,68.13000000000001,1,6,4,4,30
485.34600000000023,5.056000000000004,71.37,1,6,4,4,33
468.8910000000002,4.541700000000003,71.37,1,6,4,4,33
452.4360000000002,4.027400000000003,71.37,1,6,4,4,33
483.4500000000002,3.7456000000000023,93.49000000000001,1,8,6,4,35
417.4440000000002,3.1442000000000014,84.26,1,7,4,4,31
468.8910000000002,4.541700000000003,71.37,1,6,4,4,33
417.4440000000002,3.1442000000000014,84.26,1,7,4,4,31
486.3340000000002,4.451000000000003,84.26,1,7,4,4,33
456.47700000000026,4.495400000000004,84.51,1,7,4,5,34
495.3520000000002,4.511700000000003,71.37,1,6,4,4,32
484.4530000000002,4.768000000000003,71.37,1,6,4,4,35
450.9010000000002,4.402600000000003,71.37,1,6,4,4,32
500.4520000000002,4.647800000000003,80.60000000000001,1,7,5,4,36
482.4620000000002,4.350600000000004,80.60000000000001,1,7,6,4,35
455.4930000000002,4.001900000000003,75.78,1,6,4,5,34
457.4690000000002,2.7919,101.56,1,8,4,5,34
457.4690000000002,2.7919,101.56,1,8,4,5,34
485.4410000000002,4.163000000000003,84.26,1,7,4,4,35
451.88900000000024,3.7976000000000028,84.26,1,7,4,4,32
486.5510000000004,3.7444000000000024,87.5,1,8,5,4,36
483.4500000000002,3.7456000000000023,93.49000000000001,1,8,6,4,35
489.50700000000035,2.9218,102.72000000000001,1,9,6,4,36
422.4850000000002,3.8107000000000024,71.37,1,7,4,4,30
472.52400000000034,2.7899000000000003,96.29,2,8,4,4,35
457.46500000000026,3.8904000000000023,97.4,1,8,4,5,34
473.53300000000024,4.358900000000003,84.26,1,8,4,5,34
457.46500000000026,3.8904000000000023,97.4,1,8,4,5,34
473.53300000000024,4.358900000000003,84.26,1,8,4,5,34
456.4810000000002,3.3969000000000014,88.67,1,7,4,5,34
456.4810000000002,3.3969000000000014,88.67,1,7,4,5,34
457.46500000000026,3.8904000000000023,97.4,1,8,4,5,34
473.53300000000024,4.358900000000004,84.26,1,8,4,5,34
473.53300000000024,4.358900000000004,84.26,1,8,4,5,34
423.4730000000002,3.205700000000001,84.26,1,8,4,4,30
457.91800000000023,3.8591000000000024,84.26,1,8,4,4,31
428.5140000000002,3.872200000000002,71.37,1,8,4,4,29
438.7830000000001,5.755300000000004,38.050000000000004,1,2,3,4,30
523.9520000000003,3.5752000000000024,102.72,1,9,6,4,37
549.9120000000003,4.738700000000002,93.49,1,8,6,4,38
455.23800000000006,6.269600000000004,38.050000000000004,1,2,3,4,30
490.9260000000003,4.050300000000003,88.67,1,7,4,5,35
474.4710000000003,3.5360000000000023,88.67,1,7,4,5,35
474.4710000000003,3.5360000000000023,88.67,1,7,4,5,35
472.4920000000001,4.388100000000003,71.37,1,7,4,4,33
404.49500000000006,3.6716000000000024,71.37,1,7,4,4,29
359.4690000000002,3.996000000000003,32.7,1,3,5,3,27
477.64800000000025,6.770600000000008,32.7,1,3,9,4,36
433.59500000000014,6.501700000000007,23.47,1,2,6,4,33
267.372,2.9221000000000013,32.26,2,2,3,2,20
434.44600000000025,3.8883000000000028,71.37,1,6,4,4,32
375.4720000000002,2.6560000000000006,58.480000000000004,1,5,6,3,28
331.41900000000015,3.1595000000000013,49.25000000000001,1,4,5,3,25
345.4460000000002,3.5496000000000016,49.25000000000001,1,4,5,3,26
359.47300000000024,3.939700000000003,49.25000000000001,1,4,5,3,27
375.47200000000026,3.1761000000000017,58.480000000000004,1,5,5,3,28
360.4610000000002,2.359,61.28000000000001,2,5,5,3,27
361.4450000000002,2.7860000000000005,58.480000000000004,1,5,5,3,27
434.44600000000025,3.8883000000000028,71.37,1,6,4,4,32
422.3150000000001,5.710900000000004,58.900000000000006,1,4,5,4,29
387.87000000000006,5.0575000000000045,58.900000000000006,1,4,5,4,28
377.8310000000001,4.650500000000004,72.04,1,5,5,4,27
387.87000000000006,5.0575000000000045,58.900000000000006,1,4,5,4,28
451.88900000000024,3.7976000000000028,84.26,1,7,4,4,32
435.43400000000025,3.2833000000000014,84.26,1,7,4,4,32
433.8990000000002,3.6585000000000027,84.26,1,7,4,4,31
490.9260000000003,4.050300000000003,88.67,1,7,4,5,35
421.78100000000006,5.011200000000002,50.940000000000005,1,3,3,4,29
451.88900000000024,3.7976000000000028,84.26,1,7,4,4,32
474.4710000000003,3.5360000000000023,88.67,1,7,4,5,35
479.5120000000003,4.202500000000003,75.78,1,7,4,5,34
423.4730000000002,3.205700000000002,84.26,1,8,4,4,30
451.88900000000024,3.7976000000000028,84.26,1,7,4,4,32
381.3330000000001,2.770200000000001,66.55,1,5,2,3,27
364.3310000000001,2.0260999999999996,79.44000000000001,1,6,2,3,26
316.37600000000003,2.894100000000001,58.28,2,3,3,2,23
446.5260000000002,4.452200000000004,63.410000000000004,1,5,7,4,33
354.47500000000014,4.087800000000003,45.59,1,5,5,3,25
351.4100000000001,2.6157000000000012,87.16000000000001,2,6,5,3,26
340.4480000000001,4.045300000000003,45.59,1,5,4,3,24
446.0160000000002,4.801500000000004,50.519999999999996,1,5,5,3,30
410.90500000000026,3.8804000000000025,73.06,1,5,3,3,29
321.464,3.991100000000003,23.47,1,2,3,2,24
207.2729999999999,1.0522,32.7,1,3,3,1,15
451.65900000000045,3.8042000000000025,56.56,2,5,4,2,33
509.0500000000004,4.879000000000005,74.86,1,7,7,3,36
492.59500000000037,4.364700000000004,74.86,1,7,7,3,36
482.02400000000034,5.673700000000005,80.41,2,6,10,3,34
462.5120000000002,4.2443000000000035,62.75,3,5,8,2,33
488.6470000000002,6.371100000000007,45.59,1,4,9,3,36
496.0510000000003,5.873400000000006,71.62,1,6,9,3,35
479.59600000000023,5.359100000000005,71.62,1,6,9,3,35
424.9320000000003,4.128000000000003,73.06,1,5,4,3,30
439.5990000000002,6.075500000000006,43.7,2,3,8,3,33
453.62600000000026,6.4656000000000065,43.7,2,3,8,3,34
413.56100000000015,5.590800000000005,52.49,3,3,7,3,31
409.5050000000001,2.9863000000000017,48.3,1,5,4,2,30
450.00400000000025,3.631400000000003,70.75,2,6,9,3,30
286.202,3.3312000000000017,23.47,1,2,3,1,18
353.4410000000001,3.395400000000002,41.29,1,3,5,3,26
437.5310000000002,4.308100000000003,29.950000000000003,1,5,6,2,30
403.9790000000002,3.942700000000003,29.950000000000003,1,5,6,2,27
572.6320000000003,5.176000000000005,87.91,2,8,9,3,41
652.8069999999999,5.0328000000000035,123.08000000000001,2,10,9,6,49
653.7949999999998,4.427800000000003,135.97,2,11,9,6,49
653.795,4.427800000000003,135.97,2,11,9,6,49
395.4780000000001,2.5962000000000005,48.3,1,5,3,2,29
476.51200000000034,2.548400000000001,116.52,3,9,7,4,35
383.51700000000017,2.8560000000000016,48.300000000000004,1,6,5,2,27
485.27400000000006,1.4315999999999989,155.74,4,10,10,3,30
511.94100000000026,3.168700000000001,113.72,2,9,7,4,36
477.4960000000003,2.5153000000000008,113.72,2,9,7,4,35
344.4180000000001,4.1605000000000025,73.83,3,4,6,4,26
288.218,3.387100000000001,32.26,2,2,3,1,18
274.191,2.9970000000000008,32.26,2,2,3,1,17
245.32199999999995,2.4364,45.400000000000006,2,3,3,2,18
288.218,3.387100000000001,32.26,2,2,3,1,18
274.191,2.9970000000000008,32.26,2,2,3,1,17
337.305,2.1235999999999997,68.76,1,4,6,3,24
338.1980000000001,2.3537,68.76,1,4,5,3,22
369.75900000000007,2.3016999999999994,77.99000000000001,1,5,7,3,25
337.305,2.1235999999999997,68.76,1,4,6,3,24
353.30400000000003,1.7873999999999999,77.99000000000001,1,5,7,3,25
395.357,3.7043000000000026,68.76,1,4,6,3,26
309.37300000000005,1.9243000000000001,68.76,1,4,6,3,23
395.35699999999997,3.8396000000000026,68.76,1,4,6,3,26
498.67500000000035,3.7517000000000023,69.45,2,6,9,4,37
372.39200000000005,1.6735999999999995,107.42999999999999,1,7,5,5,28
330.3910000000001,3.770400000000002,73.83,3,4,5,4,25
355.869,3.6947000000000028,41.29,1,3,5,3,25
424.9320000000003,4.128000000000003,73.06,1,5,4,3,30
384.90700000000027,3.084500000000001,56.59,2,4,3,2,27
406.40800000000013,4.257900000000003,71.67999999999999,2,5,5,3,29
356.85700000000014,4.012700000000002,62.45,2,4,4,3,25
401.9380000000002,3.0082000000000013,48.83,1,5,5,2,28
424.9320000000003,4.128000000000003,73.06,1,5,4,3,30
389.45600000000013,0.8184999999999996,125.55000000000001,4,8,6,2,28
360.41700000000003,3.2627000000000006,94.06,4,5,6,4,27
338.879,2.6751000000000005,44.730000000000004,2,4,5,1,23
334.806,4.814000000000003,37.53,1,2,3,4,24
394.45400000000006,2.3252000000000006,70.31,1,6,4,3,29
512.9940000000003,4.487400000000003,91.60000000000001,2,8,5,4,35
486.9560000000003,3.956400000000002,91.60000000000001,2,8,5,4,33
487.94400000000036,3.351400000000001,104.49000000000001,2,9,5,4,33
486.9560000000003,3.956400000000002,91.60000000000001,2,8,5,4,33
486.9560000000003,3.956400000000002,91.60000000000001,2,8,5,4,33
272.73499999999996,3.2303000000000015,38.050000000000004,1,2,3,3,19
289.726,1.6577999999999997,68.76,1,4,4,3,20
463.3270000000002,4.5697000000000045,35.940000000000005,1,4,7,2,30
413.32000000000016,3.690000000000003,35.940000000000005,1,4,7,2,27
378.31600000000014,4.447900000000003,45.150000000000006,2,3,2,2,26
451.88900000000024,3.7976000000000028,84.26,1,7,4,4,32
422.3150000000001,5.710900000000004,58.900000000000006,1,4,5,4,29
421.4220000000001,5.422900000000005,58.900000000000006,1,4,5,4,31
410.90500000000026,3.8804000000000025,73.06,1,5,3,3,29
444.379,4.4730000000000025,66.73,2,3,6,3,31
446.8720000000002,4.055400000000003,35.940000000000005,1,4,7,2,30
413.32000000000016,3.690000000000003,35.940000000000005,1,4,7,2,27
395.33000000000015,3.550900000000002,35.940000000000005,1,4,7,2,26
413.32000000000016,3.690000000000003,35.940000000000005,1,4,7,2,27
378.8750000000001,3.0366000000000017,35.940000000000005,1,4,7,2,26
418.95000000000016,3.4407900000000016,67.52,3,5,6,3,28
386.88300000000015,2.778200000000001,64.62,2,5,6,3,27
316.37600000000015,2.894100000000001,58.28,2,3,3,2,23
316.37600000000015,2.894100000000001,58.28,2,3,3,2,23
378.31600000000014,4.447900000000003,45.150000000000006,2,3,2,2,26
451.88900000000024,3.7976000000000028,84.26,1,7,4,4,32
376.38200000000006,4.130500000000002,62.45,2,4,3,3,27
342.8300000000001,3.765100000000002,62.45,2,4,3,3,24
392.3810000000001,4.010300000000003,71.67999999999999,2,5,4,3,28
376.38200000000006,4.130500000000002,62.45,2,4,3,3,27
392.3810000000001,4.010300000000003,71.68,2,5,4,3,28
317.473,3.959900000000003,32.7,1,3,6,1,23
416.36500000000007,5.117500000000003,37.19,2,2,1,3,29
389.3810000000001,2.845300000000001,82.96,3,6,3,3,28
543.3770000000002,4.343900000000003,88.33,2,7,5,3,36
405.36900000000026,5.253900000000006,36.36,1,3,3,2,27
336.4790000000001,3.9471000000000034,36.36,1,3,3,2,25
370.9240000000002,4.600500000000004,36.36,1,3,3,2,26
404.9130000000002,3.7104000000000026,56.59,2,4,3,2,28
390.88600000000014,3.3203000000000014,56.59,2,4,3,2,27
426.99200000000025,3.065900000000001,42.84,1,5,4,2,30
410.90500000000026,3.8804000000000025,73.06,1,5,3,3,29
384.5640000000003,3.6659000000000024,35.94,1,4,2,1,28
425.2620000000001,4.891300000000003,58.29,2,4,3,3,28
425.2620000000001,4.891300000000003,58.29,2,4,3,3,28
453.25800000000004,4.486100000000002,58.29,2,4,3,3,28
408.8070000000001,4.377000000000002,58.29,2,4,3,3,28
504.1580000000001,5.653800000000002,58.29,2,4,3,3,29
485.3280000000001,5.500200000000003,58.29,2,4,3,4,31
469.713,5.000400000000003,58.29,2,4,3,3,28
404.4700000000001,6.2355000000000045,62.24,2,3,4,4,29
422.4600000000001,6.3746000000000045,62.24,2,3,4,4,30
376.4640000000002,2.8192000000000004,89.96000000000001,3,6,3,3,28
348.41000000000014,1.8948999999999996,89.96000000000001,3,6,3,3,26
373.36300000000006,2.4109,85.09,2,6,4,3,27
337.3830000000001,2.1656999999999993,85.09,2,6,4,3,25
411.8890000000001,4.399000000000004,66.85000000000001,2,6,4,3,29
414.50900000000024,4.618300000000002,85.96,4,4,3,4,31
351.402,3.7333000000000025,66.07000000000001,2,5,3,3,26
395.5320000000002,3.9136000000000024,65.38,1,7,3,3,28
354.33099999999996,5.621300000000003,48.910000000000004,2,2,2,4,26
355.31899999999996,5.016300000000002,61.800000000000004,2,3,2,4,26
431.4710000000003,4.052500000000002,95.95,3,6,4,4,32
395.53200000000015,3.9136000000000024,65.38000000000001,1,7,3,3,28
405.46100000000007,5.071500000000004,83.82000000000001,2,6,5,5,31
427.3860000000003,4.149000000000004,35.5,2,3,2,2,27
293.366,3.3385000000000016,41.489999999999995,2,3,1,2,22
444.55400000000026,5.048300000000005,53.32,2,4,7,4,33
399.5380000000002,4.442700000000004,38.74,2,4,6,3,30
382.9350000000002,4.039900000000004,35.5,2,3,2,2,27
358.42600000000016,4.461900000000003,63.83,1,5,3,5,26
362.8570000000001,2.607500000000001,56.17,2,5,6,2,25
386.45500000000015,4.520700000000002,72.2,2,5,4,4,29
348.49000000000007,3.3865000000000016,35.5,2,3,2,2,26
481.55800000000033,6.202500000000007,32.7,1,3,7,3,35
487.4930000000003,5.397700000000006,41.93,1,4,7,3,35
505.4830000000003,5.536800000000004,41.93,1,4,7,3,36
468.51900000000023,5.434200000000005,44.730000000000004,2,4,7,3,34
487.4930000000003,5.397700000000005,41.93,1,4,7,3,35
469.50300000000027,5.258600000000006,41.93,1,4,7,3,34
487.4930000000003,5.397700000000005,41.93,1,4,7,3,35
503.56100000000026,6.111000000000006,32.7,1,4,7,3,35
485.5710000000003,5.971900000000006,32.7,1,4,7,3,34
255.302,4.417300000000002,57.84,1,5,2,3,18
322.452,3.6780000000000026,26.71,1,3,5,2,24
309.409,3.9666000000000032,32.7,1,3,4,2,23
348.4900000000001,3.3865000000000025,35.5,2,3,2,2,26
282.38700000000006,2.581200000000001,35.5,2,3,4,2,21
296.37,2.8310000000000004,54.38000000000001,2,4,3,2,22
312.31600000000003,3.657300000000002,46.010000000000005,1,4,1,2,21
484.3430000000003,4.017500000000003,104.49000000000001,2,8,4,4,33
579.6680000000002,5.8768000000000065,121.01,2,8,6,7,44
169.56699999999998,2.1868,46.260000000000005,1,3,0,2,11
329.42800000000005,4.874200000000003,30.18,1,3,3,4,24
349.48400000000026,5.074000000000003,38.67,1,5,1,4,24
362.5490000000002,4.974000000000003,43.6,1,6,4,3,23
474.4611017780003,4.442400000000004,91.61000000000001,1,6,5,3,34
446.45110177800024,4.525700000000003,74.54,1,6,5,3,32
478.4893053340003,3.888200000000003,94.77000000000001,2,7,7,3,34
477.48320355600026,3.888200000000002,94.77000000000001,2,7,7,3,34
472.9913053340002,5.057000000000003,62.190000000000005,2,5,5,4,32
455.00130533400016,4.917900000000003,62.190000000000005,2,5,5,4,31
424.4793053340002,2.3373999999999997,123.06,3,7,7,3,31
425.4673053340002,1.7324,135.95,3,8,7,3,31
392.4553053340001,1.3317999999999999,130.14999999999998,3,7,6,2,27
508.5323053340002,2.945500000000001,159.96,4,11,8,4,37
344.37930533400004,2.9318000000000017,54.35,1,3,1,2,25
348.342305334,2.8389000000000006,54.35,1,3,0,2,25
451.5243053340003,3.6663200000000016,117.86999999999999,3,8,5,4,33
455.5293053340003,1.3253000000000001,119.15,2,9,7,2,33
363.435305334,3.7790000000000026,83.06,3,5,6,4,27
554.7306106680002,4.696020000000003,134.23000000000002,2,9,7,4,38
492.52030533400017,3.4823200000000023,98.06,1,7,7,3,35
380.4882035560002,3.061300000000002,82.62,1,6,2,2,28
380.4882035560002,3.061300000000002,82.62,1,6,2,2,28
365.422,2.872810000000001,81.16000000000001,0,6,2,3,26
341.382,4.696900000000003,35.95,0,2,4,3,24
359.372,4.836000000000003,35.95,0,2,4,3,25
323.392,4.557800000000004,35.95,0,2,4,3,23
341.382,4.696900000000003,35.95,0,2,4,3,24
430.5770000000002,4.644800000000004,79.56,3,3,3,4,31
373.343,4.838400000000002,35.42,0,3,5,1,23
668.8060000000003,4.271200000000003,137.13,2,10,9,6,50
570.4580000000002,5.605900000000004,78.52000000000001,1,6,9,3,38
584.4850000000002,5.996000000000004,78.52000000000001,1,6,9,3,39
570.4580000000002,5.605900000000004,78.52000000000001,1,6,9,3,38
570.4580000000002,5.605900000000004,78.52000000000001,1,6,9,3,38
331.46400000000017,1.9474999999999993,55.21,1,5,5,1,24
285.39099999999985,3.331500000000002,41.15,1,3,6,2,21
321.3839999999999,3.2548000000000012,66.93,1,5,5,3,24
335.4109999999999,3.6449000000000016,66.93,1,5,5,3,25
339.4350000000001,4.337100000000003,30.93,0,4,6,2,25
279.34299999999996,3.4498000000000015,39.94,0,3,2,3,21
249.317,3.508300000000002,30.71,0,2,3,3,19
282.3429999999999,2.740900000000001,38.5,0,4,1,2,21
264.332,3.198900000000001,46.5,1,2,4,3,20
288.391,2.7182000000000013,34.06,0,4,6,1,21
301.4740000000001,4.989100000000005,12.47,0,2,6,1,22
303.44600000000014,4.183000000000003,21.700000000000003,0,3,6,1,22
289.41900000000004,3.792900000000003,21.700000000000003,0,3,6,1,21
303.44600000000014,3.8354000000000026,21.700000000000003,0,3,6,1,22
502.7960000000004,0.41580000000000644,78.66,6,8,4,1,36
302.4620000000001,3.931700000000003,15.71,0,3,6,1,22
314.4730000000001,3.108200000000002,15.71,0,3,5,1,23
194.30299999999994,1.2505,15.27,1,3,0,1,13
378.4360000000001,2.1618000000000004,84.32000000000001,0,8,6,4,28
302.421,4.832900000000003,27.82,2,1,2,3,23
378.51900000000006,6.749900000000006,19.03,1,1,3,4,29
276.3829999999999,4.3019000000000025,27.82,2,1,2,3,21
276.3829999999999,4.3019000000000025,27.82,2,1,2,3,21
396.5380000000002,6.066400000000004,56.5,3,2,3,4,30
397.5260000000002,5.461400000000004,69.39,3,3,3,4,30
397.5220000000002,6.493400000000005,53.7,2,2,3,4,30
397.5260000000001,4.485700000000002,68.53,4,3,3,4,30
384.4830000000001,4.522600000000002,65.73,3,3,3,4,29
414.57800000000015,5.629300000000004,56.5,3,3,3,4,30
398.51000000000016,4.912700000000003,65.73,3,3,3,4,30
399.49800000000016,4.307700000000002,78.62,3,4,3,4,30
398.51000000000016,4.912700000000003,65.73,3,3,3,4,30
335.41099999999994,2.4061000000000003,62.64,1,6,2,2,25
563.6690000000003,6.171200000000006,100.78,1,7,6,7,43
474.60800000000023,6.579700000000006,65.73,3,3,4,5,36
370.5000000000001,4.803300000000004,54.46,1,3,4,3,28
323.47999999999996,5.388600000000005,12.47,0,2,8,2,24
337.507,5.778700000000006,12.47,0,2,8,2,25
295.4259999999999,4.608400000000004,12.47,0,2,6,2,22
280.3709999999999,3.410400000000001,34.15,1,3,3,2,21
389.4620000000001,5.365900000000004,63.59,1,5,5,5,30
389.4620000000001,5.365900000000004,63.59,1,5,5,5,30
395.4910000000001,5.427400000000004,63.59,1,6,5,5,29
336.438,5.518200000000005,25.78,0,2,5,4,26
391.5000000000001,3.664100000000003,58.290000000000006,0,7,5,4,28
391.5000000000001,3.664100000000003,58.290000000000006,0,7,5,4,28
357.41700000000003,3.3191000000000015,56.07000000000001,0,5,3,4,27
358.40500000000003,2.7141,68.96000000000001,0,6,3,4,27
271.323,4.087500000000002,30.71,0,2,2,4,21
271.323,4.087500000000002,30.71,0,2,2,4,21
308.425,2.8105,24.5,1,3,4,2,23
322.452,3.416800000000001,24.5,1,3,6,2,24
336.47900000000004,3.6644000000000014,24.5,1,3,7,2,25
292.38200000000006,4.148500000000003,37.91,1,2,7,3,22
262.35599999999994,2.994300000000001,24.39,1,2,3,2,20
352.48100000000005,5.8212000000000055,15.6,0,2,3,3,27
346.51800000000003,4.401800000000003,15.27,1,2,3,2,26
276.383,3.641700000000002,27.82,2,1,3,3,21
277.371,3.0367000000000006,40.71,2,2,3,3,21
293.435,4.375100000000003,12.03,1,2,3,3,21
329.487,5.431000000000005,12.03,1,1,9,3,25
330.475,5.047100000000005,15.27,1,2,9,3,25
380.5350000000002,6.257000000000006,19.03,1,1,5,4,29
380.53500000000014,6.257000000000006,19.03,1,1,5,4,29
406.5730000000001,6.788000000000006,19.03,1,1,5,4,31
315.46000000000004,5.040900000000004,12.03,1,1,8,3,24
316.44800000000004,4.657000000000004,15.27,1,2,8,3,24
287.406,4.652000000000004,12.89,0,1,6,3,22
398.5100000000002,4.523000000000004,43.18,0,4,6,4,30
366.50800000000015,6.2145000000000055,19.03,1,1,4,4,28
334.4230000000001,3.054400000000001,45.400000000000006,0,5,5,3,25
334.4230000000001,3.054400000000001,45.400000000000006,0,5,5,3,25
304.393,4.315200000000003,34.15,1,3,7,3,23
345.4860000000001,5.351000000000004,21.259999999999998,1,2,6,3,26
384.46400000000006,5.098800000000004,52.31,0,5,5,5,28
331.48400000000004,4.994400000000004,3.24,0,2,2,3,24
332.4510000000001,3.706000000000002,33.95,0,3,5,3,25
239.32199999999997,1.7556,37.81,1,3,2,2,18
285.3500000000001,4.146600000000002,30.71,0,2,3,4,22
285.3949999999999,2.2241999999999997,45.980000000000004,1,4,6,2,21
299.4219999999999,2.614300000000001,45.980000000000004,1,4,6,2,22
405.5270000000001,3.9795000000000034,56.07,0,6,6,4,29
245.36999999999998,1.9081999999999997,18.509999999999998,1,3,3,1,18
406.61800000000017,4.191200000000004,12.96,0,4,9,2,30
407.60600000000017,3.5862000000000025,25.85,0,5,9,2,30
408.59400000000016,2.981200000000001,38.74,0,6,9,2,30
457.6660000000002,4.739400000000004,25.85,0,5,9,3,34
243.29500000000004,2.6718,66.49000000000001,2,5,3,3,17
283.36,3.1605000000000008,66.49000000000001,2,5,2,3,20
269.33299999999997,2.7703999999999995,66.49000000000001,2,5,2,3,19
289.37800000000004,4.179300000000002,21.259999999999998,1,2,4,3,22
402.4980000000001,4.482900000000004,56.32,0,5,7,4,30
321.42400000000004,3.582300000000002,39.08,1,3,5,3,24
291.34999999999997,4.239600000000003,31.35,0,3,6,3,22
320.48,4.660600000000004,6.48,0,2,5,2,24
348.5340000000001,5.440800000000005,6.48,0,2,5,2,26
216.32799999999995,1.8840999999999999,24.06,2,2,3,1,16
303.40500000000003,4.284500000000003,21.259999999999998,1,2,2,3,23
431.60100000000034,6.518400000000007,21.700000000000003,0,4,7,3,31
320.48,4.660600000000004,6.48,0,2,5,2,24
348.5340000000001,5.440800000000005,6.48,0,2,5,2,26
350.5100000000001,4.230800000000003,32.260000000000005,0,4,5,2,26
377.44800000000015,3.033500000000001,65.3,0,6,5,3,28
356.53500000000025,4.684000000000004,34.15,1,4,6,2,25
398.5720000000003,4.019000000000003,43.379999999999995,1,5,6,2,28
406.48900000000015,5.119600000000005,54.190000000000005,1,5,3,5,31
401.55400000000014,4.4242000000000035,27.740000000000002,1,4,7,3,30
387.52700000000016,4.034100000000003,27.740000000000002,1,4,6,3,29
333.4750000000001,4.217700000000003,12.47,0,2,2,2,25
332.4910000000001,3.680900000000003,15.27,1,2,2,2,25
397.526,5.461400000000004,69.39,3,3,3,4,30
398.514,4.8564000000000025,82.28,3,4,3,4,30
456.6340000000003,5.713500000000005,65.72999999999999,3,3,3,3,34
404.5580000000002,5.2934000000000045,65.72999999999999,3,3,3,3,30
399.49800000000005,4.307700000000002,78.62,3,4,3,4,30
404.53900000000004,4.974200000000003,65.72999999999999,3,4,3,4,29
454.5990000000001,6.127400000000005,65.72999999999999,3,4,3,5,33
405.52700000000004,4.369200000000002,78.62,3,5,3,4,29
323.39599999999996,2.7365000000000004,39.519999999999996,0,4,5,3,24
227.30699999999996,2.718300000000001,21.259999999999998,1,2,3,2,17
227.30699999999996,2.718300000000001,21.259999999999998,1,2,3,2,17
308.385,2.497300000000001,49.75,1,5,1,2,23
227.30699999999996,2.828100000000001,21.259999999999998,1,2,3,2,17
241.33399999999995,3.2182000000000013,21.259999999999998,1,2,3,2,18
415.5220000000001,5.207200000000005,70.84,1,6,4,5,30
415.5220000000001,5.207200000000005,70.84,1,6,4,5,30
338.40700000000004,4.4848000000000035,47.730000000000004,0,5,6,3,25
338.47600000000006,5.117000000000005,25.36,0,4,5,3,24
324.449,5.074500000000004,25.36,0,4,4,3,23
325.376,0.9247999999999994,80.46000000000001,1,7,2,2,24
279.384,2.0993,39.519999999999996,0,4,5,1,20
284.348,2.5555000000000003,79.38000000000001,2,6,2,3,20
500.73100000000045,6.024600000000007,31.840000000000003,0,5,11,3,37
486.7040000000004,5.634500000000006,31.840000000000003,0,5,10,3,36
472.67700000000036,5.244400000000006,31.840000000000003,0,5,9,3,35
422.5580000000002,2.6453000000000007,75.2,2,8,5,3,30
405.5020000000002,2.9861000000000013,81.19000000000001,2,7,5,3,30
406.4900000000002,1.9286999999999992,84.43,2,8,5,3,30
309.377,1.8263999999999994,91.41,3,6,4,3,23
404.5180000000002,2.9399000000000006,75.2,2,7,5,3,30
309.377,1.8263999999999996,91.41000000000001,3,6,4,3,23
327.43600000000004,0.8458999999999994,78.0,3,7,4,2,24
567.7820000000003,4.091600000000003,61.69000000000001,1,7,10,4,42
419.61700000000025,3.6503000000000023,53.080000000000005,2,5,7,2,31
435.61600000000027,2.9829000000000008,53.52000000000001,1,6,8,2,32
449.6430000000003,3.4193000000000007,62.31,2,6,9,2,33
421.5890000000002,2.6391,62.31,2,6,9,2,31
339.46399999999994,4.512000000000004,38.25000000000001,0,5,5,3,24
325.43699999999995,4.469500000000004,38.25000000000001,0,5,4,3,23
355.463,4.348300000000004,47.48000000000001,0,6,6,3,25
397.52600000000024,5.461400000000004,69.39,3,3,3,4,30
399.4980000000002,4.307700000000002,78.62,3,4,3,4,30
322.36800000000005,3.200800000000002,68.19,0,6,3,3,24
322.36800000000005,3.200800000000002,68.19,0,6,3,3,24
337.42600000000004,4.913200000000004,38.67,0,3,5,4,26
280.371,3.125400000000001,34.15,1,3,3,2,21
337.42600000000004,4.913200000000004,38.67,0,3,5,4,26
387.4860000000001,6.066400000000006,38.67,0,3,5,5,30
311.345,1.4749999999999994,76.31,1,7,4,3,23
285.3869999999999,4.201400000000003,25.61,0,3,6,2,21
301.4549999999999,4.669900000000004,12.47,0,3,6,2,21
385.5120000000001,2.9072000000000005,75.30000000000001,2,6,4,2,28
380.52100000000013,3.6030000000000024,58.040000000000006,0,7,3,3,27
286.3749999999999,3.5964000000000027,38.5,0,4,6,2,21
380.5210000000001,3.6030000000000024,58.040000000000006,0,7,3,3,27
